rank,name,country,overall_score,research_qlt_score,industry_score,intl_outlook_score,research_env_score,teaching_score
1,Harvard University,United States,97.5,97.6,97.1,93.7,99.6,96.5
2,Stanford University,United States,96.4,98.6,100.0,86.4,95.3,97.0
3,Massachusetts Institute of Technology,United States,96.2,97.9,100.0,87.9,93.0,99.0
4,University of Oxford,United Kingdom,96.1,92.9,95.7,95.1,99.8,95.7
5,"University of California, Berkeley",United States,95.8,98.8,100.0,86.5,98.5,91.2
6,University of Cambridge,United Kingdom,95.6,91.1,97.4,95.1,99.6,95.5
7,California Institute of Technology,United States,95.5,93.9,100.0,76.8,99.1,97.2
8,Princeton University,United States,94.5,97.4,92.6,88.6,93.6,94.7
9,National University of Singapore,Singapore,93.4,97.0,100.0,92.5,94.7,86.7
10,ETH Zurich,Switzerland,92.6,94.6,81.5,90.8,96.0,90.8
11,Peking University,China,92.3,95.1,87.8,55.7,95.7,97.1
12,Imperial College London,United Kingdom,91.9,88.7,92.0,96.2,92.8,92.8
13,Tsinghua University,China,91.0,89.5,100.0,34.1,97.7,98.2
14,"Nanyang Technological University, Singapore",Singapore,90.8,96.3,100.0,93.7,90.6,82.1
15,Georgia Institute of Technology,United States,90.3,94.8,99.8,78.8,93.7,82.5
16,"University of California, Los Angeles",United States,88.8,96.0,95.8,85.7,88.9,80.5
17,Delft University of Technology,Netherlands,88.7,81.4,99.8,90.0,94.7,86.0
18,Yale University,United States,88.3,91.5,76.6,87.3,86.5,90.6
19,University of Michigan-Ann Arbor,United States,86.6,84.7,88.2,73.6,90.2,87.8
20,Carnegie Mellon University,United States,86.1,98.0,81.2,77.6,86.2,77.8
21,École Polytechnique Fédérale de Lausanne,Switzerland,85.7,85.0,99.1,92.3,83.9,82.7
22,Technical University of Munich,Germany,85.0,79.7,100.0,74.3,93.5,79.9
23,University of Toronto,Canada,83.1,85.6,90.1,88.6,82.1,78.0
24,Cornell University,United States,83.0,90.8,74.3,81.7,80.6,80.5
25,University of Illinois at Urbana-Champaign,United States,82.6,80.2,97.9,60.9,88.7,80.0
26,Shanghai Jiao Tong University,China,82.4,81.0,99.9,47.8,91.0,78.9
27,Zhejiang University,China,82.3,82.0,100.0,49.2,88.5,79.8
28,Columbia University,United States,81.6,89.8,98.6,89.5,74.9,73.6
29,University of Texas at Austin,United States,81.0,92.9,91.0,54.7,80.8,73.6
30,Purdue University West Lafayette,United States,80.7,72.6,95.1,74.0,85.6,81.3
31,The University of Tokyo,Japan,80.5,55.4,100.0,49.7,93.4,94.6
32,Northwestern University,United States,77.7,94.1,76.4,82.3,70.9,67.9
33,The Hong Kong University of Science and Technology,Hong Kong,77.3,95.3,100.0,96.6,68.5,57.2
34,University of Pennsylvania,United States,77.2,87.6,84.0,84.4,73.3,67.2
35,Korea Advanced Institute of Science and Technology (KAIST),South Korea,76.7,78.6,100.0,39.4,80.6,74.0
36,RWTH Aachen University,Germany,76.5,69.8,100.0,60.2,84.9,72.2
=37,Johns Hopkins University,United States,75.9,82.9,86.9,74.3,74.9,67.4
=37,KTH Royal Institute of Technology,Sweden,75.9,78.5,88.5,75.2,75.9,69.9
39,University of Hong Kong,Hong Kong,75.2,93.1,82.6,96.2,62.4,63.0
40,Seoul National University,South Korea,75.1,69.1,100.0,28.9,82.3,78.8
41,The Hong Kong Polytechnic University,Hong Kong,74.5,96.3,90.3,96.3,61.9,55.9
42,"University of California, San Diego",United States,74.3,91.2,100.0,73.7,65.6,59.3
=43,Fudan University,China,74.2,94.9,99.9,42.0,61.5,68.3
=43,Kyoto University,Japan,74.2,53.7,98.4,42.5,84.2,85.6
45,University of Manchester,United Kingdom,74.0,83.5,73.4,95.3,67.9,65.5
46,University of Science and Technology of China,China,73.8,94.3,98.8,36.6,62.6,68.2
47,"University of California, Santa Barbara",United States,73.5,95.4,100.0,83.5,63.0,52.6
48,UCL,United Kingdom,73.3,86.2,68.4,96.5,65.2,64.0
49,University of British Columbia,Canada,73.2,83.6,87.4,92.5,67.1,60.1
50,KU Leuven,Belgium,72.1,79.1,100.0,76.8,71.1,57.0
=51,Tongji University,China,71.8,79.6,96.0,57.5,70.8,62.0
=51,University of Washington,United States,71.8,89.1,80.8,78.1,63.5,59.2
=51,UNSW Sydney,Australia,71.8,92.3,97.5,94.5,57.3,53.4
54,Harbin Institute of Technology,China,71.7,77.7,98.4,26.9,74.7,67.2
55,University of Massachusetts,United States,71.2,88.2,87.8,80.8,54.5,64.4
56,The Chinese University of Hong Kong,Hong Kong,70.8,96.3,84.6,96.4,53.8,52.4
57,Technical University of Denmark,Denmark,70.7,78.7,98.2,86.6,64.0,57.8
58,Nanjing University,China,70.6,95.9,99.9,49.3,57.7,56.5
=59,City University of Hong Kong,Hong Kong,69.9,97.8,100.0,98.9,47.4,49.5
=59,Monash University,Australia,69.9,88.0,99.8,93.1,58.3,49.5
61,The University of Sydney,Australia,69.8,91.7,93.1,94.5,53.5,51.8
62,Tohoku University,Japan,69.7,52.3,100.0,61.9,76.7,72.9
63,Duke University,United States,69.3,80.9,100.0,82.0,54.4,61.0
64,Texas A&M University,United States,68.8,74.0,78.1,66.3,66.9,63.5
=65,Politecnico di Milano,Italy,67.5,73.0,90.5,58.4,62.3,63.3
=65,Tokyo Institute of Technology,Japan,67.5,47.4,99.9,52.6,76.5,72.5
67,Xi’an Jiaotong University,China,67.1,75.6,97.7,27.2,68.6,59.2
68,The University of Queensland,Australia,66.8,89.1,98.6,91.0,52.4,44.3
69,University of Melbourne,Australia,66.6,73.5,98.1,91.7,57.6,53.5
70,Sungkyunkwan University (SKKU),South Korea,66.5,76.8,99.9,55.9,56.1,60.5
71,Karlsruhe Institute of Technology,Germany,66.2,74.1,99.9,67.8,64.0,50.8
72,Pohang University of Science and Technology (POSTECH),South Korea,66.1,85.9,100.0,39.9,55.2,55.3
73,McGill University,Canada,65.8,68.3,91.6,85.0,59.3,57.5
=74,Tianjin University,China,65.7,77.0,99.2,50.6,58.9,56.0
=74,University of Wisconsin-Madison,United States,65.7,75.6,72.3,71.2,58.7,59.7
=76,Penn State (Main campus),United States,65.0,83.5,75.0,63.9,57.1,52.4
=76,University of Edinburgh,United Kingdom,65.0,80.4,74.2,95.4,52.0,52.4
78,University of Waterloo,Canada,64.9,91.4,78.8,85.9,47.4,47.4
79,Paris Sciences et Lettres – PSL Research University Paris,France,64.8,67.1,99.6,76.5,53.9,60.9
80,Yonsei University (Seoul campus),South Korea,64.6,86.7,99.9,34.9,51.3,54.6
81,Eindhoven University of Technology,Netherlands,64.0,73.7,100.0,80.6,55.7,48.4
=82,Aalborg University,Denmark,63.7,91.5,85.8,78.8,47.6,42.7
=82,Huazhong University of Science and Technology,China,63.7,87.1,98.1,28.5,54.5,49.9
84,Virginia Polytechnic Institute and State University,United States,63.4,87.3,90.2,67.8,50.7,44.2
=85,Technical University of Berlin,Germany,63.2,78.4,97.2,64.9,55.8,45.7
=85,"University of California, Davis",United States,63.2,73.1,76.4,79.1,56.4,52.6
87,"University of California, Irvine",United States,62.8,92.6,96.3,84.9,44.3,37.2
88,University of Alberta,Canada,62.5,74.9,98.9,90.4,49.6,45.9
89,Rice University,United States,62.3,90.4,74.8,87.2,41.1,46.5
90,Brown University,United States,61.6,84.1,71.5,74.5,40.0,55.8
91,Wuhan University,China,61.4,91.7,97.4,32.6,41.0,50.1
92,Southeast University,China,61.2,76.7,98.5,39.1,59.7,42.7
93,Beihang University,China,61.1,70.3,98.0,32.5,62.2,48.1
94,Chalmers University of Technology,Sweden,61.0,80.4,87.3,70.0,47.2,46.3
95,National Taiwan University (NTU),Taiwan,60.9,64.8,100.0,46.6,59.9,50.8
=96,Institut Polytechnique de Paris,France,60.7,56.5,86.0,90.7,53.6,56.9
=96,University of Birmingham,United Kingdom,60.7,78.4,95.7,95.5,43.2,42.0
=96,University of Sheffield,United Kingdom,60.7,71.7,99.2,90.5,49.5,42.7
99,Indian Institute of Science,India,60.5,54.6,94.8,29.5,63.8,61.4
99,New York University,United States,60.3,90.0,72.9,87.9,44.0,36.9
=100,King Fahd University of Petroleum and Minerals,Saudi Arabia,60.2,91.0,88.6,88.0,39.0,36.5
=100,Korea University,South Korea,60.2,81.7,100.0,53.9,45.7,44.6
=100,University of Bristol,United Kingdom,60.2,70.4,89.0,90.3,51.7,42.6
101–125,Aalto University,Finland,57.6–60.1,79.7,87.2,76.1,39.0,43.9
101–125,Australian National University,Australia,57.6–60.1,78.0,74.8,95.7,43.4,42.8
101–125,Beijing Institute of Technology,China,57.6–60.1,80.4,96.9,30.0,46.6,43.8
101–125,Ghent University,Belgium,57.6–60.1,71.6,98.7,55.4,48.3,42.9
101–125,North Carolina State University,United States,57.6–60.1,78.7,89.6,68.2,42.6,40.9
101–125,Northwestern Polytechnical University,China,57.6–60.1,80.8,94.4,44.2,48.9,36.9
101–125,Norwegian University of Science and Technology,Norway,57.6–60.1,76.7,77.6,65.2,48.1,48.6
101–125,Ohio State University (Main campus),United States,57.6–60.1,79.5,99.9,68.3,45.9,39.5
101–125,The University of Osaka,Japan,57.6–60.1,42.7,99.9,41.7,64.2,61.9
101–125,Sichuan University,China,57.6–60.1,83.9,99.2,36.4,47.1,39.8
101–125,TU Dresden,Germany,57.6–60.1,69.6,97.0,63.3,48.7,44.3
101–125,University of Adelaide,Australia,57.6–60.1,96.3,73.5,94.4,36.2,28.2
101–125,University of Auckland,New Zealand,57.6–60.1,81.4,87.8,86.0,40.6,37.2
101–125,"University of Maryland, College Park",United States,57.6–60.1,88.8,78.3,50.1,45.4,42.6
101–125,University of Minnesota,United States,57.6–60.1,68.4,99.6,57.0,51.8,49.1
101–125,University of Nottingham,United Kingdom,57.6–60.1,77.9,77.0,93.6,46.7,42.5
101–125,University of Southampton,United Kingdom,57.6–60.1,70.9,75.9,93.8,50.4,43.7
101–125,University of Southern California,United States,57.6–60.1,79.3,70.6,73.8,48.1,45.8
101–125,University of Stuttgart,Germany,57.6–60.1,64.9,99.5,56.5,54.0,46.6
101–125,University of Technology Sydney,Australia,57.6–60.1,97.0,78.1,93.4,34.4,30.1
101–125,University of Wollongong,Australia,57.6–60.1,95.5,95.6,98.0,31.7,29.3
101–125,Wageningen University & Research,Netherlands,57.6–60.1,84.2,95.4,83.8,38.6,38.0
126–150,Boston University,United States,54.5–57.4,73.6,76.2,74.0,37.3,42.2
126–150,Curtin University,Australia,54.5–57.4,91.6,85.9,95.5,30.2,28.1
126–150,Deakin University,Australia,54.5–57.4,91.7,93.4,95.3,33.2,26.8
126–150,Khalifa University,United Arab Emirates,54.5–57.4,90.6,89.0,90.3,32.1,25.2
126–150,King Khalid University,Saudi Arabia,54.5–57.4,91.1,57.6,95.0,36.6,31.6
126–150,King’s College London,United Kingdom,54.5–57.4,84.9,67.1,97.3,35.4,39.2
126–150,Kyushu University,Japan,54.5–57.4,57.2,98.9,53.4,50.1,54.3
126–150,Lomonosov Moscow State University,Russian Federation,54.5–57.4,34.3,96.6,51.0,56.2,61.5
126–150,Qatar University,Qatar,54.5–57.4,94.5,85.7,95.2,31.0,22.7
126–150,Queen Mary University of London,United Kingdom,54.5–57.4,95.6,71.6,98.6,29.9,30.0
126–150,RMIT University,Australia,54.5–57.4,87.4,85.5,94.0,34.6,31.7
126–150,Southern University of Science and Technology (SUSTech),China,54.5–57.4,95.8,81.4,64.5,32.9,27.7
126–150,Technical University of Darmstadt,Germany,54.5–57.4,68.3,99.5,61.7,45.9,37.5
126–150,The University of Tennessee-Knoxville,United States,54.5–57.4,95.0,87.0,63.3,31.6,26.9
126–150,TU Wien,Austria,54.5–57.4,57.8,97.7,75.2,48.2,40.2
126–150,Ulsan National Institute of Science and Technology (UNIST),South Korea,54.5–57.4,89.3,97.5,33.2,34.5,34.5
126–150,Université Paris-Saclay,France,54.5–57.4,59.1,76.7,76.6,47.1,55.2
126–150,University of Colorado Boulder,United States,54.5–57.4,73.2,80.9,59.6,47.4,44.1
126–150,University of Erlangen-Nuremberg,Germany,54.5–57.4,77.0,100.0,66.7,42.1,32.2
126–150,University of Groningen,Netherlands,54.5–57.4,74.5,99.9,93.3,39.7,31.8
126–150,University of Leeds,United Kingdom,54.5–57.4,73.4,70.0,95.1,44.1,41.3
126–150,University of Macau,Macao,54.5–57.4,94.8,90.9,95.6,28.5,27.6
126–150,University of North Carolina at Chapel Hill,United States,54.5–57.4,91.1,73.7,62.3,34.0,35.0
126–150,University of Surrey,United Kingdom,54.5–57.4,89.7,84.3,97.0,30.2,29.5
126–150,University of Twente,Netherlands,54.5–57.4,65.7,91.8,89.7,41.2,37.6
151–175,Arizona State University (Tempe),United States,52.2–54.4,77.6,77.8,76.1,31.5,35.6
151–175,Bauman Moscow State Technical University,Russian Federation,52.2–54.4,28.8,52.8,57.0,54.9,75.7
151–175,Chongqing University,China,52.2–54.4,83.7,91.8,45.7,34.9,31.9
151–175,East China Normal University,China,52.2–54.4,92.2,99.6,34.1,29.6,29.5
151–175,Hanyang University,South Korea,52.2–54.4,73.9,100.0,59.5,37.4,36.1
151–175,Hunan University,China,52.2–54.4,96.7,95.5,30.9,29.4,27.7
151–175,King Abdulaziz University,Saudi Arabia,52.2–54.4,96.9,73.5,80.3,27.4,25.4
151–175,King Saud University,Saudi Arabia,52.2–54.4,85.6,90.3,84.6,31.8,23.0
151–175,Linköping University,Sweden,52.2–54.4,93.9,86.7,71.8,32.7,23.9
151–175,Lund University,Sweden,52.2–54.4,61.7,91.0,69.1,38.9,42.6
151–175,Michigan State University,United States,52.2–54.4,78.0,73.7,73.7,36.3,35.8
151–175,Nankai University,China,52.2–54.4,97.1,86.8,41.8,27.2,33.4
151–175,National Tsing Hua University,Taiwan,52.2–54.4,74.3,100.0,35.8,42.8,32.0
151–175,Prince Mohammad Bin Fahd University,Saudi Arabia,52.2–54.4,85.1,35.7,91.1,32.9,37.7
151–175,Queensland University of Technology,Australia,52.2–54.4,91.0,79.5,79.8,29.2,22.8
151–175,Sharif University of Technology,Iran,52.2–54.4,75.4,90.1,30.4,34.8,44.9
151–175,Sorbonne University,France,52.2–54.4,61.7,86.4,87.2,38.4,38.2
151–175,South China University of Technology,China,52.2–54.4,90.2,98.8,36.8,31.2,32.0
151–175,The University of Western Australia,Australia,52.2–54.4,74.6,92.3,96.5,38.2,29.0
151–175,"University of California, Riverside",United States,52.2–54.4,91.4,75.1,81.0,27.6,26.8
151–175,University of Electronic Science and Technology of China,China,52.2–54.4,83.7,97.0,31.7,38.7,33.6
151–175,University of Liverpool,United Kingdom,52.2–54.4,85.9,73.0,97.6,30.7,29.8
151–175,University of Malaya,Malaysia,52.2–54.4,73.4,67.6,87.9,34.2,36.6
151–175,University of Notre Dame,United States,52.2–54.4,74.9,84.3,70.3,31.0,37.7
151–175,University of Warwick,United Kingdom,52.2–54.4,79.2,82.6,94.9,31.8,31.2
176–200,Aarhus University,Denmark,50.0–52.1,76.7,97.1,78.6,29.6,28.0
176–200,Kyung Hee University,South Korea,50.0–52.1,83.0,93.8,61.5,27.4,26.7
176–200,Lancaster University,United Kingdom,50.0–52.1,79.2,71.6,93.5,28.6,28.6
176–200,Macquarie University,Australia,50.0–52.1,88.0,90.2,92.9,25.4,19.1
176–200,McMaster University,Canada,50.0–52.1,68.2,92.0,84.9,35.5,32.2
176–200,Nagoya University,Japan,50.0–52.1,43.7,99.2,34.9,53.6,48.1
176–200,"Northeastern University, US",United States,50.0–52.1,85.6,68.5,84.1,26.3,28.2
176–200,Polytechnic University of Turin,Italy,50.0–52.1,79.8,76.0,49.1,36.4,35.0
176–200,Queen’s University Belfast,United Kingdom,50.0–52.1,85.5,76.1,98.3,28.2,23.3
176–200,Sapienza University of Rome,Italy,50.0–52.1,66.1,95.5,44.1,34.7,40.4
176–200,Sejong University,South Korea,50.0–52.1,94.6,88.1,50.4,29.2,19.4
176–200,Swinburne University of Technology,Australia,50.0–52.1,93.3,74.2,71.8,27.7,21.8
176–200,Université de Montréal,Canada,50.0–52.1,61.0,93.7,85.5,33.4,34.5
176–200,Universiti Teknologi Petronas,Malaysia,50.0–52.1,84.3,76.0,72.7,30.8,28.4
176–200,University College Dublin,Ireland,50.0–52.1,84.1,70.4,85.6,30.6,26.6
176–200,University of Arizona,United States,50.0–52.1,65.8,76.2,64.7,44.1,35.5
176–200,University of Calgary,Canada,50.0–52.1,73.3,75.3,89.2,32.6,30.9
176–200,University of Delaware,United States,50.0–52.1,72.2,99.0,70.7,33.0,32.6
176–200,University of Florida,United States,50.0–52.1,70.0,80.2,54.4,39.2,39.0
176–200,University of Freiburg,Germany,50.0–52.1,67.6,100.0,66.0,34.1,30.5
176–200,University of Glasgow,United Kingdom,50.0–52.1,73.3,68.6,96.2,34.3,32.8
176–200,University of Luxembourg,Luxembourg,50.0–52.1,91.6,68.8,89.4,28.0,22.1
176–200,University of Oulu,Finland,50.0–52.1,84.0,73.4,62.3,31.9,29.2
176–200,University of Strathclyde,United Kingdom,50.0–52.1,66.2,80.4,90.6,33.4,32.6
176–200,Vanderbilt University,United States,50.0–52.1,74.1,68.5,67.2,30.3,40.4
176–200,Western University,Canada,50.0–52.1,77.5,99.3,88.1,29.9,22.9
201–250,Al Ain University,United Arab Emirates,46.7–49.9,69.0,18.4,98.7,34.2,35.1
201–250,Beijing University of Chemical Technology,China,46.7–49.9,92.3,93.9,24.4,23.5,23.0
201–250,Brunel University of London,United Kingdom,46.7–49.9,84.6,54.3,97.2,20.5,21.0
201–250,Cardiff University,United Kingdom,46.7–49.9,77.1,70.3,94.1,29.2,24.6
201–250,Case Western Reserve University,United States,46.7–49.9,74.4,73.6,71.5,28.8,29.5
201–250,Colorado School of Mines,United States,46.7–49.9,64.8,78.1,38.2,39.5,38.0
201–250,Daegu Gyeongbuk Institute of Science and Technology (DGIST),South Korea,46.7–49.9,77.8,91.9,30.6,29.9,31.9
201–250,Dalian University of Technology,China,46.7–49.9,73.5,95.7,33.7,34.1,30.0
201–250,Dartmouth College,United States,46.7–49.9,71.9,79.5,65.7,25.1,39.6
201–250,Drexel University,United States,46.7–49.9,90.0,71.9,75.5,19.9,25.4
201–250,Durham University,United Kingdom,46.7–49.9,75.9,68.4,93.5,25.0,26.2
201–250,Edith Cowan University,Australia,46.7–49.9,96.5,51.1,98.0,18.9,17.4
201–250,George Washington University,United States,46.7–49.9,77.6,64.3,72.6,21.9,32.9
201–250,Griffith University,Australia,46.7–49.9,86.2,66.8,89.0,21.5,21.0
201–250,Heriot-Watt University,United Kingdom,46.7–49.9,61.2,89.0,94.1,31.9,29.3
201–250,Hokkaido University,Japan,46.7–49.9,47.1,92.5,37.5,46.6,42.4
201–250,IMT Atlantique,France,46.7–49.9,64.0,92.4,77.9,28.4,30.6
201–250,Koç University,Turkey,46.7–49.9,85.0,90.8,50.3,29.6,22.3
201–250,Lebanese American University,Lebanon,46.7–49.9,89.7,31.8,75.8,24.6,27.6
201–250,Leibniz University Hannover,Germany,46.7–49.9,65.7,97.7,58.8,36.7,28.7
201–250,Loughborough University,United Kingdom,46.7–49.9,70.5,70.0,83.6,24.3,31.3
201–250,Memorial University of Newfoundland,Canada,46.7–49.9,81.0,82.7,91.1,27.6,21.4
201–250,National Yang Ming Chiao Tung University (NYCU Taiwan),Taiwan,46.7–49.9,56.5,100.0,41.0,37.3,36.4
201–250,Newcastle University,United Kingdom,46.7–49.9,69.6,85.2,91.8,31.8,27.9
201–250,"Soochow University, China",China,46.7–49.9,95.6,98.7,27.9,26.8,19.0
201–250,Stony Brook University,United States,46.7–49.9,77.1,67.9,81.7,25.2,25.7
201–250,Sun Yat-sen University,China,46.7–49.9,90.2,89.0,30.0,23.7,24.5
201–250,Trinity College Dublin,Ireland,46.7–49.9,74.3,66.5,87.8,29.1,25.9
201–250,Ulm University,Germany,46.7–49.9,77.2,95.2,60.9,29.8,25.2
201–250,Université Grenoble Alpes,France,46.7–49.9,59.6,71.6,68.2,34.7,38.8
201–250,Universiti Kebangsaan Malaysia,Malaysia,46.7–49.9,74.1,47.1,87.3,22.1,34.4
201–250,University at Buffalo,United States,46.7–49.9,78.9,78.9,83.3,28.3,26.0
201–250,University of Bath,United Kingdom,46.7–49.9,71.6,69.4,89.9,30.0,26.1
201–250,"University of California, Santa Cruz",United States,46.7–49.9,81.3,73.5,77.5,24.0,21.2
201–250,University of Central Florida,United States,46.7–49.9,65.8,95.3,46.7,35.2,31.3
201–250,University of Exeter,United Kingdom,46.7–49.9,82.9,60.9,96.8,25.6,26.1
201–250,University of Houston,United States,46.7–49.9,79.2,73.8,91.8,22.5,22.9
201–250,University of Illinois Chicago,United States,46.7–49.9,76.4,74.0,66.3,28.8,27.2
201–250,University of Nebraska-Lincoln,United States,46.7–49.9,79.9,69.3,75.3,22.1,25.5
201–250,University of Newcastle,Australia,46.7–49.9,71.6,87.2,86.4,25.8,23.5
201–250,University of Padua,Italy,46.7–49.9,70.3,97.3,43.4,34.8,31.6
201–250,University of Saskatchewan,Canada,46.7–49.9,80.7,80.6,81.8,22.1,23.4
201–250,University of Sharjah,United Arab Emirates,46.7–49.9,96.7,39.9,97.0,20.2,15.1
201–250,University of South Florida,United States,46.7–49.9,72.4,89.6,86.1,27.6,22.2
201–250,University of Sussex,United Kingdom,46.7–49.9,88.7,61.8,97.6,20.0,22.3
201–250,University of Tehran,Iran,46.7–49.9,83.0,64.5,33.2,34.2,33.9
201–250,University of Virginia (Main campus),United States,46.7–49.9,69.7,79.7,63.3,31.5,33.9
201–250,Uppsala University,Sweden,46.7–49.9,74.6,78.0,74.5,30.7,28.8
201–250,Vrije Universiteit Brussel,Belgium,46.7–49.9,68.0,92.1,73.4,28.1,25.9
201–250,Washington University in St Louis,United States,46.7–49.9,70.8,68.1,77.3,30.9,36.5
201–250,Xiamen University,China,46.7–49.9,90.2,84.7,34.5,24.9,25.0
251–300,Anna University,India,44.7–46.6,81.1,56.2,21.9,27.6,32.5
251–300,Charles Darwin University,Australia,44.7–46.6,88.2,28.8,94.4,20.0,21.5
251–300,Chung-Ang University,South Korea,44.7–46.6,65.5,95.8,41.6,31.0,25.8
251–300,Concordia University,Canada,44.7–46.6,76.8,70.2,86.4,25.1,21.6
251–300,Donghua University,China,44.7–46.6,85.6,81.1,35.8,17.6,25.7
251–300,Florida International University,United States,44.7–46.6,83.4,62.3,61.5,22.8,20.3
251–300,Florida State University,United States,44.7–46.6,71.1,73.3,73.3,31.2,20.0
251–300,Illinois Institute of Technology,United States,44.7–46.6,76.1,67.3,75.4,25.2,24.4
251–300,Imam Abdulrahman Bin Faisal University,Saudi Arabia,44.7–46.6,84.2,23.8,85.6,20.4,28.1
251–300,Iowa State University,United States,44.7–46.6,68.8,87.4,46.2,26.9,30.4
251–300,Iran University of Science and Technology,Iran,44.7–46.6,78.7,83.8,27.9,29.3,24.4
251–300,Jinan University (China),China,44.7–46.6,91.4,70.4,48.3,19.5,17.2
251–300,Jouf University,Saudi Arabia,44.7–46.6,84.9,27.0,89.8,23.6,22.7
251–300,LUT University,Finland,44.7–46.6,80.3,70.1,59.9,22.4,23.2
251–300,Middle East Technical University,Turkey,44.7–46.6,45.5,88.7,42.8,39.5,42.8
251–300,Murdoch University,Australia,44.7–46.6,74.0,63.6,92.8,21.8,26.3
251–300,Northumbria University,United Kingdom,44.7–46.6,94.4,44.7,98.4,19.0,14.9
251–300,Prince Sultan University (PSU),Saudi Arabia,44.7–46.6,92.7,31.2,93.2,19.1,15.3
251–300,Qassim University,Saudi Arabia,44.7–46.6,64.5,28.4,87.8,31.0,37.2
251–300,Sant’Anna School of Advanced Studies – Pisa,Italy,44.7–46.6,63.5,88.1,57.6,26.2,33.2
251–300,Shenzhen University,China,44.7–46.6,94.4,58.1,38.7,24.4,21.1
251–300,Sunway University,Malaysia,44.7–46.6,91.6,31.6,89.1,19.4,17.0
251–300,SUNY Binghamton University,United States,44.7–46.6,71.8,74.9,50.1,27.2,28.6
251–300,Technion Israel Institute of Technology,Israel,44.7–46.6,55.4,72.2,68.9,39.5,31.2
251–300,United Arab Emirates University,United Arab Emirates,44.7–46.6,81.5,70.5,90.0,23.6,17.7
251–300,Université Catholique de Louvain,Belgium,44.7–46.6,59.7,92.6,72.5,31.0,29.8
251–300,Université du Québec,Canada,44.7–46.6,66.1,83.0,84.6,25.9,24.2
251–300,Universiti Teknologi Malaysia,Malaysia,44.7–46.6,66.0,58.2,68.5,25.4,34.2
251–300,University of Aberdeen,United Kingdom,44.7–46.6,66.6,74.2,97.1,22.5,26.0
251–300,University of Bayreuth,Germany,44.7–46.6,61.7,98.8,43.6,30.1,30.6
251–300,University of Bologna,Italy,44.7–46.6,68.3,79.5,48.2,29.3,33.4
251–300,University of Galway,Ireland,44.7–46.6,74.2,84.6,64.1,24.2,21.9
251–300,University of Kentucky,United States,44.7–46.6,73.7,78.1,59.3,25.4,24.3
251–300,University of Leicester,United Kingdom,44.7–46.6,82.9,62.7,98.3,21.3,18.2
251–300,University of New Brunswick UNB,Canada,44.7–46.6,90.2,68.2,88.9,18.1,13.8
251–300,University of Pittsburgh-Pittsburgh campus,United States,44.7–46.6,71.9,70.9,53.7,27.9,29.3
251–300,University of Rochester,United States,44.7–46.6,51.8,93.9,80.8,28.7,30.5
251–300,University of São Paulo,Brazil,44.7–46.6,45.8,77.3,39.2,43.5,42.4
251–300,University of South Australia,Australia,44.7–46.6,77.1,90.0,89.7,20.6,18.8
251–300,University of Southern Queensland,Australia,44.7–46.6,94.1,44.4,89.0,18.9,16.3
251–300,University of Texas at Arlington,United States,44.7–46.6,80.9,74.9,70.4,22.4,21.5
251–300,University of Texas at Dallas,United States,44.7–46.6,85.7,75.2,61.4,19.7,22.6
251–300,University of Utah,United States,44.7–46.6,63.1,77.6,46.4,33.2,29.0
251–300,University of Victoria,Canada,44.7–46.6,79.3,61.8,89.6,22.7,20.6
251–300,University of York,United Kingdom,44.7–46.6,69.0,65.7,94.1,23.8,25.3
251–300,Waseda University,Japan,44.7–46.6,51.6,74.0,52.5,34.3,39.4
251–300,Washington State University,United States,44.7–46.6,73.2,75.3,74.4,27.0,24.9
251–300,Xidian University,China,44.7–46.6,69.8,90.9,25.5,31.6,27.7
251–300,Yangzhou University,China,44.7–46.6,88.4,83.3,39.1,21.2,19.5
301–400,Abu Dhabi University,United Arab Emirates,41.3–44.6,53.0,20.2,96.5,33.0,39.2
301–400,Ajman University,United Arab Emirates,41.3–44.6,81.2,21.3,99.0,20.1,19.5
301–400,American University of the Middle East,Kuwait,41.3–44.6,70.6,20.4,83.6,23.7,33.6
301–400,Amirkabir University of Technology,Iran,41.3–44.6,69.6,72.9,41.8,28.1,29.7
301–400,Aston University,United Kingdom,41.3–44.6,80.2,59.1,93.3,20.5,15.9
301–400,Auburn University,United States,41.3–44.6,74.0,70.9,59.9,22.2,21.6
301–400,Autonomous University of Madrid,Spain,41.3–44.6,66.3,87.0,57.1,22.6,19.2
301–400,Carleton University,Canada,41.3–44.6,73.1,70.4,77.5,19.9,16.2
301–400,Centrale Nantes,France,41.3–44.6,57.6,76.3,81.4,25.0,28.6
301–400,"China University of Petroleum, Beijing",China,41.3–44.6,68.7,93.1,30.3,30.3,21.6
301–400,Chulalongkorn University,Thailand,41.3–44.6,59.9,85.1,42.5,29.6,32.9
301–400,"City, University of London",United Kingdom,41.3–44.6,70.1,60.0,96.0,22.0,21.0
301–400,Dublin City University,Ireland,41.3–44.6,72.2,75.0,74.2,24.0,16.4
301–400,Duy Tan University,Vietnam,41.3–44.6,94.3,26.3,54.6,16.5,17.6
301–400,East China University of Science and Technology,China,41.3–44.6,69.9,95.6,24.2,24.4,29.0
301–400,Edinburgh Napier University,United Kingdom,41.3–44.6,85.1,30.5,97.2,15.1,13.5
301–400,Flinders University,Australia,41.3–44.6,67.5,61.7,93.0,22.0,16.9
301–400,Free University of Bozen-Bolzano,Italy,41.3–44.6,86.5,26.4,67.1,17.2,26.0
301–400,Fuzhou University,China,41.3–44.6,84.0,77.8,33.3,17.2,18.7
301–400,George Mason University,United States,41.3–44.6,83.7,57.4,63.7,20.8,13.6
301–400,Graz University of Technology,Austria,41.3–44.6,52.0,85.8,70.7,22.2,32.5
301–400,Gwangju Institute of Science and Technology (GIST),South Korea,41.3–44.6,55.9,90.8,39.3,29.9,32.5
301–400,Imam Mohammad Ibn Saud Islamic University,Saudi Arabia,41.3–44.6,66.9,21.7,68.7,25.7,36.9
301–400,Indiana University,United States,41.3–44.6,67.1,96.7,77.9,21.4,19.5
301–400,Istanbul Technical University,Turkey,41.3–44.6,45.5,86.2,40.6,35.0,32.8
301–400,Jiangnan University,China,41.3–44.6,70.3,90.6,24.5,23.7,24.6
301–400,Jiangsu University,China,41.3–44.6,85.0,76.2,46.6,18.9,21.8
301–400,Johannes Kepler University of Linz,Austria,41.3–44.6,60.3,98.4,59.1,28.6,26.0
301–400,King Faisal University,Saudi Arabia,41.3–44.6,88.5,38.3,78.7,18.9,14.7
301–400,Kyungpook National University (KNU),South Korea,41.3–44.6,55.7,97.8,46.5,29.6,23.1
301–400,Lovely Professional University,India,41.3–44.6,94.7,20.7,58.9,17.8,18.9
301–400,Manchester Metropolitan University,United Kingdom,41.3–44.6,86.3,45.6,95.5,16.0,15.6
301–400,Missouri University of Science and Technology,United States,41.3–44.6,72.1,85.8,65.6,23.9,19.9
301–400,Mizzou - University of Missouri,United States,41.3–44.6,66.6,69.6,67.1,21.9,21.8
301–400,Mohammed VI Polytechnic University,Morocco,41.3–44.6,73.1,54.8,60.0,26.0,24.3
301–400,Nanjing Normal University,China,41.3–44.6,86.8,79.3,23.3,17.1,16.3
301–400,Nanjing Tech University,China,41.3–44.6,79.4,77.2,35.1,16.6,21.3
301–400,Nanjing University of Aeronautics and Astronautics,China,41.3–44.6,55.8,84.0,23.0,31.8,33.6
301–400,National Cheng Kung University (NCKU),Taiwan,41.3–44.6,46.7,99.3,36.8,35.0,31.1
301–400,National Taiwan University of Science and Technology (Taiwan Tech),Taiwan,41.3–44.6,63.2,85.4,50.0,28.8,26.0
301–400,Near East University,Northern Cyprus,41.3–44.6,81.5,53.6,92.8,20.2,14.9
301–400,New Jersey Institute of Technology,United States,41.3–44.6,72.9,63.1,88.4,17.4,18.1
301–400,"Northeastern University, China",China,41.3–44.6,65.0,86.8,34.6,27.8,25.8
301–400,Paderborn University,Germany,41.3–44.6,59.5,92.5,56.1,28.6,21.9
301–400,Peter the Great St Petersburg Polytechnic University,Russian Federation,41.3–44.6,54.1,63.4,63.2,28.3,38.3
301–400,Pompeu Fabra University,Spain,41.3–44.6,73.7,67.1,83.6,20.6,23.5
301–400,Prince Sattam Bin Abdulaziz University,Saudi Arabia,41.3–44.6,91.1,27.7,77.1,19.8,20.6
301–400,Pusan National University,South Korea,41.3–44.6,51.8,98.9,34.1,31.9,27.1
301–400,Qingdao University,China,41.3–44.6,96.9,69.9,25.6,16.6,14.2
301–400,Rensselaer Polytechnic Institute,United States,41.3–44.6,58.4,82.1,71.9,26.1,29.8
301–400,Ruhr University Bochum,Germany,41.3–44.6,64.4,66.7,59.6,25.4,27.4
301–400,Rutgers University–New Brunswick,United States,41.3–44.6,72.5,70.3,66.0,26.2,22.5
301–400,Sabancı University,Turkey,41.3–44.6,71.4,77.5,56.3,25.2,23.7
301–400,Shanghai University,China,41.3–44.6,71.4,91.9,31.9,30.4,22.4
301–400,Simon Fraser University,Canada,41.3–44.6,72.7,83.9,89.1,20.4,18.8
301–400,South China Normal University,China,41.3–44.6,87.8,73.1,36.1,20.8,14.3
301–400,Stevens Institute of Technology,United States,41.3–44.6,77.3,62.4,71.6,19.3,19.2
301–400,Swansea University,United Kingdom,41.3–44.6,73.0,59.3,90.1,22.0,23.7
301–400,Taif University,Saudi Arabia,41.3–44.6,91.8,26.9,79.3,19.1,12.3
301–400,Tampere University,Finland,41.3–44.6,66.3,90.0,52.5,26.2,22.4
301–400,Temple University,United States,41.3–44.6,86.4,64.7,58.1,15.9,19.1
301–400,The University of Texas at San Antonio,United States,41.3–44.6,80.4,56.6,48.9,21.9,18.7
301–400,The University of Tulsa,United States,41.3–44.6,79.5,61.1,62.4,14.6,24.3
301–400,Ton Duc Thang University,Vietnam,41.3–44.6,96.3,33.1,63.9,18.0,12.3
301–400,TU Braunschweig,Germany,41.3–44.6,57.0,79.9,57.5,25.4,30.8
301–400,TU Dortmund University,Germany,41.3–44.6,56.9,81.0,52.4,35.2,26.1
301–400,Tufts University,United States,41.3–44.6,70.4,76.7,61.6,21.8,25.1
301–400,Umm Al-Qura University,Saudi Arabia,41.3–44.6,88.3,27.6,76.5,16.8,17.9
301–400,Universitat Autònoma de Barcelona (UAB),Spain,41.3–44.6,66.1,79.1,69.1,25.3,23.2
301–400,Université Laval,Canada,41.3–44.6,49.7,97.2,81.8,29.6,24.9
301–400,Universiti Brunei Darussalam,Brunei Darussalam,41.3–44.6,75.9,33.3,80.1,25.5,19.6
301–400,Universiti Putra Malaysia,Malaysia,41.3–44.6,67.6,54.3,69.1,23.3,28.4
301–400,Universiti Sains Malaysia,Malaysia,41.3–44.6,70.0,61.3,59.3,23.7,30.4
301–400,University of Antwerp,Belgium,41.3–44.6,71.1,74.7,64.0,30.3,19.6
301–400,University of Barcelona,Spain,41.3–44.6,58.7,67.8,61.9,29.8,29.9
301–400,University of Bradford,United Kingdom,41.3–44.6,76.6,58.2,95.0,18.1,16.6
301–400,University of Connecticut,United States,41.3–44.6,63.6,74.3,70.4,23.9,21.0
301–400,University of Duisburg-Essen,Germany,41.3–44.6,60.3,87.0,64.3,29.4,24.9
301–400,University of Guelph,Canada,41.3–44.6,73.1,67.7,65.4,21.2,20.0
301–400,University of Johannesburg,South Africa,41.3–44.6,67.7,62.2,84.4,23.5,19.7
301–400,University of L’Aquila,Italy,41.3–44.6,75.6,85.9,43.1,28.5,17.2
301–400,University of Liège,Belgium,41.3–44.6,52.7,97.9,74.9,33.5,23.4
301–400,University of Lisbon,Portugal,41.3–44.6,64.9,70.2,52.9,26.6,25.6
301–400,University of Naples Federico II,Italy,41.3–44.6,80.9,72.2,31.2,24.1,23.9
301–400,University of Ottawa,Canada,41.3–44.6,59.2,67.5,88.6,28.2,25.6
301–400,University of Pavia,Italy,41.3–44.6,62.9,91.9,54.8,25.2,21.5
301–400,University of Plymouth,United Kingdom,41.3–44.6,80.9,50.4,82.1,22.0,13.8
301–400,University of Porto,Portugal,41.3–44.6,61.4,63.2,48.7,30.7,30.6
301–400,University of Rome II – Tor Vergata,Italy,41.3–44.6,68.6,67.9,51.6,18.1,28.7
301–400,University of Salerno,Italy,41.3–44.6,78.9,63.0,38.1,20.4,20.8
301–400,University of Siegen,Germany,41.3–44.6,72.7,63.2,69.8,23.8,22.3
301–400,University of South Carolina-Columbia,United States,41.3–44.6,77.5,69.6,70.4,17.5,24.8
301–400,University of Southern Denmark,Denmark,41.3–44.6,74.6,78.4,79.8,14.7,20.4
301–400,University of Tabriz,Iran,41.3–44.6,89.6,42.6,46.9,18.8,16.6
301–400,University of Tartu,Estonia,41.3–44.6,57.6,82.6,79.7,21.0,24.4
301–400,University of Tasmania,Australia,41.3–44.6,64.7,63.9,92.3,22.7,18.8
301–400,University of Trento,Italy,41.3–44.6,72.0,64.5,60.4,17.9,27.3
301–400,University of Windsor,Canada,41.3–44.6,74.3,71.7,86.0,21.9,18.2
301–400,Western Sydney University,Australia,41.3–44.6,79.8,42.6,87.2,19.7,14.7
301–400,Yeungnam University,South Korea,41.3–44.6,89.8,58.7,69.3,16.9,14.6
401–500,Ajou University,South Korea,38.3–41.2,51.3,87.4,37.2,28.7,24.5
401–500,Applied Science Private University,Jordan,38.3–41.2,84.1,21.5,85.9,11.6,14.5
401–500,Aswan University,Egypt,38.3–41.2,87.1,25.2,50.4,16.4,13.6
401–500,Babol Noshirvani University of Technology,Iran,38.3–41.2,90.0,29.1,26.9,14.7,17.6
401–500,Bangor University,United Kingdom,38.3–41.2,56.8,63.5,97.3,24.1,21.3
401–500,Beirut Arab University,Lebanon,38.3–41.2,57.9,19.5,82.9,26.1,32.5
401–500,Bilkent University,Turkey,38.3–41.2,46.8,91.6,48.2,27.5,24.1
401–500,Boğaziçi University,Turkey,38.3–41.2,65.7,57.6,42.1,20.1,24.9
401–500,China University of Petroleum (East China),China,38.3–41.2,70.3,83.3,23.1,22.4,20.3
401–500,"Colorado State University, Fort Collins",United States,38.3–41.2,56.0,86.3,55.5,25.1,23.7
401–500,COMSATS University Islamabad,Pakistan,38.3–41.2,90.6,35.6,50.6,13.0,17.6
401–500,Constructor University,Germany,38.3–41.2,52.5,78.9,96.2,21.3,16.1
401–500,Dalhousie University,Canada,38.3–41.2,67.0,69.8,87.9,19.7,15.8
401–500,De Montfort University,United Kingdom,38.3–41.2,78.2,41.5,97.5,10.7,13.3
401–500,École Centrale de Lyon,France,38.3–41.2,47.4,78.2,71.3,25.7,30.8
401–500,École Nationale des Travaux Publics de l'État (ENTPE),France,38.3–41.2,44.8,78.5,77.0,27.2,22.2
401–500,Egypt-Japan University of Science and Technology (E-JUST),Egypt,38.3–41.2,74.6,35.0,47.3,19.9,23.2
401–500,ENSTA Bretagne,France,38.3–41.2,51.3,81.9,59.9,21.8,25.1
401–500,Ewha Womans University,South Korea,38.3–41.2,55.3,95.8,32.2,28.4,17.6
401–500,Federation University Australia,Australia,38.3–41.2,66.5,42.8,92.1,15.9,18.3
401–500,Florida Agricultural and Mechanical University,United States,38.3–41.2,65.1,53.2,53.4,23.2,23.2
401–500,Government College University Faisalabad,Pakistan,38.3–41.2,91.3,21.7,49.5,17.9,11.7
401–500,Guangdong University of Technology,China,38.3–41.2,87.9,73.5,27.2,13.8,13.0
401–500,Guangzhou University,China,38.3–41.2,90.7,44.3,30.4,13.4,13.2
401–500,Hiroshima University,Japan,38.3–41.2,37.7,91.9,52.2,30.5,32.8
401–500,Isfahan University of Technology,Iran,38.3–41.2,64.4,81.7,33.3,20.5,24.1
401–500,İstinye University,Turkey,38.3–41.2,82.2,15.8,88.7,15.4,13.5
401–500,ITMO University,Russian Federation,38.3–41.2,40.2,79.1,74.5,30.0,28.8
401–500,Jamia Millia Islamia,India,38.3–41.2,88.1,34.2,38.6,12.3,24.9
401–500,Jeonbuk National University,South Korea,38.3–41.2,69.8,80.4,32.4,21.3,18.1
401–500,Konkuk University,South Korea,38.3–41.2,55.3,96.5,50.1,27.5,17.9
401–500,Lehigh University,United States,38.3–41.2,52.6,68.3,76.0,20.4,30.3
401–500,Liverpool John Moores University,United Kingdom,38.3–41.2,77.5,35.6,92.5,13.2,12.6
401–500,Louisiana State University,United States,38.3–41.2,66.5,65.3,46.8,19.6,21.8
401–500,Majmaah University,Saudi Arabia,38.3–41.2,76.9,28.6,75.7,17.1,19.8
401–500,Massey University,New Zealand,38.3–41.2,60.2,80.6,87.9,19.1,17.5
401–500,Mississippi State University,United States,38.3–41.2,77.2,55.1,60.0,19.3,18.8
401–500,Montpellier University,France,38.3–41.2,58.8,69.4,62.1,24.1,22.0
401–500,Moscow Institute of Physics and Technology (MIPT),Russian Federation,38.3–41.2,35.5,68.9,49.6,34.8,33.9
401–500,Nanjing Forestry University,China,38.3–41.2,91.4,48.6,29.0,13.4,16.4
401–500,National Institute of Applied Sciences of Lyon (INSA Lyon),France,38.3–41.2,41.2,81.4,66.8,26.9,34.2
401–500,National Research Nuclear University MEPhI,Russian Federation,38.3–41.2,35.9,68.3,71.4,33.0,33.0
401–500,National Technical University of Athens,Greece,38.3–41.2,57.3,48.7,32.8,26.9,31.3
401–500,Nazarbayev University,Kazakhstan,38.3–41.2,66.4,55.0,74.9,21.4,14.4
401–500,Nottingham Trent University,United Kingdom,38.3–41.2,82.9,37.3,92.7,11.5,12.7
401–500,Ontario Tech University,Canada,38.3–41.2,78.9,47.8,69.8,18.4,15.3
401–500,Queen’s University,Canada,38.3–41.2,54.7,72.2,68.0,23.3,25.1
401–500,Saveetha Institute of Medical and Technical Sciences,India,38.3–41.2,91.1,19.3,63.6,12.1,14.4
401–500,Shoolini University of Biotechnology and Management Sciences,India,38.3–41.2,86.2,19.3,64.1,12.8,18.1
401–500,Southwest Jiaotong University,China,38.3–41.2,61.3,75.5,22.3,25.2,24.2
401–500,Swedish University of Agricultural Sciences,Sweden,38.3–41.2,66.7,75.5,52.5,18.7,16.8
401–500,Tel Aviv University,Israel,38.3–41.2,55.6,85.9,46.5,29.1,21.5
401–500,Texas Tech University,United States,38.3–41.2,59.6,59.5,72.7,19.4,24.5
401–500,The Islamia University of Bahawalpur,Pakistan,38.3–41.2,91.3,22.2,49.5,16.9,10.3
401–500,The University of Alabama,United States,38.3–41.2,67.9,61.8,52.1,21.5,18.5
401–500,Tomsk State University,Russian Federation,38.3–41.2,36.0,65.5,76.9,31.5,30.8
401–500,Toronto Metropolitan University,Canada,38.3–41.2,68.1,62.7,65.7,19.4,16.5
401–500,Universitat Politècnica de Catalunya,Spain,38.3–41.2,49.2,66.8,55.9,29.1,33.1
401–500,Université Libre de Bruxelles,Belgium,38.3–41.2,53.0,63.8,68.5,30.5,24.8
401–500,Universiti Tenaga Nasional (UNITEN),Malaysia,38.3–41.2,72.3,59.0,60.5,15.1,18.3
401–500,University College Cork,Ireland,38.3–41.2,62.0,66.1,80.2,20.5,23.4
401–500,University of Arkansas,United States,38.3–41.2,60.8,66.6,49.6,24.5,22.9
401–500,University of Bremen,Germany,38.3–41.2,56.2,67.3,58.1,26.7,26.5
401–500,University of Campinas,Brazil,38.3–41.2,48.5,65.6,36.1,32.1,36.0
401–500,University of Coimbra,Portugal,38.3–41.2,60.5,77.4,48.2,24.8,20.5
401–500,University of Cyprus,Cyprus,38.3–41.2,63.3,71.6,66.2,18.2,19.0
401–500,University of Florence,Italy,38.3–41.2,62.5,85.7,41.9,24.7,21.6
401–500,University of Genoa,Italy,38.3–41.2,61.4,73.3,50.2,21.4,27.2
401–500,University of Georgia (USA),United States,38.3–41.2,64.8,81.3,55.7,25.8,17.5
401–500,University of Ha’il,Saudi Arabia,38.3–41.2,82.3,25.1,83.3,12.0,15.9
401–500,University of Huddersfield,United Kingdom,38.3–41.2,61.9,51.9,93.5,22.5,21.7
401–500,University of Hull,United Kingdom,38.3–41.2,69.1,63.9,94.1,18.9,13.6
401–500,University of Iceland,Iceland,38.3–41.2,66.4,79.7,54.5,24.3,18.0
401–500,University of Innsbruck,Austria,38.3–41.2,52.5,79.5,83.6,19.8,20.9
401–500,University of Iowa,United States,38.3–41.2,58.9,88.1,60.7,22.9,23.3
401–500,University of Kashan,Iran,38.3–41.2,86.7,37.0,34.1,15.3,17.1
401–500,University of Kiel,Germany,38.3–41.2,64.2,51.0,68.9,24.2,24.0
401–500,University of Klagenfurt,Austria,38.3–41.2,76.9,39.0,84.8,13.1,23.5
401–500,University of Limerick,Ireland,38.3–41.2,59.1,70.9,75.4,21.9,17.3
401–500,University of Messina,Italy,38.3–41.2,73.6,54.1,35.5,19.4,23.0
401–500,University of Miami,United States,38.3–41.2,59.2,62.5,77.9,17.3,21.9
401–500,University of Milan-Bicocca,Italy,38.3–41.2,65.4,64.3,50.9,20.1,24.6
401–500,University of Minho,Portugal,38.3–41.2,57.9,76.8,44.1,25.2,24.8
401–500,University of Mons,Belgium,38.3–41.2,57.5,65.7,67.0,22.8,23.2
401–500,University of North Carolina at Charlotte,United States,38.3–41.2,70.3,63.9,45.1,20.1,19.0
401–500,University of Pisa,Italy,38.3–41.2,71.2,68.2,38.2,21.2,23.8
401–500,University of Portsmouth,United Kingdom,38.3–41.2,74.7,46.4,95.9,12.3,15.1
401–500,University of Regina,Canada,38.3–41.2,71.2,40.7,77.7,16.3,19.1
401–500,University of Salford,United Kingdom,38.3–41.2,74.6,47.8,89.9,11.4,14.3
401–500,University of Tabuk,Saudi Arabia,38.3–41.2,88.5,29.0,81.5,17.9,10.5
401–500,University of the West of Scotland,United Kingdom,38.3–41.2,79.6,49.1,97.5,12.8,14.8
401–500,University of Toledo,United States,38.3–41.2,71.8,71.1,66.3,16.8,16.9
401–500,University of Tsukuba,Japan,38.3–41.2,47.3,76.6,46.5,33.3,30.8
401–500,University of Tuscia,Italy,38.3–41.2,72.7,60.1,27.5,25.6,24.7
401–500,University of Vaasa,Finland,38.3–41.2,87.1,24.2,74.5,17.2,15.6
401–500,UPES,India,38.3–41.2,84.2,19.2,43.6,19.4,26.4
401–500,Victoria University,Australia,38.3–41.2,74.4,66.6,85.2,15.7,10.3
401–500,Wenzhou University,China,38.3–41.2,89.7,41.9,35.7,15.4,12.7
401–500,Zhejiang Normal University,China,38.3–41.2,94.1,64.0,36.1,13.8,12.1
401–500,Zhejiang University of Technology,China,38.3–41.2,74.0,81.2,29.9,17.1,16.1
501–600,Åbo Akademi University,Finland,35.8–38.2,48.4,72.6,75.1,23.2,23.2
501–600,Ain Shams University,Egypt,35.8–38.2,59.1,40.9,61.3,25.7,21.7
501–600,Air University,Pakistan,35.8–38.2,85.0,51.5,49.6,12.7,11.0
501–600,Akdeniz University,Turkey,35.8–38.2,74.0,55.5,31.7,17.9,12.5
501–600,Al-Azhar University,Egypt,35.8–38.2,79.6,23.5,51.0,16.0,16.3
501–600,Aligarh Muslim University,India,35.8–38.2,80.9,28.1,40.0,12.9,21.5
501–600,"Amity University, Noida",India,35.8–38.2,85.0,23.2,38.1,11.2,19.6
501–600,Bahçeşehir University,Turkey,35.8–38.2,81.2,33.2,71.3,12.1,9.9
501–600,Bar-Ilan University,Israel,35.8–38.2,48.4,98.6,42.3,23.2,17.4
501–600,Beni-Suef University,Egypt,35.8–38.2,84.1,29.1,55.6,16.4,7.7
501–600,Cairo University,Egypt,35.8–38.2,60.5,38.3,48.2,18.9,27.0
501–600,Central Queensland University,Australia,35.8–38.2,70.0,39.8,76.1,17.1,12.1
501–600,Chitkara University,India,35.8–38.2,94.1,18.2,30.3,13.5,15.4
501–600,CY Cergy Paris University,France,35.8–38.2,50.4,65.4,72.9,27.9,15.8
501–600,Duzce University,Turkey,35.8–38.2,78.6,56.4,33.1,17.1,13.6
501–600,Eastern Mediterranean University,Northern Cyprus,35.8–38.2,80.5,31.3,81.2,9.5,14.8
501–600,École des Mines de Saint-Étienne,France,35.8–38.2,31.8,78.7,61.1,24.9,35.9
501–600,Empress Catherine II Saint Petersburg Mining University,Russian Federation,35.8–38.2,68.7,48.6,42.2,13.8,24.0
501–600,Federal University of Rio de Janeiro,Brazil,35.8–38.2,36.0,84.2,34.4,30.1,31.6
501–600,Future University in Egypt,Egypt,35.8–38.2,84.3,16.4,64.6,9.6,15.9
501–600,Gachon University,South Korea,35.8–38.2,63.3,68.9,43.9,15.8,20.4
501–600,GLA University,India,35.8–38.2,86.3,17.7,31.2,13.1,16.8
501–600,Hamburg University of Technology,Germany,35.8–38.2,47.5,78.8,55.0,22.6,26.9
501–600,Harbin Engineering University,China,35.8–38.2,54.2,85.1,23.7,29.3,19.8
501–600,Hasselt University,Belgium,35.8–38.2,42.0,87.0,56.6,26.5,20.4
501–600,Ibn Tofaïl University,Morocco,35.8–38.2,76.7,26.8,33.7,17.6,18.8
501–600,Imam Khomeini International University,Iran,35.8–38.2,80.4,22.4,30.1,14.3,19.6
501–600,Indian Institute of Technology Guwahati,India,35.8–38.2,54.9,46.6,29.0,23.5,28.6
501–600,Indian Institute of Technology Indore,India,35.8–38.2,66.0,36.4,32.4,21.5,26.0
501–600,Inha University,South Korea,35.8–38.2,52.7,86.1,32.7,21.3,21.9
501–600,"International Institute of Information Technology, Hyderabad",India,35.8–38.2,74.9,37.2,42.1,12.5,20.1
501–600,James Cook University,Australia,35.8–38.2,62.4,53.9,85.5,15.0,17.6
501–600,Jazan University,Saudi Arabia,35.8–38.2,80.1,23.2,88.4,12.6,13.9
501–600,Jeju National University,South Korea,35.8–38.2,68.0,51.7,48.9,20.0,19.2
501–600,Kafrelsheikh University,Egypt,35.8–38.2,84.2,20.4,51.1,8.1,17.8
501–600,Keio University,Japan,35.8–38.2,34.8,78.6,37.8,29.2,31.3
501–600,KIIT University,India,35.8–38.2,69.1,39.3,46.2,11.5,26.2
501–600,Lakehead University,Canada,35.8–38.2,70.2,43.6,64.4,16.0,13.0
501–600,Mansoura University,Egypt,35.8–38.2,84.6,41.9,52.9,11.5,12.8
501–600,Minia University,Egypt,35.8–38.2,84.7,25.3,50.7,8.6,18.6
501–600,Montanuniversität Leoben,Austria,35.8–38.2,47.1,71.6,69.1,19.6,26.9
501–600,Nanjing University of Information Science and Technology,China,35.8–38.2,76.7,50.4,33.9,13.6,16.3
501–600,National Sun Yat-Sen University,Taiwan,35.8–38.2,51.2,96.7,39.5,26.3,19.9
501–600,National University of Science and Technology (MISiS),Russian Federation,35.8–38.2,42.2,68.9,59.1,25.6,28.7
501–600,National University of Sciences and Technology,Pakistan,35.8–38.2,74.0,35.6,54.3,15.0,21.0
501–600,National Yunlin University of Science and Technology,Taiwan,35.8–38.2,67.8,80.7,40.8,21.6,12.4
501–600,Northern Border University,Saudi Arabia,35.8–38.2,73.3,21.7,78.0,12.4,16.7
501–600,North-West University,South Africa,35.8–38.2,72.3,61.1,50.2,17.8,15.7
501–600,Northwest University (China),China,35.8–38.2,67.4,75.6,22.8,13.6,20.8
501–600,NOVA University of Lisbon,Portugal,35.8–38.2,66.2,60.6,40.5,21.5,18.9
501–600,Oklahoma State University,United States,35.8–38.2,59.7,60.5,69.4,16.5,17.7
501–600,Parthenope University of Naples,Italy,35.8–38.2,84.9,29.4,29.8,15.8,17.5
501–600,PMAS Arid Agriculture University Rawalpindi,Pakistan,35.8–38.2,81.3,19.1,49.9,12.5,20.1
501–600,Polytechnic University of Bari,Italy,35.8–38.2,75.4,57.0,37.7,18.0,15.1
501–600,Polytechnic University of Valencia,Spain,35.8–38.2,49.5,67.9,50.8,22.7,24.7
501–600,Riphah International University,Pakistan,35.8–38.2,88.9,17.8,50.4,15.1,12.7
501–600,Robert Gordon University,United Kingdom,35.8–38.2,71.8,41.5,93.6,11.0,15.0
501–600,Rovira i Virgili University,Spain,35.8–38.2,59.9,59.7,62.9,15.1,19.7
501–600,Shiraz University of Technology,Iran,35.8–38.2,76.9,34.8,37.8,14.0,18.8
501–600,Siksha ‘O’ Anusandhan,India,35.8–38.2,67.3,33.3,24.6,18.0,32.6
501–600,Stellenbosch University,South Africa,35.8–38.2,59.6,73.7,48.3,20.4,22.9
501–600,Sukkur IBA University,Pakistan,35.8–38.2,81.1,20.2,50.3,19.7,16.0
501–600,Sultan Qaboos University,Oman,35.8–38.2,58.4,49.9,77.2,18.3,19.2
501–600,Syracuse University,United States,35.8–38.2,59.2,63.9,60.5,16.7,24.4
501–600,Taibah University,Saudi Arabia,35.8–38.2,78.8,25.4,77.6,16.3,10.9
501–600,Tallinn University of Technology,Estonia,35.8–38.2,64.8,42.6,58.0,15.0,22.7
501–600,Tashkent Institute of Irrigation and Agricultural Mechanisation,Uzbekistan,35.8–38.2,81.6,41.3,35.3,10.7,22.8
501–600,Tecnológico de Monterrey,Mexico,35.8–38.2,65.3,64.2,58.8,16.7,18.4
501–600,Thapar Institute of Engineering and Technology,India,35.8–38.2,79.3,25.4,32.4,12.4,22.5
501–600,Tomsk Polytechnic University,Russian Federation,35.8–38.2,34.1,60.2,71.1,27.9,31.7
501–600,University of Aveiro,Portugal,35.8–38.2,62.4,61.5,43.6,23.4,20.2
501–600,University of Calabria,Italy,35.8–38.2,76.5,54.6,43.1,16.3,16.8
501–600,"University of California, Merced",United States,35.8–38.2,69.3,63.3,57.6,16.1,17.2
501–600,University of Canterbury,New Zealand,35.8–38.2,52.6,57.2,78.6,18.1,25.1
501–600,University of Derby,United Kingdom,35.8–38.2,77.7,23.3,85.6,8.5,14.8
501–600,University of Dundee,United Kingdom,35.8–38.2,55.4,55.4,94.3,15.1,18.8
501–600,University of Greenwich,United Kingdom,35.8–38.2,70.2,41.7,97.7,13.1,15.4
501–600,University of Gujrat,Pakistan,35.8–38.2,87.5,19.4,47.5,15.7,10.5
501–600,University of Hawai’i at Mānoa,United States,35.8–38.2,60.4,63.4,76.4,16.5,14.6
501–600,University of Jaén,Spain,35.8–38.2,81.9,26.8,58.5,11.4,16.9
501–600,University of Kaiserslautern,Germany,35.8–38.2,50.5,82.3,50.8,22.3,24.8
501–600,University of Kansas,United States,35.8–38.2,52.7,78.9,61.8,20.6,19.8
501–600,University of Lorraine,France,35.8–38.2,55.9,64.3,74.2,17.4,22.0
501–600,University of Management and Technology,Pakistan,35.8–38.2,85.8,21.2,54.5,11.0,12.3
501–600,University of Manitoba,Canada,35.8–38.2,61.5,62.6,62.2,20.2,19.3
501–600,University of Siena,Italy,35.8–38.2,59.8,62.5,44.5,19.7,23.0
501–600,University of the Punjab,Pakistan,35.8–38.2,76.2,25.8,53.4,15.1,18.0
501–600,UWE Bristol (University of the West of England),United Kingdom,35.8–38.2,71.9,35.7,89.7,12.8,11.7
501–600,University of the Witwatersrand,South Africa,35.8–38.2,49.4,78.0,69.9,24.1,20.2
501–600,University of Toulouse,France,35.8–38.2,46.6,62.2,62.6,23.7,31.2
501–600,University of Tunis El Manar,Tunisia,35.8–38.2,41.3,70.6,59.8,22.0,30.9
501–600,University of Wuppertal,Germany,35.8–38.2,52.9,74.6,46.6,21.9,22.5
501–600,Urmia University,Iran,35.8–38.2,80.7,35.5,36.7,16.9,14.8
501–600,Virginia Commonwealth University,United States,35.8–38.2,48.0,95.4,40.4,23.4,22.7
501–600,VIT University,India,35.8–38.2,71.6,29.7,39.8,16.2,22.9
501–600,Worcester Polytechnic Institute,United States,35.8–38.2,66.0,66.5,52.6,16.7,20.7
501–600,Xi’an Jiaotong-Liverpool University,China,35.8–38.2,76.0,35.2,72.7,13.5,17.0
501–600,York University,Canada,35.8–38.2,63.6,52.5,85.9,17.4,15.2
501–600,Zagazig University,Egypt,35.8–38.2,85.9,25.3,49.9,8.8,13.6
601–800,AGH University of Krakow,Poland,30.6–35.7,37.4,53.9,30.0,21.0,28.8
601–800,Aix-Marseille University,France,30.6–35.7,38.2,59.9,80.2,13.6,19.7
601–800,Al-Baha University,Saudi Arabia,30.6–35.7,68.4,18.9,77.2,7.6,16.1
601–800,Alexandria University,Egypt,30.6–35.7,63.1,40.0,50.0,17.0,18.4
601–800,American University in Cairo,Egypt,30.6–35.7,57.7,36.6,62.0,18.1,15.5
601–800,American University of Sharjah,United Arab Emirates,30.6–35.7,62.9,39.6,83.3,16.1,14.3
601–800,"Amity University, Gurugram",India,30.6–35.7,74.0,17.3,33.2,10.9,16.5
601–800,Aristotle University of Thessaloniki,Greece,30.6–35.7,57.8,57.8,33.0,16.4,17.7
601–800,Arts et Métiers,France,30.6–35.7,42.8,63.5,62.1,18.0,22.9
601–800,Assiut University,Egypt,30.6–35.7,71.0,27.3,52.9,11.5,20.6
601–800,Atatürk University,Turkey,30.6–35.7,60.8,29.1,42.3,17.0,13.9
601–800,Auckland University of Technology,New Zealand,30.6–35.7,50.3,35.2,85.5,15.1,21.8
601–800,Babeş-Bolyai University,Romania,30.6–35.7,67.0,39.0,40.4,15.9,13.1
601–800,Bahauddin Zakariya University,Pakistan,30.6–35.7,82.5,13.1,49.6,12.3,13.8
601–800,Bahria University,Pakistan,30.6–35.7,81.0,21.9,49.4,9.6,10.9
601–800,Bangladesh University of Engineering and Technology,Bangladesh,30.6–35.7,61.2,28.6,29.8,13.7,19.0
601–800,Bartin University,Turkey,30.6–35.7,81.7,20.5,49.8,10.7,11.0
601–800,Baylor University,United States,30.6–35.7,47.4,56.7,47.9,16.5,18.9
601–800,Ben-Gurion University of the Negev,Israel,30.6–35.7,50.8,66.5,31.3,20.7,21.3
601–800,Benha University,Egypt,30.6–35.7,79.8,21.1,48.7,8.3,12.0
601–800,"Birla Institute of Technology and Science, Pilani",India,30.6–35.7,67.4,33.0,25.8,14.2,23.0
601–800,Birmingham City University,United Kingdom,30.6–35.7,75.6,18.5,94.4,8.4,12.8
601–800,Cankaya University,Turkey,30.6–35.7,81.5,19.9,50.2,11.2,10.2
601–800,Capital University of Science and Technology,Pakistan,30.6–35.7,84.9,18.3,48.1,10.9,13.5
601–800,Carlos III University of Madrid,Spain,30.6–35.7,52.5,51.2,53.1,17.2,24.2
601–800,Chang Gung University,Taiwan,30.6–35.7,44.1,88.9,29.9,21.7,17.4
601–800,Changsha University of Science and Technology,China,30.6–35.7,66.1,54.5,26.8,12.6,11.1
601–800,Chengdu University,China,30.6–35.7,84.8,28.0,27.6,9.8,13.1
601–800,Chiang Mai University,Thailand,30.6–35.7,43.4,69.3,31.9,21.5,17.8
601–800,Chonnam National University,South Korea,30.6–35.7,56.3,73.4,29.7,21.7,20.8
601–800,Chungnam National University,South Korea,30.6–35.7,40.1,89.6,22.8,24.1,20.2
601–800,Chung Yuan Christian University,Taiwan,30.6–35.7,46.4,75.9,37.5,17.8,13.7
601–800,Claude Bernard University Lyon 1,France,30.6–35.7,44.7,66.0,69.8,13.9,22.4
601–800,Complutense University of Madrid,Spain,30.6–35.7,45.3,62.2,45.0,19.4,26.7
601–800,Coventry University,United Kingdom,30.6–35.7,66.8,30.9,94.4,11.2,15.5
601–800,Cyprus International University,Northern Cyprus,30.6–35.7,79.7,17.2,74.3,7.5,10.6
601–800,Daffodil International University (DIU),Bangladesh,30.6–35.7,87.5,17.9,47.3,9.5,8.3
601–800,École Nationale des Ponts et Chaussées - Institut Polytechnique de Paris,France,30.6–35.7,45.0,34.8,62.2,19.9,30.9
601–800,Far Eastern Federal University,Russian Federation,30.6–35.7,36.4,31.5,49.8,22.8,30.3
601–800,Fayoum University,Egypt,30.6–35.7,77.7,20.8,47.5,8.2,16.5
601–800,Ferdowsi University of Mashhad,Iran,30.6–35.7,65.9,44.3,31.8,18.6,17.5
601–800,Florida Atlantic University,United States,30.6–35.7,62.0,51.4,71.3,13.0,13.4
601–800,Gdańsk University of Technology,Poland,30.6–35.7,57.9,43.5,38.4,16.7,16.8
601–800,Gorgan University of Agricultural Sciences and Natural Resources,Iran,30.6–35.7,74.7,22.9,37.0,7.6,17.9
601–800,Hakim Sabzevari University,Iran,30.6–35.7,76.5,22.3,41.0,9.8,7.7
601–800,IMT Nord Europe,France,30.6–35.7,27.8,61.4,70.1,21.8,29.0
601–800,Indian Institute of Technology Patna,India,30.6–35.7,68.2,24.6,21.5,14.2,20.7
601–800,Institut Agro,France,30.6–35.7,33.7,50.2,59.6,21.5,27.9
601–800,Institute of Chemical Technology,India,30.6–35.7,53.1,55.9,19.5,14.8,23.6
601–800,"International Islamic University, Islamabad",Pakistan,30.6–35.7,79.9,21.5,49.8,11.0,15.1
601–800,Islamic University of Madinah,Saudi Arabia,30.6–35.7,63.6,19.0,99.4,9.6,15.0
601–800,Jashore University of Science and Technology,Bangladesh,30.6–35.7,77.1,16.6,49.6,7.9,14.3
601–800,Jawaharlal Nehru Technological University Anantapur (JNTUA),India,30.6–35.7,80.0,19.1,21.0,11.8,18.4
601–800,Jaypee University of Information Technology,India,30.6–35.7,76.6,30.4,35.8,15.2,18.0
601–800,Jordan University of Science and Technology,Jordan,30.6–35.7,54.4,64.2,48.5,17.1,15.0
601–800,Kalasalingam Academy of Research and Education,India,30.6–35.7,73.8,18.6,50.7,7.7,18.4
601–800,Kansas State University,United States,30.6–35.7,56.1,59.9,55.7,15.9,20.8
601–800,Kazan Federal University,Russian Federation,30.6–35.7,46.2,43.5,61.0,22.4,29.9
601–800,Khwaja Fareed University of Engineering and Information Technology,Pakistan,30.6–35.7,82.0,16.5,51.6,10.4,9.1
601–800,King Mongkut’s University of Technology Thonburi,Thailand,30.6–35.7,56.7,59.7,40.9,15.6,16.8
601–800,KL University,India,30.6–35.7,77.6,18.7,27.3,9.9,19.3
601–800,K.N. Toosi University of Technology,Iran,30.6–35.7,64.0,37.8,34.4,14.2,18.1
601–800,Kobe University,Japan,30.6–35.7,32.8,87.0,34.6,20.9,22.8
601–800,Lahore University of Management Sciences,Pakistan,30.6–35.7,65.6,29.5,47.5,14.6,21.0
601–800,Lebanese University,Lebanon,30.6–35.7,25.7,23.4,62.0,23.7,40.0
601–800,Leuphana University of Lüneburg,Germany,30.6–35.7,63.8,25.1,49.7,19.3,17.7
601–800,Lorestan University,Iran,30.6–35.7,72.9,23.9,28.0,10.5,14.1
601–800,Malaviya National Institute of Technology,India,30.6–35.7,71.4,22.0,20.4,12.1,16.7
601–800,Manipal University Jaipur,India,30.6–35.7,66.1,28.9,28.4,13.4,15.1
601–800,Marche Polytechnic University,Italy,30.6–35.7,62.1,49.6,32.6,13.1,17.3
601–800,Menoufia University,Egypt,30.6–35.7,78.2,22.8,49.1,8.3,11.7
601–800,Ming Chi University of Technology,Taiwan,30.6–35.7,53.2,72.6,35.5,19.8,9.9
601–800,Multimedia University,Malaysia,30.6–35.7,42.4,55.1,63.3,17.8,27.5
601–800,Nantes Université,France,30.6–35.7,49.6,62.2,56.6,13.0,16.4
601–800,National and Kapodistrian University of Athens,Greece,30.6–35.7,70.5,59.2,56.5,15.3,9.2
601–800,National Central University,Taiwan,30.6–35.7,30.5,93.1,35.2,24.2,25.6
601–800,National Chung Hsing University,Taiwan,30.6–35.7,40.6,81.7,32.7,23.1,16.9
601–800,National Institute of Technology Rourkela,India,30.6–35.7,63.5,44.5,22.8,16.7,22.0
601–800,National Institute of Technology Silchar,India,30.6–35.7,68.6,19.4,22.4,11.7,21.4
601–800,National Taipei University of Technology,Taiwan,30.6–35.7,45.6,79.9,38.4,21.2,19.2
601–800,National Taiwan Normal University,Taiwan,30.6–35.7,39.1,74.8,30.6,26.6,14.9
601–800,National University of Computer and Emerging Sciences,Pakistan,30.6–35.7,73.8,22.3,49.4,8.8,12.0
601–800,Necmettin Erbakan University,Turkey,30.6–35.7,67.2,19.8,40.0,7.4,19.1
601–800,North China Electric Power University,China,30.6–35.7,55.2,81.0,22.4,17.9,15.7
601–800,Northeast Agricultural University,China,30.6–35.7,76.6,29.8,18.8,8.7,11.5
601–800,Northern Illinois University,United States,30.6–35.7,66.0,56.8,78.4,11.1,11.2
601–800,North South University,Bangladesh,30.6–35.7,82.9,19.3,39.7,8.9,17.2
601–800,Obuda University,Hungary,30.6–35.7,61.9,21.8,50.3,18.9,13.6
601–800,Ohio University (Main campus),United States,30.6–35.7,47.8,68.0,46.1,19.1,21.1
601–800,Oxford Brookes University,United Kingdom,30.6–35.7,65.8,29.4,87.1,11.3,12.9
601–800,Ozyegin University,Turkey,30.6–35.7,55.0,65.1,44.2,19.6,14.6
601–800,Panjab University,India,30.6–35.7,68.4,26.7,22.0,13.9,15.9
601–800,Pontifical Catholic University of Rio de Janeiro (PUC-Rio),Brazil,30.6–35.7,38.7,70.2,38.2,24.5,24.2
601–800,Pontificia Universidad Católica de Chile,Chile,30.6–35.7,44.2,49.5,59.6,18.1,18.0
601–800,Port Said University,Egypt,30.6–35.7,66.7,42.7,46.6,9.5,9.4
601–800,Rochester Institute of Technology,United States,30.6–35.7,59.6,57.1,37.6,15.2,15.4
601–800,Selçuk University,Turkey,30.6–35.7,55.9,51.2,35.2,15.3,16.2
601–800,Shahid Beheshti University,Iran,30.6–35.7,65.0,55.3,27.7,17.4,15.6
601–800,​Shahid Chamran University of Ahvaz,Iran,30.6–35.7,67.5,55.3,28.4,16.2,15.0
601–800,Shahrekord University,Iran,30.6–35.7,75.9,21.1,22.5,12.8,10.2
601–800,Shanghai Normal University,China,30.6–35.7,74.6,56.4,21.9,15.2,12.9
601–800,Shantou University,China,30.6–35.7,71.3,47.5,41.5,14.7,10.7
601–800,Sharda University,India,30.6–35.7,68.0,27.1,46.5,13.3,20.3
601–800,Shiraz University,Iran,30.6–35.7,60.8,57.5,28.9,19.5,18.1
601–800,Shri Mata Vaishno Devi University,India,30.6–35.7,80.4,21.7,27.5,11.8,10.3
601–800,Sogang University,South Korea,30.6–35.7,44.2,91.3,22.4,24.2,22.4
601–800,Sohag University,Egypt,30.6–35.7,78.7,21.9,50.9,9.4,8.3
601–800,South Dakota State University,United States,30.6–35.7,64.2,39.6,51.1,13.9,14.1
601–800,South Valley University  (Egypt),Egypt,30.6–35.7,82.7,24.3,49.9,12.8,12.3
601–800,SRM Institute of Science and Technology,India,30.6–35.7,65.6,23.3,30.0,11.1,20.3
601–800,Suez University,Egypt,30.6–35.7,77.0,28.2,51.5,8.4,11.6
601–800,Sumy State University,Ukraine,30.6–35.7,75.3,25.2,41.3,11.9,9.8
601–800,Symbiosis International University,India,30.6–35.7,77.9,19.0,45.7,10.6,20.5
601–800,Taipei Medical University,Taiwan,30.6–35.7,42.0,61.5,58.1,22.2,22.7
601–800,Tanta University,Egypt,30.6–35.7,85.0,27.2,50.4,8.7,13.8
601–800,Technical University of Madrid,Spain,30.6–35.7,44.5,59.1,49.1,20.5,26.8
601–800,Technische Universität Ilmenau,Germany,30.6–35.7,36.5,67.4,64.1,20.7,25.1
601–800,Teesside University,United Kingdom,30.6–35.7,65.2,25.5,95.5,10.2,10.9
601–800,The Catholic University of Korea,South Korea,30.6–35.7,39.6,86.3,35.7,27.1,16.7
601–800,Tokyo Medical and Dental University (TMDU),Japan,30.6–35.7,27.4,88.8,49.0,23.3,20.0
601–800,Tokyo University of Agriculture and Technology,Japan,30.6–35.7,32.4,79.8,31.6,27.6,22.5
601–800,Tokyo University of Science,Japan,30.6–35.7,31.1,78.8,27.2,25.8,22.5
601–800,Tunghai University,Taiwan,30.6–35.7,72.8,48.4,41.6,16.6,11.3
601–800,Ulster University,United Kingdom,30.6–35.7,53.9,47.3,82.5,11.4,18.4
601–800,Umeå University,Sweden,30.6–35.7,60.0,60.4,59.8,21.2,8.7
601–800,Universidade Federal de Santa Catarina,Brazil,30.6–35.7,38.0,76.7,36.5,19.5,23.4
601–800,Universidade Federal do Rio Grande do Sul,Brazil,30.6–35.7,47.5,54.3,36.9,15.5,22.7
601–800,Université Côte d'Azur,France,30.6–35.7,48.9,68.0,77.6,18.9,17.1
601–800,Université de Bretagne Occidentale,France,30.6–35.7,52.6,59.4,77.4,19.0,15.1
601–800,Université de Poitiers,France,30.6–35.7,31.0,47.6,66.4,22.0,25.7
601–800,Université Djillali Liabès de Sidi Bel-Abbès,Algeria,30.6–35.7,69.2,18.6,41.1,9.8,21.6
601–800,Université Mohammed Premier,Morocco,30.6–35.7,71.7,23.5,35.7,15.9,15.5
601–800,Université Polytechnique Hauts-de-France,France,30.6–35.7,44.6,64.1,75.1,11.6,15.9
601–800,Universiti Malaysia Pahang Al-Sultan Abdullah (UMPSA),Malaysia,30.6–35.7,64.7,30.2,45.9,14.0,21.3
601–800,Universiti Malaysia Terengganu (UMT),Malaysia,30.6–35.7,70.0,33.9,55.9,19.2,11.5
601–800,Universiti Teknologi Brunei,Brunei Darussalam,30.6–35.7,58.7,27.9,70.6,12.5,21.8
601–800,University of Alaska Fairbanks,United States,30.6–35.7,48.3,44.9,76.4,18.6,20.0
601–800,University of Alicante,Spain,30.6–35.7,53.7,67.5,44.8,16.8,18.2
601–800,University of Beira Interior,Portugal,30.6–35.7,63.1,42.3,50.9,14.7,18.5
601–800,University of Bisha,Saudi Arabia,30.6–35.7,77.3,18.6,81.2,9.5,12.5
601–800,University of Bordeaux,France,30.6–35.7,44.1,66.6,63.1,20.9,17.7
601–800,University of Brescia,Italy,30.6–35.7,54.4,54.6,40.1,13.4,19.7
601–800,University of Brighton,United Kingdom,30.6–35.7,54.3,43.7,94.3,14.8,14.2
601–800,University of Cagliari,Italy,30.6–35.7,55.7,59.6,41.3,13.6,20.4
601–800,University of Cape Town,South Africa,30.6–35.7,39.7,62.0,76.6,19.7,24.3
601–800,University of Central Punjab,Pakistan,30.6–35.7,75.1,18.7,49.9,9.2,15.5
601–800,University of Colorado Denver/Anschutz Medical Campus,United States,30.6–35.7,44.0,62.8,58.1,19.8,14.2
601–800,University of Córdoba,Spain,30.6–35.7,68.3,48.4,54.9,15.3,15.4
601–800,University of Crete,Greece,30.6–35.7,51.6,60.9,43.0,21.1,14.8
601–800,University of Dhaka,Bangladesh,30.6–35.7,77.1,23.6,43.1,8.9,9.4
601–800,"University of Engineering and Technology, Taxila",Pakistan,30.6–35.7,76.5,19.4,47.9,10.1,14.4
601–800,University of Ferrara,Italy,30.6–35.7,52.0,58.7,41.7,17.3,17.7
601–800,University of Franche-Comté,France,30.6–35.7,46.4,65.5,74.9,15.9,24.6
601–800,University of Girona,Spain,30.6–35.7,53.7,54.2,53.1,12.7,15.3
601–800,University of Granada,Spain,30.6–35.7,61.4,57.7,54.8,15.6,20.0
601–800,University of Guilan,Iran,30.6–35.7,72.6,29.5,26.7,15.8,14.8
601–800,University of Hertfordshire,United Kingdom,30.6–35.7,65.2,35.9,96.9,8.7,13.2
601–800,University of Jeddah,Saudi Arabia,30.6–35.7,69.6,22.0,77.3,16.4,11.0
601–800,University of KwaZulu-Natal,South Africa,30.6–35.7,57.3,42.8,64.7,21.0,19.6
601–800,University of Lahore,Pakistan,30.6–35.7,71.7,18.0,54.7,7.6,13.3
601–800,University of Lille,France,30.6–35.7,42.7,68.2,77.1,21.3,22.8
601–800,University of Lleida,Spain,30.6–35.7,52.0,49.3,47.7,18.8,14.9
601–800,"University of Maryland, Baltimore County",United States,30.6–35.7,60.9,60.5,58.9,13.8,20.1
601–800,University of Memphis,United States,30.6–35.7,56.1,47.3,41.1,15.1,20.5
601–800,University of Modena and Reggio Emilia,Italy,30.6–35.7,62.2,64.1,35.8,13.6,16.4
601–800,University of Mohaghegh Ardabili,Iran,30.6–35.7,85.6,22.0,39.0,10.7,10.9
601–800,University of Palermo,Italy,30.6–35.7,58.6,48.9,35.1,15.4,13.8
601–800,University of Parma,Italy,30.6–35.7,57.4,63.7,42.2,15.0,13.2
601–800,University of Patras,Greece,30.6–35.7,71.2,56.3,33.1,16.7,15.4
601–800,University of Pretoria,South Africa,30.6–35.7,45.9,51.1,58.9,17.4,17.0
601–800,University of Rajshahi,Bangladesh,30.6–35.7,79.7,25.3,36.0,11.7,11.4
601–800,University of Rennes 1,France,30.6–35.7,49.8,65.8,63.6,16.1,22.9
601–800,University of Rhode Island,United States,30.6–35.7,61.1,56.1,59.6,16.4,17.6
601–800,University of Rome III,Italy,30.6–35.7,59.3,65.5,39.8,20.1,18.6
601–800,University of Salento,Italy,30.6–35.7,61.9,61.1,35.6,11.7,13.9
601–800,University of Sannio,Italy,30.6–35.7,61.1,45.5,29.6,11.4,20.0
601–800,University of Sargodha,Pakistan,30.6–35.7,68.7,22.9,49.8,16.7,13.6
601–800,University of Seoul,South Korea,30.6–35.7,45.9,47.0,32.2,21.6,26.5
601–800,University of Seville,Spain,30.6–35.7,52.8,66.5,42.7,19.9,17.2
601–800,University of South Africa,South Africa,30.6–35.7,72.5,23.0,62.0,13.5,12.0
601–800,University of South Wales,United Kingdom,30.6–35.7,48.4,57.5,92.3,10.8,11.9
601–800,University of Stavanger,Norway,30.6–35.7,66.3,26.7,79.0,9.9,21.0
601–800,University of Sulaimani,Iraq,30.6–35.7,83.5,17.4,42.3,8.9,15.3
601–800,University of Texas at El Paso,United States,30.6–35.7,50.3,52.6,58.8,26.3,17.1
601–800,University of the Basque Country,Spain,30.6–35.7,62.2,58.2,45.6,13.2,18.3
601–800,University of the Sunshine Coast,Australia,30.6–35.7,52.9,29.0,68.1,19.5,12.8
601–800,University of Trieste,Italy,30.6–35.7,51.5,62.3,52.3,16.7,22.0
601–800,University of Udine,Italy,30.6–35.7,69.4,54.0,40.7,12.2,16.4
601–800,University of Ulsan,South Korea,30.6–35.7,57.3,63.7,26.5,19.8,18.2
601–800,University of Valencia,Spain,30.6–35.7,59.5,64.5,50.9,19.6,13.7
601–800,University of Vigo,Spain,30.6–35.7,51.8,57.8,45.9,14.4,15.4
601–800,University of Waikato,New Zealand,30.6–35.7,49.9,56.1,84.1,15.4,19.9
601–800,University of Wyoming,United States,30.6–35.7,61.4,57.7,39.7,15.5,21.9
601–800,Wake Forest University,United States,30.6–35.7,55.1,77.8,44.4,12.4,22.0
601–800,Wayne State University,United States,30.6–35.7,53.6,73.7,57.2,14.5,22.4
601–800,Western Michigan University,United States,30.6–35.7,68.3,43.1,59.7,10.7,15.6
601–800,Yıldız Technical University,Turkey,30.6–35.7,50.6,65.0,42.8,16.8,17.7
601–800,Yuan Ze University,Taiwan,30.6–35.7,50.3,84.3,44.7,18.7,13.5
601–800,Zhejiang Gongshang University,China,30.6–35.7,73.8,40.9,37.3,12.2,18.6
601–800,Zhejiang Sci-Tech University,China,30.6–35.7,59.3,75.0,23.8,15.8,11.7
801–1000,Abdelmalek Essaâdi University,Morocco,25.6–30.4,61.6,23.6,31.4,15.3,14.3
801–1000,Al-Balqa Applied University,Jordan,25.6–30.4,63.9,19.8,47.7,8.4,8.2
801–1000,Alzahra University,Iran,25.6–30.4,50.2,28.7,21.6,18.2,16.5
801–1000,Al-Zaytoonah University of Jordan,Jordan,25.6–30.4,60.3,17.5,49.0,10.4,10.1
801–1000,American International University – Bangladesh,Bangladesh,25.6–30.4,74.8,24.9,29.9,8.5,10.9
801–1000,American University of Beirut,Lebanon,25.6–30.4,40.3,59.8,51.0,13.2,20.4
801–1000,Azarbaijan Shahid Madani University,Iran,25.6–30.4,66.7,23.4,31.7,11.6,9.8
801–1000,Belgorod State National Research University,Russian Federation,25.6–30.4,26.7,50.5,37.5,20.5,24.9
801–1000,Bharath Institute of Higher Education and Research,India,25.6–30.4,57.4,19.2,41.0,6.6,14.2
801–1000,Birla Institute of Technology,India,25.6–30.4,56.0,27.4,20.2,12.5,14.1
801–1000,Bolu Abant Izzet Baysal University,Turkey,25.6–30.4,65.6,19.6,48.0,7.9,10.0
801–1000,Bozok University,Turkey,25.6–30.4,64.9,20.2,47.6,6.9,16.5
801–1000,BRAC University,Bangladesh,25.6–30.4,64.2,18.9,28.0,11.3,8.5
801–1000,Brno University of Technology,Czechia,25.6–30.4,41.3,36.7,55.3,16.6,21.6
801–1000,Bu-Ali Sina University,Iran,25.6–30.4,58.8,35.3,24.1,15.6,11.8
801–1000,Budapest University of Technology and Economics,Hungary,25.6–30.4,40.5,54.9,38.6,16.3,20.1
801–1000,Campus Bio-Medico University of Rome,Italy,25.6–30.4,48.0,33.7,25.3,14.1,15.9
801–1000,Changzhou University,China,25.6–30.4,56.8,59.8,20.6,12.2,16.3
801–1000,Chittagong University of Engineering & Technology,Bangladesh,25.6–30.4,72.2,21.0,31.9,7.6,7.6
801–1000,Christ University,India,25.6–30.4,69.4,17.3,24.3,9.2,12.7
801–1000,Chungbuk National University,South Korea,25.6–30.4,41.4,58.9,25.1,20.8,18.7
801–1000,Clarkson University,United States,25.6–30.4,34.3,67.0,54.1,13.8,20.1
801–1000,Covenant University,Nigeria,25.6–30.4,45.2,49.4,50.4,14.8,10.3
801–1000,Cyprus University of Technology,Cyprus,25.6–30.4,47.7,27.0,60.2,13.8,17.7
801–1000,Czech Technical University in Prague,Czechia,25.6–30.4,28.4,49.6,50.2,17.8,27.1
801–1000,Czech University of Life Sciences Prague (CZU),Czechia,25.6–30.4,39.8,39.8,60.2,11.6,17.9
801–1000,Delhi Technological University,India,25.6–30.4,61.3,29.3,20.1,13.8,16.3
801–1000,Democritus University of Thrace,Greece,25.6–30.4,56.6,30.0,28.8,11.1,12.4
801–1000,DIT University,India,25.6–30.4,76.4,15.7,27.3,8.3,9.1
801–1000,Dr B.R. Ambedkar National Institute of Technology Jalandhar,India,25.6–30.4,64.9,19.9,18.9,12.6,16.4
801–1000,Erciyes University,Turkey,25.6–30.4,57.0,42.4,30.2,11.7,12.7
801–1000,Federal University of São Carlos,Brazil,25.6–30.4,43.5,45.0,32.8,15.0,19.6
801–1000,Federal University of Technology Akure,Nigeria,25.6–30.4,53.1,18.1,49.9,8.7,12.0
801–1000,Firat University,Turkey,25.6–30.4,74.6,25.5,33.4,7.8,9.6
801–1000,Florida Institute of Technology,United States,25.6–30.4,40.2,40.7,58.0,12.3,17.5
801–1000,Fujian Agriculture and Forestry University,China,25.6–30.4,71.1,32.0,28.3,8.7,10.3
801–1000,Gabriele d‘Annunzio University,Italy,25.6–30.4,50.7,35.8,33.7,15.5,12.2
801–1000,Georgia Southern University,United States,25.6–30.4,54.8,35.3,42.8,10.9,7.8
801–1000,German Jordanian University,Jordan,25.6–30.4,46.8,21.6,69.7,8.6,11.9
801–1000,Ghulam Ishaq Khan Institute of Engineering Sciences and Technology,Pakistan,25.6–30.4,57.3,25.0,50.7,12.0,13.7
801–1000,Guru Ghasidas Vishwavidyalaya,India,25.6–30.4,65.4,18.9,21.5,7.9,11.5
801–1000,Hacettepe University,Turkey,25.6–30.4,39.9,74.3,30.2,15.5,13.1
801–1000,Hellenic Open University,Greece,25.6–30.4,59.9,16.0,29.1,6.3,15.3
801–1000,HSE University,Russian Federation,25.6–30.4,39.1,42.8,39.6,14.9,14.8
801–1000,Huaqiao University,China,25.6–30.4,49.5,38.4,49.8,10.7,11.8
801–1000,Hungarian University of Agriculture and Life Sciences,Hungary,25.6–30.4,53.1,18.4,63.9,9.3,20.4
801–1000,Ibn Khaldoun University,Algeria,25.6–30.4,60.6,15.9,37.6,6.6,11.8
801–1000,Immanuel Kant Baltic Federal University,Russian Federation,25.6–30.4,18.9,51.1,76.1,16.8,28.6
801–1000,Incheon National University,South Korea,25.6–30.4,48.7,47.5,27.1,16.0,14.3
801–1000,Indian Institute of Technology Gandhinagar,India,25.6–30.4,35.2,30.8,28.1,19.1,21.9
801–1000,Indian Institute of Technology Mandi,India,25.6–30.4,47.3,23.5,29.2,12.0,18.6
801–1000,Indian Institute of Technology Ropar,India,25.6–30.4,49.8,28.5,23.3,16.4,26.4
801–1000,Indraprastha Institute of Information Technology Delhi,India,25.6–30.4,50.5,28.0,39.8,9.9,19.5
801–1000,ISCTE-University Institute of Lisbon,Portugal,25.6–30.4,62.5,29.4,36.0,13.7,10.5
801–1000,Istanbul Medipol University,Turkey,25.6–30.4,53.4,29.1,62.1,9.2,8.7
801–1000,Jadavpur University,India,25.6–30.4,50.4,46.7,19.9,15.4,23.9
801–1000,Jaume I University,Spain,25.6–30.4,51.3,50.8,42.8,12.8,15.1
801–1000,Jiangsu Normal University,China,25.6–30.4,61.3,42.3,27.5,13.3,10.5
801–1000,Karabük University,Turkey,25.6–30.4,61.1,17.4,48.9,7.6,9.3
801–1000,Karunya Institute of Technology and Sciences,India,25.6–30.4,65.3,22.0,25.6,11.4,16.4
801–1000,Kaunas University of Technology,Lithuania,25.6–30.4,47.1,40.9,45.0,11.9,17.9
801–1000,Kharazmi University,Iran,25.6–30.4,56.4,30.3,32.3,14.3,13.8
801–1000,Khon Kaen University,Thailand,25.6–30.4,59.6,38.2,29.6,13.6,14.8
801–1000,Khulna University,Bangladesh,25.6–30.4,60.1,20.7,40.6,9.6,14.5
801–1000,Khulna University of Engineering and Technology (KUET),Bangladesh,25.6–30.4,69.6,20.0,33.9,8.3,9.1
801–1000,King Mongkut's University of Technology North Bangkok,Thailand,25.6–30.4,62.3,43.9,32.8,11.4,11.7
801–1000,Kingston University,United Kingdom,25.6–30.4,51.8,38.1,94.6,9.3,11.1
801–1000,Kookmin University,South Korea,25.6–30.4,30.8,77.7,25.3,19.0,12.9
801–1000,Kyushu Institute of Technology (Kyutech),Japan,25.6–30.4,34.0,56.4,38.3,15.3,19.8
801–1000,Ladoke Akintola University of Technology,Nigeria,25.6–30.4,61.9,19.6,41.5,7.1,8.4
801–1000,Landmark University,Nigeria,25.6–30.4,65.5,20.3,38.3,12.6,8.8
801–1000,London South Bank University,United Kingdom,25.6–30.4,52.3,26.2,93.3,9.8,12.3
801–1000,Maharishi Markandeshwar University (MMU),India,25.6–30.4,68.7,17.0,29.7,7.2,15.7
801–1000,Mahidol University,Thailand,25.6–30.4,37.8,47.0,36.6,17.4,14.0
801–1000,Manav Rachna International Institute of Research and Studies,India,25.6–30.4,56.9,17.6,21.5,8.5,24.6
801–1000,Manipal Academy of Higher Education,India,25.6–30.4,45.6,31.7,38.6,11.7,17.2
801–1000,Mirpur University of Science and Technology,Pakistan,25.6–30.4,62.5,16.7,49.9,7.5,7.7
801–1000,Mohammed V University of Rabat,Morocco,25.6–30.4,55.6,41.1,30.3,14.1,19.5
801–1000,Moscow Aviation Institute,Russian Federation,25.6–30.4,26.0,48.3,35.7,18.7,29.8
801–1000,Moulay Ismail University,Morocco,25.6–30.4,68.7,21.4,29.4,13.7,12.0
801–1000,Mutah University,Jordan,25.6–30.4,59.1,26.8,50.5,11.1,12.9
801–1000,Nagoya Institute of Technology,Japan,25.6–30.4,26.8,68.3,34.0,18.7,17.2
801–1000,National Autonomous University of Mexico,Mexico,25.6–30.4,28.3,67.2,52.9,19.3,18.8
801–1000,National Chin-Yi University of Technology,Taiwan,25.6–30.4,36.6,51.1,36.5,22.0,11.8
801–1000,National Chung Cheng University,Taiwan,25.6–30.4,40.4,75.9,24.7,17.3,15.7
801–1000,National Dong Hwa University,Taiwan,25.6–30.4,35.3,59.2,45.3,24.9,14.9
801–1000,"National Institute of Technology, Raipur",India,25.6–30.4,66.4,21.1,17.9,9.5,17.0
801–1000,"National Institute of Technology, Tiruchirappalli",India,25.6–30.4,51.8,30.2,22.6,16.0,26.2
801–1000,National Textile University,Pakistan,25.6–30.4,54.9,20.0,44.9,10.5,12.1
801–1000,New Mexico State University (Main campus),United States,25.6–30.4,37.4,56.2,49.7,18.6,18.5
801–1000,Nnamdi Azikiwe University,Nigeria,25.6–30.4,61.1,17.3,31.1,6.8,13.4
801–1000,Norwegian University of Life Sciences,Norway,25.6–30.4,44.9,31.6,63.8,9.6,19.7
801–1000,Novosibirsk State University,Russian Federation,25.6–30.4,32.2,51.1,37.5,27.9,22.2
801–1000,Oakland University,United States,25.6–30.4,39.5,54.0,56.0,13.5,17.1
801–1000,Old Dominion University,United States,25.6–30.4,49.1,41.0,42.8,13.4,18.9
801–1000,Opole University of Technology,Poland,25.6–30.4,49.9,19.5,39.1,11.1,15.6
801–1000,Osaka Metropolitan University,Japan,25.6–30.4,27.5,79.7,24.8,17.2,18.1
801–1000,Osmania University,India,25.6–30.4,46.1,26.5,25.4,11.8,20.2
801–1000,Polytechnic Institute of Porto,Portugal,25.6–30.4,53.7,26.6,28.5,10.2,12.9
801–1000,Pondicherry University,India,25.6–30.4,49.0,54.6,27.3,18.3,18.2
801–1000,Pontifícia Universidade Católica do Paraná,Brazil,25.6–30.4,53.8,29.0,32.4,9.1,15.7
801–1000,Portland State University,United States,25.6–30.4,40.2,53.5,54.9,17.9,17.2
801–1000,Prince of Songkla University,Thailand,25.6–30.4,45.2,54.8,34.6,16.2,12.9
801–1000,Public University of Navarre,Spain,25.6–30.4,43.8,43.5,41.3,10.0,17.7
801–1000,Rajshahi University of Engineering and Technology,Bangladesh,25.6–30.4,64.8,16.9,37.2,7.4,9.9
801–1000,Razi University,Iran,25.6–30.4,57.3,42.8,30.8,14.5,15.0
801–1000,Recep Tayyip Erdoğan University,Turkey,25.6–30.4,69.0,18.5,28.6,9.3,8.1
801–1000,Reykjavík University,Iceland,25.6–30.4,47.1,24.4,61.8,14.3,13.7
801–1000,Riga Technical University,Latvia,25.6–30.4,36.1,51.3,59.0,18.1,19.4
801–1000,Ritsumeikan University,Japan,25.6–30.4,42.5,48.4,39.1,14.8,17.0
801–1000,RUDN University,Russian Federation,25.6–30.4,46.4,29.5,75.8,17.8,14.1
801–1000,Sahand University of Technology,Iran,25.6–30.4,57.9,37.8,26.8,10.4,17.5
801–1000,Saint Louis University,United States,25.6–30.4,36.1,42.9,51.6,15.2,18.9
801–1000,Sakarya University,Turkey,25.6–30.4,74.0,24.4,37.4,8.5,9.8
801–1000,Salahaddin University–Erbil,Iraq,25.6–30.4,59.6,17.2,39.5,7.1,13.9
801–1000,San Diego State University,United States,25.6–30.4,52.0,57.0,44.8,9.5,13.8
801–1000,Sathyabama Institute of Science and Technology,India,25.6–30.4,55.6,19.8,28.8,9.1,16.7
801–1000,Semnan University,Iran,25.6–30.4,66.0,26.7,24.7,11.8,16.8
801–1000,Seoul National University of Science and Technology (SeoulTech),South Korea,25.6–30.4,35.7,51.9,25.8,18.0,21.7
801–1000,Shahid Bahonar University of Kerman,Iran,25.6–30.4,59.4,27.4,27.0,14.3,15.4
801–1000,Shahrood University of Technology,Iran,25.6–30.4,57.6,22.2,34.3,12.2,17.0
801–1000,Sheffield Hallam University,United Kingdom,25.6–30.4,43.9,36.0,90.5,9.1,16.3
801–1000,Shinshu University,Japan,25.6–30.4,36.7,69.6,41.4,15.6,13.3
801–1000,Shiv Nadar University,India,25.6–30.4,46.5,21.0,40.6,6.3,23.4
801–1000,Siberian Federal University,Russian Federation,25.6–30.4,33.7,53.4,49.8,14.9,17.3
801–1000,Sidi Mohamed Ben Abdellah University,Morocco,25.6–30.4,67.5,20.2,29.3,12.0,16.3
801–1000,Silesian University of Technology,Poland,25.6–30.4,40.4,31.3,31.0,14.3,20.5
801–1000,Soonchunhyang University,South Korea,25.6–30.4,45.7,43.6,37.3,12.5,12.5
801–1000,Southern Federal University,Russian Federation,25.6–30.4,34.8,58.1,47.9,18.7,17.6
801–1000,Southern Illinois University Carbondale,United States,25.6–30.4,49.3,52.1,47.7,10.9,19.6
801–1000,Southwest Petroleum University,China,25.6–30.4,47.2,72.0,22.3,13.1,13.7
801–1000,Suez Canal University,Egypt,25.6–30.4,59.9,34.6,53.1,9.2,11.1
801–1000,Tamkang University,Taiwan,25.6–30.4,51.2,43.6,38.2,9.5,10.8
801–1000,Texas State University,United States,25.6–30.4,48.7,43.9,69.5,14.6,12.8
801–1000,Thammasat University,Thailand,25.6–30.4,37.7,47.3,40.6,19.9,18.1
801–1000,The Hashemite University,Jordan,25.6–30.4,63.1,26.1,64.9,9.5,10.5
801–1000,The Open University,United Kingdom,25.6–30.4,50.3,29.7,65.7,7.5,14.9
801–1000,The University of Electro-Communications,Japan,25.6–30.4,30.4,56.3,36.4,16.1,18.9
801–1000,The University of Jordan,Jordan,25.6–30.4,60.8,27.7,57.3,10.1,13.1
801–1000,Toyohashi University of Technology (TUT),Japan,25.6–30.4,25.4,71.7,42.6,15.3,22.5
801–1000,Toyota Technological Institute,Japan,25.6–30.4,43.4,58.6,32.3,14.0,18.8
801–1000,UiT The Arctic University of Norway,Norway,25.6–30.4,48.0,30.4,67.4,10.1,17.6
801–1000,Universidade Estadual Paulista (Unesp),Brazil,25.6–30.4,39.1,45.5,39.8,18.6,26.3
801–1000,Universidade Federal do Ceará (UFC),Brazil,25.6–30.4,43.0,55.6,35.1,13.8,15.5
801–1000,Universitas Gadjah Mada,Indonesia,25.6–30.4,27.7,54.3,35.5,16.8,21.6
801–1000,Universitat Ramon Llull,Spain,25.6–30.4,59.3,46.2,50.6,9.8,9.8
801–1000,Université Chouaïb Doukkali,Morocco,25.6–30.4,52.4,24.5,33.2,18.7,10.6
801–1000,Université d’Orléans,France,25.6–30.4,36.8,45.8,66.0,11.4,13.8
801–1000,Université Hassan II de Casablanca,Morocco,25.6–30.4,64.5,19.6,28.8,7.7,12.5
801–1000,Universiti Tunku Abdul Rahman (UTAR),Malaysia,25.6–30.4,48.5,35.8,43.2,13.0,14.2
801–1000,University of Alcalá,Spain,25.6–30.4,44.6,48.4,53.3,12.0,15.9
801–1000,University of Al-Qadisiyah,Iraq,25.6–30.4,59.1,16.0,37.5,6.5,14.7
801–1000,University of Azad Jammu and Kashmir,Pakistan,25.6–30.4,61.1,17.8,49.9,13.1,12.0
801–1000,University of Bergamo,Italy,25.6–30.4,56.1,41.6,34.9,11.5,12.6
801–1000,University of Campania Luigi Vanvitelli,Italy,25.6–30.4,55.0,39.5,28.4,8.1,16.6
801–1000,University of Castilla-La Mancha,Spain,25.6–30.4,51.5,43.2,47.2,11.1,20.8
801–1000,"University of Chemistry and Technology, Prague",Czechia,25.6–30.4,34.2,49.0,55.8,13.3,22.7
801–1000,University of Chile,Chile,25.6–30.4,44.4,43.2,53.9,13.0,16.5
801–1000,University of Chittagong,Bangladesh,25.6–30.4,58.7,26.1,57.8,7.8,13.4
801–1000,University of Clermont Auvergne,France,25.6–30.4,40.0,62.7,72.8,13.2,14.6
801–1000,"University of Engineering and Technology, Peshawar",Pakistan,25.6–30.4,58.2,22.0,49.6,8.7,17.2
801–1000,University of Engineering & Technology (UET) Lahore,Pakistan,25.6–30.4,49.9,21.4,51.3,9.4,16.1
801–1000,University of Ilorin,Nigeria,25.6–30.4,62.0,17.6,40.2,7.2,10.3
801–1000,University of Indonesia,Indonesia,25.6–30.4,28.8,55.0,60.5,18.0,28.7
801–1000,University of Isfahan,Iran,25.6–30.4,61.0,37.8,31.4,12.4,15.5
801–1000,University of Kurdistan,Iran,25.6–30.4,65.0,28.2,33.4,12.5,9.7
801–1000,University of Ljubljana,Slovenia,25.6–30.4,39.1,65.5,39.3,14.0,18.4
801–1000,University of Lucknow,India,25.6–30.4,65.1,23.4,29.4,11.1,13.4
801–1000,University of Malta,Malta,25.6–30.4,43.6,28.1,43.3,10.9,20.6
801–1000,University of Maragheh,Iran,25.6–30.4,69.6,23.8,38.9,13.2,6.6
801–1000,University of Mascara,Algeria,25.6–30.4,59.2,7.5,47.1,6.8,11.7
801–1000,University of Mazandaran,Iran,25.6–30.4,64.1,33.6,26.9,13.8,8.5
801–1000,University of Monastir,Tunisia,25.6–30.4,54.8,29.7,47.4,13.9,18.8
801–1000,University of Mysore,India,25.6–30.4,52.8,30.6,37.7,15.5,13.6
801–1000,University of Navarra,Spain,25.6–30.4,29.2,66.5,49.8,18.8,23.9
801–1000,"University of Nevada, Las Vegas",United States,25.6–30.4,39.9,48.8,41.7,17.3,15.2
801–1000,University of Qom,Iran,25.6–30.4,54.3,23.1,42.9,11.3,11.9
801–1000,University of Rouen Normandie,France,25.6–30.4,36.4,55.6,58.9,15.4,9.8
801–1000,University of Salamanca,Spain,25.6–30.4,48.4,39.3,48.8,13.4,14.9
801–1000,University of Santiago de Compostela,Spain,25.6–30.4,44.5,50.4,50.8,12.6,22.5
801–1000,University of Savoie Mont Blanc,France,25.6–30.4,41.5,62.3,51.9,13.3,12.3
801–1000,University of Sfax,Tunisia,25.6–30.4,47.2,34.7,46.2,12.4,18.8
801–1000,University of Shanghai for Science and Technology,China,25.6–30.4,49.9,38.3,25.3,8.7,15.8
801–1000,University of Szeged,Hungary,25.6–30.4,37.1,55.5,55.5,18.0,15.6
801–1000,University of Technology of Compiègne,France,25.6–30.4,29.2,50.1,79.1,10.5,22.8
801–1000,University of the Balearic Islands,Spain,25.6–30.4,45.0,35.6,49.2,13.1,14.4
801–1000,University of Zaragoza,Spain,25.6–30.4,43.3,66.7,41.3,13.2,18.6
801–1000,Ural Federal University,Russian Federation,25.6–30.4,42.0,34.2,49.5,18.7,13.7
801–1000,"Vels Institute of Science, Technology and Advanced Studies (VISTAS)",India,25.6–30.4,67.0,16.3,21.7,8.5,19.0
801–1000,"Vietnam National University, Hanoi",Vietnam,25.6–30.4,37.5,29.3,63.4,13.8,17.3
801–1000,Vinayaka Mission’s Research Foundation,India,25.6–30.4,68.6,15.7,20.3,6.4,14.1
801–1000,VSB - Technical University of Ostrava,Czechia,25.6–30.4,34.3,32.0,47.0,16.9,21.0
801–1000,Warsaw University of Technology,Poland,25.6–30.4,30.5,50.4,31.0,21.8,25.3
801–1000,Wrocław University of Science and Technology,Poland,25.6–30.4,35.7,51.8,29.6,16.2,17.7
801–1000,Wuhan Textile University,China,25.6–30.4,64.3,48.5,24.4,10.3,14.1
801–1000,Xiangtan University,China,25.6–30.4,62.9,48.7,21.7,11.1,10.2
801–1000,Yanshan University,China,25.6–30.4,46.2,46.5,21.2,11.0,16.9
801–1000,Yarmouk University,Jordan,25.6–30.4,62.8,27.0,58.7,9.1,9.7
801–1000,Yasouj University,Iran,25.6–30.4,58.6,25.8,22.8,12.8,7.8
801–1000,Yazd University,Iran,25.6–30.4,50.5,26.3,36.1,11.8,14.5
801–1000,Yokohama National University,Japan,25.6–30.4,24.9,80.5,35.0,19.1,26.2
801–1000,Zewail City of Science and Technology,Egypt,25.6–30.4,53.2,27.6,36.8,12.4,16.1
801–1000,ZHAW Zurich University of Applied Sciences,Switzerland,25.6–30.4,43.8,41.5,62.9,11.1,17.3
1001–1250,Acharya Nagarjuna University,India,19.5–25.5,35.0,22.1,27.1,8.5,24.5
1001–1250,Al-Farabi Kazakh National University,Kazakhstan,19.5–25.5,22.8,17.4,72.1,8.1,20.0
1001–1250,Al-Nahrain University,Iraq,19.5–25.5,48.7,17.6,27.0,7.9,15.9
1001–1250,Ankara University,Turkey,19.5–25.5,44.2,31.6,35.1,10.1,14.6
1001–1250,Ankara Yildirim Beyazit University,Turkey,19.5–25.5,49.2,18.0,36.7,8.6,10.9
1001–1250,An-Najah National University,Palestine,19.5–25.5,44.5,25.9,64.7,9.3,8.2
1001–1250,"Arab Academy for Science, Technology and Maritime Transport",Egypt,19.5–25.5,39.6,20.4,50.1,9.7,17.1
1001–1250,Arak University,Iran,19.5–25.5,41.1,26.5,29.8,11.9,9.2
1001–1250,Atılım University,Turkey,19.5–25.5,39.9,22.1,51.5,7.5,10.6
1001–1250,Badji Mokhtar University – Annaba,Algeria,19.5–25.5,26.3,19.1,37.2,8.0,21.1
1001–1250,Baku State University,Azerbaijan,19.5–25.5,22.4,20.3,41.9,14.0,17.2
1001–1250,"Balochistan University of Information Technology, Engineering and Management Sciences (BUITEMS)",Pakistan,19.5–25.5,53.8,16.7,50.2,7.9,11.2
1001–1250,Institut Teknologi Bandung,Indonesia,19.5–25.5,33.6,31.9,37.4,16.1,20.4
1001–1250,Bayero University,Nigeria,19.5–25.5,52.7,17.2,49.9,7.1,11.4
1001–1250,Belarusian State University,Belarus,19.5–25.5,18.2,64.5,52.5,13.7,17.3
1001–1250,BINUS University,Indonesia,19.5–25.5,31.9,21.3,32.4,18.4,15.4
1001–1250,Botswana International University of Science and Technology (BIUST),Botswana,19.5–25.5,40.9,17.4,74.9,10.1,12.7
1001–1250,B. S. Abdur Rahman Crescent Institute of Science and Technology,India,19.5–25.5,47.5,22.5,25.3,7.7,17.3
1001–1250,Bursa Uludağ University,Turkey,19.5–25.5,37.2,25.7,29.4,8.8,12.2
1001–1250,Chaoyang University of Technology,Taiwan,19.5–25.5,36.9,49.1,42.0,16.4,9.5
1001–1250,Chiba University,Japan,19.5–25.5,22.7,65.1,36.2,12.7,21.3
1001–1250,Chosun University,South Korea,19.5–25.5,32.6,77.5,25.1,13.7,12.8
1001–1250,Cochin University of Science and Technology,India,19.5–25.5,30.2,36.3,23.5,14.1,24.4
1001–1250,Cracow University of Technology,Poland,19.5–25.5,35.9,28.7,28.1,12.3,17.8
1001–1250,Cukurova University,Turkey,19.5–25.5,38.6,33.9,28.7,8.9,12.0
1001–1250,Damghan University,Iran,19.5–25.5,51.5,22.1,26.9,10.1,8.7
1001–1250,Dankook University,South Korea,19.5–25.5,30.8,57.4,22.3,15.6,11.9
1001–1250,Don State Technical University,Russian Federation,19.5–25.5,45.9,18.1,33.6,8.5,14.3
1001–1250,Durban University of Technology,South Africa,19.5–25.5,47.1,21.3,48.5,9.7,14.0
1001–1250,Ege University,Turkey,19.5–25.5,34.8,46.2,28.8,10.6,14.6
1001–1250,Federal University of Espírito Santo,Brazil,19.5–25.5,35.4,25.9,32.8,8.9,13.8
1001–1250,Federal University of Minas Gerais,Brazil,19.5–25.5,31.3,48.5,31.7,14.4,23.1
1001–1250,Federal University of Pelotas,Brazil,19.5–25.5,42.0,25.7,23.5,9.8,11.6
1001–1250,Universidade Federal de Pernambuco,Brazil,19.5–25.5,23.8,36.0,27.8,8.6,19.8
1001–1250,Federal University of Santa Maria,Brazil,19.5–25.5,44.9,29.9,29.4,8.8,21.0
1001–1250,"Federal University of Technology, Minna",Nigeria,19.5–25.5,52.9,17.2,42.7,6.9,9.1
1001–1250,Federal University of Uberlândia,Brazil,19.5–25.5,24.7,56.5,26.0,12.3,18.9
1001–1250,Federico Santa María Technical University,Chile,19.5–25.5,36.2,41.8,53.2,9.8,8.5
1001–1250,Feng Chia University,Taiwan,19.5–25.5,29.2,51.0,34.0,13.0,12.3
1001–1250,Fu Jen Catholic University,Taiwan,19.5–25.5,29.8,75.8,31.0,16.2,10.3
1001–1250,Gauhati University,India,19.5–25.5,38.1,34.4,21.6,15.3,18.1
1001–1250,Gaziantep University,Turkey,19.5–25.5,40.7,20.7,41.0,8.0,10.4
1001–1250,Gazi University,Turkey,19.5–25.5,42.1,32.7,23.4,10.2,15.0
1001–1250,Gebze Technical University,Turkey,19.5–25.5,39.9,38.0,33.8,14.1,11.7
1001–1250,Gifu University,Japan,19.5–25.5,17.2,55.2,32.3,12.2,15.7
1001–1250,GITAM University,India,19.5–25.5,39.0,17.1,24.9,9.0,17.0
1001–1250,Glasgow Caledonian University,United Kingdom,19.5–25.5,33.9,29.1,81.6,8.4,12.4
1001–1250,GMR Institute of Technology,India,19.5–25.5,45.2,16.7,22.4,7.4,11.8
1001–1250,Guru Jambheshwar University of Science and Technology,India,19.5–25.5,58.9,19.1,19.8,10.1,10.6
1001–1250,Gyeongsang National University,South Korea,19.5–25.5,38.3,54.1,25.9,13.6,16.7
1001–1250,Hanoi University of Science and Technology,Vietnam,19.5–25.5,32.6,40.8,34.8,15.6,15.9
1001–1250,Hassiba Benbouali University of Chlef,Algeria,19.5–25.5,35.2,26.7,38.6,7.6,12.4
1001–1250,Helwan University,Egypt,19.5–25.5,42.5,22.0,45.0,7.3,15.3
1001–1250,Hindustan Institute of Technology and Science,India,19.5–25.5,47.5,17.4,24.8,7.5,16.2
1001–1250,Hongik University,South Korea,19.5–25.5,28.4,60.7,25.6,16.2,14.0
1001–1250,Hosei University,Japan,19.5–25.5,37.8,44.4,30.1,10.4,13.4
1001–1250,Indian Institute of Science Education and Research Bhopal,India,19.5–25.5,33.9,22.9,26.8,16.0,14.3
1001–1250,Indira Gandhi Delhi Technical University for Women,India,19.5–25.5,40.7,17.0,17.9,8.3,11.6
1001–1250,Institute of Space Technology,Pakistan,19.5–25.5,48.3,10.7,48.8,8.0,12.2
1001–1250,Institut Teknologi Sepuluh Nopember,Indonesia,19.5–25.5,23.1,34.3,41.4,10.5,20.7
1001–1250,International Hellenic University,Greece,19.5–25.5,47.7,21.8,28.7,7.0,6.7
1001–1250,Istanbul University-Cerrahpaşa,Turkey,19.5–25.5,33.7,28.3,27.7,10.1,13.3
1001–1250,Jönköping University,Sweden,19.5–25.5,41.0,18.6,49.5,9.7,13.8
1001–1250,Kagawa University,Japan,19.5–25.5,25.7,41.9,35.0,9.5,14.2
1001–1250,Kanazawa University,Japan,19.5–25.5,27.1,60.5,33.2,14.4,19.8
1001–1250,Kangwon National University,South Korea,19.5–25.5,37.5,54.3,23.1,17.4,13.9
1001–1250,Karadeniz Technical University,Turkey,19.5–25.5,42.4,37.9,26.8,9.8,11.5
1001–1250,Karpagam Academy of Higher Education,India,19.5–25.5,55.0,16.4,24.7,7.5,15.0
1001–1250,Kasetsart University,Thailand,19.5–25.5,35.3,38.7,29.3,10.0,12.6
1001–1250,King Mongkut’s Institute of Technology Ladkrabang,Thailand,19.5–25.5,24.2,68.0,35.1,18.4,14.1
1001–1250,Kochi University of Technology,Japan,19.5–25.5,21.3,57.9,36.9,10.7,17.1
1001–1250,Konya Technical University,Turkey,19.5–25.5,48.0,6.6,24.0,8.5,10.7
1001–1250,Kumamoto University,Japan,19.5–25.5,22.9,66.4,43.7,14.2,18.9
1001–1250,Kuwait University,Kuwait,19.5–25.5,27.3,31.4,55.9,8.6,16.5
1001–1250,Kwame Nkrumah University of Science and Technology,Ghana,19.5–25.5,36.5,32.6,47.2,8.5,10.9
1001–1250,Kyoto Institute of Technology,Japan,19.5–25.5,18.3,60.1,31.1,14.0,21.2
1001–1250,L.N. Gumilyov Eurasian National University,Kazakhstan,19.5–25.5,49.4,16.1,53.6,9.1,8.6
1001–1250,Lobachevsky State University of Nizhni Novgorod,Russian Federation,19.5–25.5,14.9,46.9,38.5,13.3,19.9
1001–1250,Lodz University of Technology,Poland,19.5–25.5,30.2,46.0,31.3,12.3,16.9
1001–1250,Londrina State University,Brazil,19.5–25.5,26.1,30.8,28.3,8.9,18.9
1001–1250,Lublin University of Technology,Poland,19.5–25.5,40.3,24.8,39.6,12.3,15.8
1001–1250,Mapúa University,Philippines,19.5–25.5,41.9,17.7,21.5,7.9,9.5
1001–1250,Marmara University,Turkey,19.5–25.5,40.5,41.4,27.3,9.6,11.8
1001–1250,"Mehran University of Engineering and Technology, Jamshoro, Pakistan",Pakistan,19.5–25.5,41.1,18.8,49.5,8.4,12.1
1001–1250,Mendel University in Brno,Czechia,19.5–25.5,31.5,20.1,55.0,9.7,16.3
1001–1250,Miguel Hernández University of Elche,Spain,19.5–25.5,28.3,49.9,39.5,11.1,10.3
1001–1250,Montana State University,United States,19.5–25.5,24.1,52.3,37.5,14.6,14.2
1001–1250,Moscow Polytechnic University,Russian Federation,19.5–25.5,51.1,20.1,33.9,12.0,13.0
1001–1250,Moscow Power Engineering Institute,Russian Federation,19.5–25.5,20.6,46.1,37.3,15.8,21.8
1001–1250,Nagaoka University of Technology,Japan,19.5–25.5,18.8,55.2,39.6,13.8,24.5
1001–1250,Nagasaki University,Japan,19.5–25.5,21.5,46.8,38.3,11.4,13.7
1001–1250,"State University ""Kyiv Aviation Institute""",Ukraine,19.5–25.5,40.5,17.2,31.3,7.0,14.9
1001–1250,National Ilan University,Taiwan,19.5–25.5,27.7,46.0,33.6,12.9,9.3
1001–1250,"National Institute of Applied Sciences, Strasbourg (INSA Strasbourg)",France,19.5–25.5,34.6,41.2,66.7,10.7,13.4
1001–1250,National Institute of Technology Delhi,India,19.5–25.5,47.7,17.4,24.7,8.9,16.9
1001–1250,National Institute of Technology Srinagar,India,19.5–25.5,42.1,17.2,24.7,9.4,16.5
1001–1250,National Institute of Technology Warangal,India,19.5–25.5,46.6,22.5,26.1,11.1,18.6
1001–1250,National Kaohsiung University of Science and Technology,Taiwan,19.5–25.5,39.3,51.4,26.7,15.4,11.7
1001–1250,National Research University of Electronic Technology (MIET),Russian Federation,19.5–25.5,10.0,46.0,26.0,14.1,28.4
1001–1250,National Taiwan Ocean University,Taiwan,19.5–25.5,27.9,58.8,24.6,16.5,13.7
1001–1250,National University of Distance Education (UNED),Spain,19.5–25.5,29.2,38.5,29.6,11.2,18.5
1001–1250,National University of Life and Environmental Sciences of Ukraine,Ukraine,19.5–25.5,54.0,15.8,26.3,6.6,10.4
1001–1250,Niğde Ömer Halisdemir University,Turkey,19.5–25.5,44.4,20.3,33.0,7.9,11.9
1001–1250,Nile University,Egypt,19.5–25.5,41.1,29.8,31.2,10.1,15.9
1001–1250,Okayama University,Japan,19.5–25.5,28.2,69.9,34.6,14.5,15.9
1001–1250,Ondokuz Mayis University,Turkey,19.5–25.5,39.0,22.4,39.6,8.2,16.1
1001–1250,Payame Noor University,Iran,19.5–25.5,50.7,22.9,25.1,7.3,8.3
1001–1250,Persian Gulf University,Iran,19.5–25.5,52.6,22.1,43.9,10.9,10.1
1001–1250,Plekhanov Russian University of Economics,Russian Federation,19.5–25.5,40.2,18.0,42.0,10.2,16.6
1001–1250,Polytechnic University of Bucharest,Romania,19.5–25.5,29.1,34.9,44.0,9.9,13.4
1001–1250,Polytechnic University of Timişoara,Romania,19.5–25.5,47.7,29.6,23.7,8.4,13.5
1001–1250,Pontifical Catholic University of Rio Grande do Sul (PUCRS),Brazil,19.5–25.5,19.6,58.5,34.3,16.5,17.0
1001–1250,Pontifical Catholic University of Valparaíso,Chile,19.5–25.5,27.4,33.5,55.1,8.9,9.4
1001–1250,Poznań University of Life Sciences,Poland,19.5–25.5,29.5,33.2,28.9,11.1,16.8
1001–1250,Poznan University of Technology,Poland,19.5–25.5,40.0,38.1,26.2,12.4,18.8
1001–1250,Pukyong National University,South Korea,19.5–25.5,37.2,45.4,26.3,13.1,19.9
1001–1250,Reshetnev Siberian State University of Science and Technology,Russian Federation,19.5–25.5,49.0,15.9,21.2,6.6,13.7
1001–1250,REVA University,India,19.5–25.5,56.2,16.8,20.9,6.7,10.4
1001–1250,Rowan University,United States,19.5–25.5,36.7,36.9,55.3,13.3,14.3
1001–1250,Saitama University,Japan,19.5–25.5,20.2,50.4,36.1,12.5,13.0
1001–1250,Samara National Research University (Samara University),Russian Federation,19.5–25.5,23.0,40.1,52.7,14.8,25.9
1001–1250,Sechenov University,Russian Federation,19.5–25.5,35.4,20.5,61.5,8.2,15.7
1001–1250,Shibaura Institute of Technology,Japan,19.5–25.5,23.3,41.2,44.2,13.8,16.8
1001–1250,Shizuoka University,Japan,19.5–25.5,23.5,68.9,38.1,14.0,15.6
1001–1250,Sichuan University of Science and Engineering,China,19.5–25.5,37.7,34.3,21.6,8.7,8.5
1001–1250,Sikkim Manipal University,India,19.5–25.5,46.7,16.0,21.4,7.2,15.0
1001–1250,Silpakorn University,Thailand,19.5–25.5,33.3,38.5,27.9,14.3,8.5
1001–1250,Sivas Cumhuriyet University,Turkey,19.5–25.5,50.9,19.2,52.7,9.4,10.9
1001–1250,Slovak University of Technology in Bratislava,Slovakia,19.5–25.5,22.0,33.8,40.3,10.5,18.5
1001–1250,Sofia University,Bulgaria,19.5–25.5,22.9,40.3,34.9,9.0,16.9
1001–1250,Soongsil University,South Korea,19.5–25.5,29.9,52.4,22.6,15.4,14.6
1001–1250,Sophia University,Japan,19.5–25.5,15.8,58.6,38.8,10.9,17.3
1001–1250,Srinakharinwirot University,Thailand,19.5–25.5,41.2,26.4,21.7,9.2,13.9
1001–1250,Sri Venkateswara University,India,19.5–25.5,36.8,25.7,31.1,9.4,19.9
1001–1250,Ştefan cel Mare University of Suceava,Romania,19.5–25.5,42.3,18.7,33.8,10.7,11.1
1001–1250,St Petersburg Electrotechnical University (LETI),Russian Federation,19.5–25.5,23.5,43.0,41.1,15.4,18.8
1001–1250,Süleyman Demirel University,Turkey,19.5–25.5,53.4,23.0,27.1,7.5,12.4
1001–1250,Suranaree University of Technology,Thailand,19.5–25.5,31.1,50.3,30.3,15.3,14.4
1001–1250,Taras Shevchenko National University of Kyiv,Ukraine,19.5–25.5,26.9,38.8,40.7,17.5,16.5
1001–1250,Technical University of Cluj-Napoca,Romania,19.5–25.5,37.6,29.3,26.8,10.5,12.7
1001–1250,Technical University of Crete,Greece,19.5–25.5,44.6,36.3,34.8,9.2,10.2
1001–1250,Technical University of Liberec,Czechia,19.5–25.5,25.9,28.2,54.3,11.8,21.6
1001–1250,Technological University Dublin,Ireland,19.5–25.5,39.1,34.6,62.7,8.7,12.4
1001–1250,Telkom University,Indonesia,19.5–25.5,32.2,21.6,50.7,7.8,15.0
1001–1250,Tezpur University,India,19.5–25.5,39.0,30.8,20.0,10.0,17.0
1001–1250,The British University in Egypt,Egypt,19.5–25.5,54.9,17.8,30.5,7.4,13.7
1001–1250,TOBB University of Economics and Technology,Turkey,19.5–25.5,46.1,33.8,42.5,10.8,10.3
1001–1250,Tokai University,Japan,19.5–25.5,32.2,43.8,36.2,11.4,12.5
1001–1250,Tokyo Metropolitan University,Japan,19.5–25.5,27.7,61.9,32.3,13.5,19.6
1001–1250,Tomas Bata University in Zlín,Czechia,19.5–25.5,30.3,32.5,38.4,13.0,12.3
1001–1250,Transilvania University of Brașov,Romania,19.5–25.5,36.9,24.5,31.7,8.9,10.7
1001–1250,Tribhuvan University,Nepal,19.5–25.5,45.0,16.6,49.5,6.4,7.6
1001–1250,Unisinos University,Brazil,19.5–25.5,29.6,28.5,37.1,11.0,16.9
1001–1250,Universidad Andrés Bello (UNAB),Chile,19.5–25.5,44.6,23.3,57.9,7.5,8.7
1001–1250,Universidade Federal de São Paulo (UNIFESP),Brazil,19.5–25.5,28.0,47.6,30.5,15.8,15.0
1001–1250,Universidade Federal do ABC (UFABC),Brazil,19.5–25.5,35.9,24.6,36.2,10.7,9.8
1001–1250,Universidade Federal do Paraná (UFPR),Brazil,19.5–25.5,31.3,39.0,35.6,11.7,16.3
1001–1250,Universidade Lusófona,Portugal,19.5–25.5,35.8,18.9,66.0,7.3,15.4
1001–1250,Universidad San Francisco de Quito,Ecuador,19.5–25.5,35.0,17.7,53.6,8.0,15.2
1001–1250,Universitas Airlangga,Indonesia,19.5–25.5,35.9,19.6,66.1,9.5,17.0
1001–1250,Universitas Padjadjaran,Indonesia,19.5–25.5,20.7,35.8,66.8,10.1,23.5
1001–1250,Universitas Pendidikan Indonesia,Indonesia,19.5–25.5,40.2,32.1,28.9,11.4,10.1
1001–1250,Universitas Sebelas Maret,Indonesia,19.5–25.5,33.3,46.0,48.2,13.7,12.5
1001–1250,Université 8 Mai 1945 Guelma,Algeria,19.5–25.5,41.9,16.7,37.8,8.7,16.8
1001–1250,Université de Gabès,Tunisia,19.5–25.5,40.8,19.6,43.8,9.1,16.8
1001–1250,Université de Skikda,Algeria,19.5–25.5,58.5,16.1,41.4,6.5,10.3
1001–1250,Université Hassan 1er,Morocco,19.5–25.5,37.7,18.6,29.8,10.4,23.3
1001–1250,Université Sultan Moulay Slimane,Morocco,19.5–25.5,44.8,17.4,25.1,15.2,6.9
1001–1250,Universiti Malaysia Kelantan,Malaysia,19.5–25.5,39.6,35.2,39.5,12.2,11.7
1001–1250,Universiti Malaysia Perlis,Malaysia,19.5–25.5,25.0,26.7,38.0,10.0,17.7
1001–1250,Universiti Malaysia Sarawak (UNIMAS),Malaysia,19.5–25.5,26.0,47.1,59.9,11.1,20.0
1001–1250,Universiti Teknologi MARA,Malaysia,19.5–25.5,33.5,32.2,26.5,13.0,18.4
1001–1250,Universiti Tun Hussein Onn Malaysia (UTHM),Malaysia,19.5–25.5,30.3,21.9,42.4,9.7,16.2
1001–1250,University of A Coruña,Spain,19.5–25.5,30.1,30.4,39.4,9.1,19.6
1001–1250,University of Algarve,Portugal,19.5–25.5,35.7,26.9,61.1,9.2,16.5
1001–1250,University of Almería,Spain,19.5–25.5,41.2,43.2,42.1,11.8,12.7
1001–1250,University of Anbar,Iraq,19.5–25.5,50.7,18.3,43.6,7.5,15.8
1001–1250,University of Antioquia,Colombia,19.5–25.5,26.9,44.1,38.6,17.0,10.6
1001–1250,HES-SO University of Applied Sciences and Arts of Western Switzerland,Switzerland,19.5–25.5,26.6,27.0,73.0,8.4,16.3
1001–1250,University of Babylon,Iraq,19.5–25.5,41.3,16.8,24.0,7.0,16.8
1001–1250,University of Baghdad,Iraq,19.5–25.5,38.6,23.3,26.5,9.5,19.3
1001–1250,University of Béjaïa,Algeria,19.5–25.5,35.7,19.5,44.1,8.0,9.9
1001–1250,University of Birjand,Iran,19.5–25.5,44.4,20.3,29.8,9.6,7.3
1001–1250,University of Biskra,Algeria,19.5–25.5,36.4,17.9,37.1,8.1,14.5
1001–1250,University of Brasília,Brazil,19.5–25.5,25.7,32.6,42.1,10.5,16.7
1001–1250,University of Burgos,Spain,19.5–25.5,36.1,28.6,39.7,9.3,15.4
1001–1250,University of Cadiz,Spain,19.5–25.5,32.2,30.5,42.8,9.9,14.1
1001–1250,University of Carthage,Tunisia,19.5–25.5,38.9,30.2,43.5,9.3,18.8
1001–1250,University of Concepción,Chile,19.5–25.5,27.9,65.7,53.3,14.8,12.4
1001–1250,University of Debrecen,Hungary,19.5–25.5,26.0,28.4,56.7,11.3,13.8
1001–1250,University of Diyala,Iraq,19.5–25.5,53.5,17.3,29.7,6.4,16.2
1001–1250,University of Évora,Portugal,19.5–25.5,27.3,27.2,46.7,16.5,10.0
1001–1250,University of Ghana,Ghana,19.5–25.5,42.8,24.7,48.8,10.8,9.1
1001–1250,University of Havana,Cuba,19.5–25.5,14.4,58.0,50.0,12.0,21.6
1001–1250,University of Ioannina,Greece,19.5–25.5,39.2,41.8,36.1,11.6,13.0
1001–1250,University of Kragujevac,Serbia,19.5–25.5,38.1,22.6,29.7,8.2,11.7
1001–1250,University of la Costa,Colombia,19.5–25.5,51.8,16.0,53.7,6.8,8.9
1001–1250,University of Lagos,Nigeria,19.5–25.5,36.8,17.3,39.2,8.7,10.7
1001–1250,University of La Laguna,Spain,19.5–25.5,30.8,30.3,48.0,11.0,16.0
1001–1250,University of La Rochelle,France,19.5–25.5,34.2,29.5,67.5,10.7,15.9
1001–1250,University of León,Spain,19.5–25.5,47.1,40.3,31.8,9.6,13.1
1001–1250,University of Malaga,Spain,19.5–25.5,39.4,47.6,44.9,10.6,14.1
1001–1250,University of Maribor,Slovenia,19.5–25.5,31.7,37.9,40.1,11.1,16.8
1001–1250,University Cadi Ayyad of Marrakech,Morocco,19.5–25.5,39.8,24.9,37.2,8.9,17.5
1001–1250,University of Miskolc,Hungary,19.5–25.5,23.3,29.3,42.3,11.2,16.6
1001–1250,University of Moratuwa,Sri Lanka,19.5–25.5,42.2,24.5,24.4,9.9,8.6
1001–1250,University of Nigeria Nsukka,Nigeria,19.5–25.5,33.6,19.2,44.9,7.8,18.3
1001–1250,University of Oviedo,Spain,19.5–25.5,34.9,41.8,41.3,9.2,20.2
1001–1250,University of Pannonia,Hungary,19.5–25.5,21.9,39.7,31.5,16.8,17.2
1001–1250,University of Pau and Pays de l’Adour,France,19.5–25.5,26.8,38.0,78.2,8.3,21.5
1001–1250,University of Peradeniya,Sri Lanka,19.5–25.5,37.1,28.4,34.0,9.3,7.2
1001–1250,University of Puerto Rico,Puerto Rico,19.5–25.5,32.5,50.3,46.6,9.3,9.1
1001–1250,University of Silesia in Katowice,Poland,19.5–25.5,22.5,32.3,32.9,13.2,16.5
1001–1250,University of Sistan and Baluchestan,Iran,19.5–25.5,36.8,23.2,23.2,10.8,11.0
1001–1250,University of Sousse,Tunisia,19.5–25.5,42.3,20.9,41.9,8.6,11.6
1001–1250,University of Split,Croatia,19.5–25.5,44.4,23.3,29.5,9.2,12.0
1001–1250,University of Talca,Chile,19.5–25.5,38.9,19.8,58.0,8.3,10.7
1001–1250,"University of Technology, Iraq",Iraq,19.5–25.5,52.9,21.0,27.0,7.3,16.6
1001–1250,University of Technology of Troyes,France,19.5–25.5,32.3,34.4,70.5,10.2,18.0
1001–1250,University of the Aegean,Greece,19.5–25.5,52.6,33.9,30.0,10.1,8.2
1001–1250,"University of the Andes, Colombia",Colombia,19.5–25.5,41.1,36.2,46.1,12.0,15.4
1001–1250,"University of the North, Colombia",Colombia,19.5–25.5,43.3,24.4,44.0,8.2,10.5
1001–1250,University of the Ryukyus,Japan,19.5–25.5,40.8,33.7,48.4,10.9,10.9
1001–1250,University of Thessaly,Greece,19.5–25.5,53.5,29.0,38.9,8.7,10.3
1001–1250,University of Tours,France,19.5–25.5,22.3,36.4,66.5,9.7,15.5
1001–1250,University of Toyama,Japan,19.5–25.5,26.3,58.8,40.6,11.2,12.8
1001–1250,University of Trás-os-Montes and Alto Douro,Portugal,19.5–25.5,34.8,16.4,37.2,9.7,13.1
1001–1250,University of Tunis,Tunisia,19.5–25.5,32.6,24.2,36.6,11.0,19.3
1001–1250,University of Valladolid,Spain,19.5–25.5,29.2,43.5,44.8,9.1,18.4
1001–1250,University of West Attica,Greece,19.5–25.5,54.2,21.6,24.2,7.3,6.7
1001–1250,University of West Bohemia,Czechia,19.5–25.5,29.2,32.6,32.4,15.4,19.5
1001–1250,University of Western Macedonia,Greece,19.5–25.5,45.1,25.4,33.1,8.6,9.5
1001–1250,University of Zagreb,Croatia,19.5–25.5,39.0,51.2,26.8,10.9,17.5
1001–1250,University of Zanjan,Iran,19.5–25.5,53.6,21.8,28.0,8.0,10.2
1001–1250,University of Žilina,Slovakia,19.5–25.5,28.9,27.5,34.7,11.9,22.0
1001–1250,University Rey Juan Carlos,Spain,19.5–25.5,41.3,34.3,36.3,9.7,12.3
1001–1250,Urmia University of Technology,Iran,19.5–25.5,44.2,18.8,31.0,9.1,8.0
1001–1250,Van Yüzüncü Yil University,Turkey,19.5–25.5,46.7,20.9,26.3,12.3,18.7
1001–1250,Veltech University,India,19.5–25.5,50.2,16.2,28.2,7.7,12.8
1001–1250,Vietnam National University (Ho Chi Minh City),Vietnam,19.5–25.5,35.9,45.5,35.1,15.3,12.8
1001–1250,"Vignan’s Foundation for Science, Technology and Research",India,19.5–25.5,42.2,18.7,25.0,7.0,14.9
1001–1250,Vilnius Gediminas Technical University (Vilnius Tech),Lithuania,19.5–25.5,29.7,35.6,49.4,11.3,14.8
1001–1250,"Visvesvaraya National Institute of Technology, Nagpur",India,19.5–25.5,41.6,32.6,20.4,9.8,17.8
1001–1250,Walailak University,Thailand,19.5–25.5,30.1,19.6,36.7,11.1,13.0
1001–1250,Wasit University,Iraq,19.5–25.5,53.1,16.0,32.8,7.7,13.8
1001–1250,Yamagata University,Japan,19.5–25.5,27.6,88.1,31.8,13.9,13.8
1001–1250,Yamaguchi University,Japan,19.5–25.5,24.0,67.7,36.6,11.9,15.3
1001–1250,Yaşar University,Turkey,19.5–25.5,40.7,18.7,33.1,8.6,11.8
1001–1250,Zonguldak Bülent Ecevit University,Turkey,19.5–25.5,50.0,21.4,34.6,6.8,9.0
1251+,Adana Alparslan Türkeş Science and Technology University,Turkey,9.4–19.4,26.3,16.3,22.3,6.8,13.3
1251+,Afyon Kocatepe University,Turkey,9.4–19.4,38.7,19.5,28.8,7.3,8.4
1251+,Ahmadu Bello University,Nigeria,9.4–19.4,29.0,16.8,42.5,6.9,11.8
1251+,Akita University,Japan,9.4–19.4,10.7,35.7,27.7,10.3,13.0
1251+,Aksaray University,Turkey,9.4–19.4,29.1,20.7,44.4,7.2,13.1
1251+,Al-Furat Al-Awsat Technical University,Iraq,9.4–19.4,15.1,16.6,28.2,6.7,8.4
1251+,Altai State University,Russian Federation,9.4–19.4,18.7,31.7,46.6,15.1,13.6
1251+,Aoyama Gakuin University,Japan,9.4–19.4,13.9,49.0,29.8,9.8,11.8
1251+,Ariel University,Israel,9.4–19.4,17.6,26.9,37.1,9.8,10.8
1251+,Austral University of Chile,Chile,9.4–19.4,20.5,22.5,59.5,8.0,8.6
1251+,Autonomous University of Baja California,Mexico,9.4–19.4,19.5,18.4,29.7,6.6,9.1
1251+,Azerbaijan State Oil and Industry University,Azerbaijan,9.4–19.4,15.6,15.6,29.3,6.6,13.8
1251+,Benemérita Universidad Autónoma de Puebla,Mexico,9.4–19.4,14.0,20.8,32.7,6.8,10.2
1251+,Bharati Vidyapeeth University,India,9.4–19.4,34.3,20.7,20.8,6.9,11.7
1251+,Bialystok University of Technology,Poland,9.4–19.4,22.6,20.6,29.8,9.7,17.2
1251+,Bilecik Şeyh Edebali University,Turkey,9.4–19.4,23.1,21.4,39.4,7.3,13.5
1251+,Blida 1 University,Algeria,9.4–19.4,14.1,17.9,33.6,7.9,10.5
1251+,Bursa Technical University,Turkey,9.4–19.4,34.0,18.3,31.6,7.9,9.7
1251+,Catholic University of the North,Chile,9.4–19.4,25.5,18.9,55.2,8.2,7.6
1251+,Centro Federal de Educação Tecnológica Celso Suckow da Fonseca (CEFET-RJ),Brazil,9.4–19.4,24.0,17.1,31.9,6.7,7.4
1251+,Chiba Institute of Technology,Japan,9.4–19.4,10.4,29.2,20.9,8.0,11.0
1251+,Chubu University,Japan,9.4–19.4,12.3,43.3,24.5,9.3,10.3
1251+,Chuo University,Japan,9.4–19.4,18.5,56.0,24.6,13.7,11.8
1251+,De La Salle University,Philippines,9.4–19.4,31.9,18.6,28.5,8.9,13.9
1251+,Diponegoro University,Indonesia,9.4–19.4,22.2,27.2,36.9,11.8,15.5
1251+,Dokuz Eylül University,Turkey,9.4–19.4,24.7,28.6,25.8,8.7,12.3
1251+,Doshisha University,Japan,9.4–19.4,11.6,42.6,22.3,10.5,13.2
1251+,Dumlupinar University,Turkey,9.4–19.4,39.3,9.8,37.7,6.7,7.2
1251+,Dunarea de Jos University of Galati,Romania,9.4–19.4,22.8,18.4,38.0,7.8,18.9
1251+,Ehime University,Japan,9.4–19.4,13.1,53.8,27.2,11.6,11.3
1251+,Escuela Politécnica Nacional,Ecuador,9.4–19.4,14.3,19.5,40.2,7.4,10.0
1251+,Escuela Superior Politécnica del Litoral,Ecuador,9.4–19.4,25.7,18.0,49.2,7.7,11.8
1251+,Eskişehir Osmangazi University,Turkey,9.4–19.4,28.3,22.4,26.1,7.9,11.7
1251+,Eskişehir Technical University,Turkey,9.4–19.4,24.4,20.9,25.4,7.6,13.1
1251+,"Federal Institute of Education, Science and Technology of São Paulo",Brazil,9.4–19.4,7.9,15.5,22.7,6.0,16.6
1251+,Federal Rural University of Pernambuco,Brazil,9.4–19.4,21.5,22.4,33.3,7.6,8.0
1251+,Federal University of Goiás,Brazil,9.4–19.4,18.9,27.3,28.1,14.2,15.2
1251+,Federal University of Itajubá,Brazil,9.4–19.4,20.9,21.8,28.6,8.0,14.6
1251+,Federal University of Lavras,Brazil,9.4–19.4,24.9,23.2,26.6,10.3,12.3
1251+,Federal University of Mato Grosso do Sul,Brazil,9.4–19.4,28.7,24.3,35.5,7.0,15.8
1251+,Federal University of Pará,Brazil,9.4–19.4,22.1,26.0,26.1,8.4,14.5
1251+,Federal University of Rio Grande do Norte (UFRN),Brazil,9.4–19.4,25.1,30.3,33.5,9.0,14.4
1251+,"Federal University of Technology, Owerri",Nigeria,9.4–19.4,25.8,16.2,38.7,6.1,13.2
1251+,Federal University of Viçosa,Brazil,9.4–19.4,26.0,29.1,23.3,10.0,18.7
1251+,Ferhat Abbas Sétif University 1,Algeria,9.4–19.4,31.2,19.8,38.6,7.6,12.8
1251+,Fluminense Federal University,Brazil,9.4–19.4,32.3,27.2,33.3,8.5,9.6
1251+,Gdynia Maritime University,Poland,9.4–19.4,19.9,20.1,21.9,8.4,13.4
1251+,Gheorghe Asachi Technical University of Iaşi,Romania,9.4–19.4,24.6,28.2,31.3,9.0,11.4
1251+,Grigore T. Popa University of Medicine and Pharmacy,Romania,9.4–19.4,15.2,26.5,20.3,10.7,15.1
1251+,Gubkin Russian State University of Oil and Gas,Russian Federation,9.4–19.4,13.1,38.5,27.1,10.0,15.3
1251+,Gunma University,Japan,9.4–19.4,14.8,61.7,30.3,11.0,14.0
1251+,Hasanuddin University,Indonesia,9.4–19.4,14.7,19.4,20.7,7.3,10.9
1251+,Hue University,Vietnam,9.4–19.4,20.3,17.3,40.0,8.1,13.1
1251+,Ibaraki University,Japan,9.4–19.4,15.7,47.1,25.7,9.9,11.5
1251+,Industrial University of Tyumen,Russian Federation,9.4–19.4,7.5,17.3,24.6,6.6,11.7
1251+,Inönü University,Turkey,9.4–19.4,26.4,14.0,30.2,8.9,17.4
1251+,Instituto Politécnico Nacional (IPN),Mexico,9.4–19.4,15.6,29.0,25.7,9.3,15.7
1251+,Irkutsk National Research Technical University,Russian Federation,9.4–19.4,18.9,26.4,36.0,9.0,17.0
1251+,I-Shou University,Taiwan,9.4–19.4,17.7,44.2,25.9,10.2,12.4
1251+,Islamic University of Indonesia,Indonesia,9.4–19.4,12.9,16.9,40.6,6.7,10.0
1251+,Ivanovo State University of Chemistry and Technology,Russian Federation,9.4–19.4,6.3,18.6,27.9,6.8,9.9
1251+,Iwate University,Japan,9.4–19.4,9.7,50.8,28.6,8.7,14.5
1251+,Izmir Institute of Technology,Turkey,9.4–19.4,26.6,34.0,32.7,10.9,13.5
1251+,Jianghan University,China,9.4–19.4,37.7,29.1,20.1,8.0,9.6
1251+,Jimma University,Ethiopia,9.4–19.4,28.9,17.9,48.1,6.5,10.5
1251+,Kagoshima University,Japan,9.4–19.4,10.1,58.8,22.9,9.2,11.0
1251+,Kanagawa University,Japan,9.4–19.4,8.8,32.1,36.0,7.1,13.1
1251+,Kansai University,Japan,9.4–19.4,9.1,35.3,27.1,7.9,16.6
1251+,Kazan National Research Technological University,Russian Federation,9.4–19.4,9.6,32.3,33.5,7.8,14.1
1251+,Kazan State Power Engineering University,Russian Federation,9.4–19.4,30.0,23.3,22.3,9.2,8.5
1251+,Kemerovo State University,Russian Federation,9.4–19.4,14.7,16.7,40.1,9.9,8.7
1251+,Kharkiv Aviation Institute,Ukraine,9.4–19.4,23.0,8.5,28.7,7.5,14.7
1251+,Kharkiv National University of Radio Electronics,Ukraine,9.4–19.4,25.1,16.5,27.4,7.4,14.4
1251+,Kindai University,Japan,9.4–19.4,10.2,42.7,23.8,9.0,11.9
1251+,Kirikkale University,Turkey,9.4–19.4,31.5,23.1,20.0,11.2,9.1
1251+,Kocaeli University,Turkey,9.4–19.4,37.0,28.3,27.9,7.3,7.8
1251+,Kogakuin University,Japan,9.4–19.4,12.7,44.9,27.0,9.2,10.5
1251+,Latvia University of Life Sciences and Technologies,Latvia,9.4–19.4,22.4,18.1,23.6,11.8,9.4
1251+,Lucian Blaga University of Sibiu,Romania,9.4–19.4,26.3,18.2,30.0,7.6,10.1
1251+,Lviv Polytechnic National University,Ukraine,9.4–19.4,29.7,19.4,32.0,9.9,14.6
1251+,Mahasarakham University,Thailand,9.4–19.4,12.6,27.2,20.9,8.0,12.3
1251+,Manisa Celal Bayar University,Turkey,9.4–19.4,38.1,9.4,23.9,6.3,7.6
1251+,Meiji University,Japan,9.4–19.4,14.4,43.9,25.0,10.4,10.5
1251+,Meijo University,Japan,9.4–19.4,14.4,48.1,24.0,9.4,9.7
1251+,Mendeleev University of Chemical Technology,Russian Federation,9.4–19.4,11.2,30.6,27.0,10.9,13.2
1251+,Mersin University,Turkey,9.4–19.4,24.7,24.0,30.7,8.4,8.7
1251+,Metropolitan Autonomous University,Mexico,9.4–19.4,13.4,30.8,24.7,13.6,10.7
1251+,M’Hamed Bougara University of Boumerdès,Algeria,9.4–19.4,28.1,18.5,31.9,7.3,11.4
1251+,Middle Technical University,Iraq,9.4–19.4,27.7,18.4,27.6,5.8,7.5
1251+,Mie University,Japan,9.4–19.4,18.2,63.9,27.0,10.9,12.4
1251+,MIREA - Russian Technological University,Russian Federation,9.4–19.4,10.6,48.2,24.6,9.9,12.3
1251+,M S Ramaiah University of Applied Sciences (RUAS),India,9.4–19.4,29.8,16.5,18.2,7.1,17.4
1251+,Mugla Sitki Kocman University,Turkey,9.4–19.4,38.1,23.7,27.0,9.1,7.3
1251+,Muroran Institute of Technology,Japan,9.4–19.4,23.3,37.1,39.7,8.9,13.1
1251+,Mustansiriyah University,Iraq,9.4–19.4,22.2,19.9,38.1,7.4,17.3
1251+,Naresuan University,Thailand,9.4–19.4,19.4,49.0,24.4,10.6,9.0
1251+,National Changhua University of Education,Taiwan,9.4–19.4,14.7,44.8,21.5,13.4,16.9
1251+,National Chi Nan University,Taiwan,9.4–19.4,11.0,69.8,25.7,11.2,14.1
1251+,National Formosa University,Taiwan,9.4–19.4,11.2,42.8,19.5,8.7,10.3
1251+,National Pingtung University of Science and Technology,Taiwan,9.4–19.4,12.3,38.1,26.1,11.8,10.9
1251+,National Technical University Kharkiv Polytechnic Institute,Ukraine,9.4–19.4,19.8,17.7,37.3,8.2,19.3
1251+,National Technical University of Ukraine – Igor Sikorsky Kyiv Polytechnic Institute,Ukraine,9.4–19.4,17.8,21.0,23.6,9.7,17.5
1251+,National United University,Taiwan,9.4–19.4,13.1,52.3,21.2,9.8,8.8
1251+,National University of Colombia,Colombia,9.4–19.4,24.6,37.0,37.2,9.9,14.3
1251+,National University of Córdoba,Argentina,9.4–19.4,11.3,21.5,37.7,8.0,17.9
1251+,National University of Cuyo,Argentina,9.4–19.4,7.9,19.0,41.8,7.0,14.8
1251+,National University of Kaohsiung,Taiwan,9.4–19.4,13.6,48.6,27.7,12.7,9.8
1251+,National University of La Plata,Argentina,9.4–19.4,14.8,27.3,62.0,8.7,14.7
1251+,NED University of Engineering and Technology,Pakistan,9.4–19.4,21.0,21.3,48.0,9.8,9.9
1251+,Niigata University,Japan,9.4–19.4,15.5,49.6,28.6,12.0,11.3
1251+,Nizhny Novgorod State Technical University n.a. R.E. Alekseev,Russian Federation,9.4–19.4,8.0,33.0,23.2,7.9,12.5
1251+,North-Caucasus Federal University,Russian Federation,9.4–19.4,24.1,17.9,35.1,6.6,16.3
1251+,North-Eastern Federal University,Russian Federation,9.4–19.4,25.1,18.3,20.9,9.9,11.1
1251+,Northern Technical University,Iraq,9.4–19.4,19.9,16.4,26.4,6.5,9.0
1251+,Novosibirsk State Technical University,Russian Federation,9.4–19.4,13.8,30.8,41.0,12.6,19.3
1251+,Obafemi Awolowo University,Nigeria,9.4–19.4,27.9,21.8,40.3,8.6,11.9
1251+,Ogarev Mordovia State University,Russian Federation,9.4–19.4,8.5,20.7,25.5,7.5,12.6
1251+,Oles Honchar Dnipro National University,Ukraine,9.4–19.4,7.8,16.3,23.4,7.6,17.3
1251+,Omsk State Technical University,Russian Federation,9.4–19.4,4.0,21.0,26.4,7.7,11.2
1251+,Oran 1 University,Algeria,9.4–19.4,27.4,21.6,35.3,8.6,15.3
1251+,Osaka Institute of Technology,Japan,9.4–19.4,18.8,39.2,25.1,10.2,10.4
1251+,Pamukkale University,Turkey,9.4–19.4,27.7,23.4,24.1,7.1,8.2
1251+,Perm National Research Polytechnic University,Russian Federation,9.4–19.4,12.1,48.5,34.1,12.3,17.0
1251+,Platov South-Russian State Polytechnic University (NPI),Russian Federation,9.4–19.4,6.2,19.4,30.1,13.7,25.0
1251+,Pontifical Catholic University of Peru,Peru,9.4–19.4,21.7,19.0,36.4,7.2,16.7
1251+,Pontificia Universidad Javeriana,Colombia,9.4–19.4,16.1,31.5,38.7,9.7,11.9
1251+,PSG College of Technology,India,9.4–19.4,34.0,20.7,19.1,8.7,13.2
1251+,Russian University of Transport (MIIT),Russian Federation,9.4–19.4,23.4,26.8,22.8,8.8,11.5
1251+,R V College of Engineering,India,9.4–19.4,20.6,21.8,17.6,7.8,17.7
1251+,Rzeszów University of Technology,Poland,9.4–19.4,27.2,22.3,23.2,8.7,15.3
1251+,Saga University,Japan,9.4–19.4,15.8,57.8,33.6,9.5,13.6
1251+,Saints Cyril and Methodius University in Skopje,North Macedonia,9.4–19.4,19.2,30.9,37.1,7.5,11.7
1251+,Samara State Technical University,Russian Federation,9.4–19.4,9.3,24.1,23.3,8.6,13.3
1251+,Satbayev University,Kazakhstan,9.4–19.4,13.4,23.4,74.8,8.7,16.5
1251+,Shimane University,Japan,9.4–19.4,9.2,36.8,29.4,8.2,14.1
1251+,Southwest State University,Russian Federation,9.4–19.4,11.3,21.6,31.6,7.9,13.2
1251+,State University of Malang,Indonesia,9.4–19.4,19.9,16.0,44.0,7.6,9.4
1251+,Széchenyi István University,Hungary,9.4–19.4,25.1,17.7,27.6,9.1,11.5
1251+,Technical University of Cartagena,Spain,9.4–19.4,27.3,31.2,34.2,8.1,16.0
1251+,Technical University of Sofia,Bulgaria,9.4–19.4,19.1,24.2,24.8,9.1,16.2
1251+,The University of the West Indies,Jamaica,9.4–19.4,23.2,23.7,48.9,7.4,15.7
1251+,Thiagarajar College of Engineering,India,9.4–19.4,29.2,19.1,19.8,7.8,13.7
1251+,Tikrit University,Iraq,9.4–19.4,21.3,16.6,31.7,6.8,14.3
1251+,Tokushima University,Japan,9.4–19.4,14.6,57.2,29.2,12.0,14.4
1251+,Tokyo City University,Japan,9.4–19.4,16.7,43.3,27.4,10.9,12.6
1251+,Tokyo Denki University,Japan,9.4–19.4,8.8,35.0,21.7,7.9,10.9
1251+,Tokyo University of Marine Science and Technology,Japan,9.4–19.4,15.7,35.3,37.8,9.9,20.2
1251+,Tomsk State University of Control Systems and Radioelectronics,Russian Federation,9.4–19.4,9.1,48.2,44.0,11.7,17.1
1251+,Tottori University,Japan,9.4–19.4,12.8,43.6,21.0,8.8,12.1
1251+,Toyo University,Japan,9.4–19.4,9.1,29.8,28.7,8.0,10.7
1251+,Tula State University,Russian Federation,9.4–19.4,8.0,22.2,17.7,10.0,14.2
1251+,Ufa State Petroleum Technological University,Russian Federation,9.4–19.4,16.1,16.3,33.3,7.3,15.8
1251+,Ufa University of Science and Technology,Russian Federation,9.4–19.4,14.9,30.7,24.5,11.2,13.2
1251+,Universidad Autónoma de Chile,Chile,9.4–19.4,26.9,7.5,58.2,10.8,8.6
1251+,Universidad Autónoma de Ciudad Juárez,Mexico,9.4–19.4,14.3,18.8,33.4,6.4,10.4
1251+,Universidad Autónoma de Coahuila,Mexico,9.4–19.4,19.5,18.3,29.7,6.7,10.0
1251+,Universidad Autónoma del Estado de Hidalgo,Mexico,9.4–19.4,9.0,19.8,24.9,7.8,11.0
1251+,Universidad Autónoma del Estado de Mexico (UAEMex),Mexico,9.4–19.4,8.9,18.5,26.0,7.2,16.4
1251+,Universidad Autónoma del Estado de Morelos,Mexico,9.4–19.4,11.6,25.0,25.0,13.1,13.8
1251+,Universidad Autónoma de Nuevo León (UANL),Mexico,9.4–19.4,25.0,22.3,32.8,7.3,7.9
1251+,Universidad Autónoma de Querétaro,Mexico,9.4–19.4,26.2,25.0,26.1,7.8,10.2
1251+,Universidad de las Fuerzas Armadas – ESPE,Ecuador,9.4–19.4,12.4,16.4,40.1,6.5,8.5
1251+,Universidad del Valle,Colombia,9.4–19.4,12.6,21.0,36.5,7.6,10.9
1251+,Universidad Distrital Francisco José de Caldas,Colombia,9.4–19.4,11.8,15.8,27.4,6.5,13.4
1251+,Universidade do Estado de Santa Catarina,Brazil,9.4–19.4,20.3,19.3,22.9,7.3,15.7
1251+,Universidade do Estado do Rio de Janeiro (UERJ),Brazil,9.4–19.4,16.8,31.4,30.6,9.7,18.1
1251+,Universidade Estadual de Maringá,Brazil,9.4–19.4,24.8,24.5,22.8,8.6,15.3
1251+,Universidade Federal da Bahia,Brazil,9.4–19.4,20.1,23.2,27.2,8.1,14.5
1251+,Universidade Federal de Juiz de Fora,Brazil,9.4–19.4,23.9,36.3,32.3,10.2,12.5
1251+,Universidade Federal de Sergipe,Brazil,9.4–19.4,13.1,23.8,32.5,7.9,13.0
1251+,Universidade Federal do Maranhão (UFMA),Brazil,9.4–19.4,11.3,22.4,26.3,6.9,11.2
1251+,Universidade Tecnológica Federal do Paraná (UTFPR),Brazil,9.4–19.4,22.9,25.5,26.0,8.1,13.9
1251+,Universidad Industrial de Santander (UIS),Colombia,9.4–19.4,14.7,24.4,35.8,14.2,8.1
1251+,Universidad Michoacana de San Nicolás de Hidalgo,Mexico,9.4–19.4,11.5,21.3,26.5,6.5,15.9
1251+,Universidad Nacional del Litoral,Argentina,9.4–19.4,18.5,34.0,38.9,8.1,14.3
1251+,Universidad Panamericana (UP),Mexico,9.4–19.4,17.0,16.4,46.8,6.5,15.6
1251+,Universidad Peruana de Ciencias Aplicadas (UPC),Peru,9.4–19.4,8.9,15.4,23.4,6.2,7.7
1251+,Universidad Politécnica Salesiana,Ecuador,9.4–19.4,23.5,17.6,33.8,7.0,8.0
1251+,Universidad Pontificia Bolivariana (UPB),Colombia,9.4–19.4,14.3,50.3,36.9,9.8,17.6
1251+,Universitas Andalas,Indonesia,9.4–19.4,19.1,23.4,44.6,7.5,12.4
1251+,Universitas Muhammadiyah Yogyakarta,Indonesia,9.4–19.4,17.6,16.1,28.0,8.3,7.2
1251+,Universitas Sriwijaya,Indonesia,9.4–19.4,18.9,16.7,31.1,6.9,11.7
1251+,Universitas Sumatera Utara,Indonesia,9.4–19.4,17.9,19.5,40.3,7.5,9.6
1251+,Universitas Syiah Kuala,Indonesia,9.4–19.4,25.2,20.1,32.1,7.1,12.3
1251+,Université Frères Mentouri Constantine 1,Algeria,9.4–19.4,16.0,21.0,32.6,8.1,12.1
1251+,Université Kasdi Merbah Ouargla,Algeria,9.4–19.4,22.0,16.3,28.3,7.5,12.4
1251+,Université Mouloud Mammeri de Tizi-Ouzou,Algeria,9.4–19.4,14.0,17.2,43.8,7.0,13.8
1251+,Universiti Kuala Lumpur,Malaysia,9.4–19.4,28.9,21.8,33.8,7.6,16.8
1251+,Universiti Teknikal Malaysia Melaka,Malaysia,9.4–19.4,27.0,21.9,36.8,9.3,14.8
1251+,University Mohamed Boudiaf of M’Sila,Algeria,9.4–19.4,21.3,19.3,37.3,8.8,13.3
1251+,University of Abou Bekr Belkaïd Tlemcen,Algeria,9.4–19.4,17.3,19.3,33.9,9.2,15.3
1251+,University of Basrah,Iraq,9.4–19.4,29.9,18.6,30.6,7.7,13.4
1251+,University of Batna 2,Algeria,9.4–19.4,13.0,16.6,29.1,7.4,13.2
1251+,University of Bío-Bío,Chile,9.4–19.4,17.8,25.4,45.8,8.0,7.6
1251+,University of Brawijaya,Indonesia,9.4–19.4,14.4,21.6,30.1,7.9,13.7
1251+,University of Costa Rica,Costa Rica,9.4–19.4,20.1,11.1,45.0,7.4,12.1
1251+,University of Craiova,Romania,9.4–19.4,24.6,19.4,22.5,9.4,10.2
1251+,University of Fukui,Japan,9.4–19.4,11.3,39.9,32.8,10.7,15.9
1251+,University of Guadalajara,Mexico,9.4–19.4,16.0,20.3,29.6,6.6,9.6
1251+,University of Guanajuato,Mexico,9.4–19.4,15.3,23.0,30.0,7.1,12.4
1251+,University of Hyogo,Japan,9.4–19.4,11.5,72.4,19.8,12.1,12.8
1251+,University of Ibadan,Nigeria,9.4–19.4,24.1,19.9,43.0,8.4,17.2
1251+,University of Jijel,Algeria,9.4–19.4,27.3,18.2,36.3,7.3,13.7
1251+,University of Kerbala,Iraq,9.4–19.4,19.2,16.2,32.5,6.5,14.4
1251+,University of La Frontera,Chile,9.4–19.4,20.6,21.1,47.0,7.7,7.5
1251+,University of Laghouat,Algeria,9.4–19.4,19.8,16.4,39.6,7.1,16.4
1251+,University of Las Palmas de Gran Canaria,Spain,9.4–19.4,25.9,28.7,40.7,8.6,12.6
1251+,University of Mauritius,Mauritius,9.4–19.4,20.0,29.4,27.4,9.1,12.1
1251+,University of Miyazaki,Japan,9.4–19.4,18.1,33.5,25.9,8.9,9.6
1251+,University of Montenegro,Montenegro,9.4–19.4,27.0,30.8,43.4,8.2,7.9
1251+,University of Mosul,Iraq,9.4–19.4,14.4,36.0,22.6,8.2,15.3
1251+,University of Novi Sad,Serbia,9.4–19.4,23.5,28.6,39.8,7.6,12.0
1251+,University of Oradea,Romania,9.4–19.4,28.5,17.4,31.2,8.0,11.9
1251+,University of Oum El Bouaghi,Algeria,9.4–19.4,23.9,22.8,34.7,8.6,17.7
1251+,University of Pardubice,Czechia,9.4–19.4,16.4,29.9,42.9,11.2,17.9
1251+,University of Pécs,Hungary,9.4–19.4,14.5,21.2,54.4,12.9,12.8
1251+,University of Port Harcourt,Nigeria,9.4–19.4,16.0,18.3,29.5,7.6,11.8
1251+,University of Rijeka,Croatia,9.4–19.4,27.5,23.5,24.2,9.0,12.7
1251+,"University of Santiago, Chile (USACH)",Chile,9.4–19.4,24.8,27.8,44.8,8.5,10.4
1251+,University of Sarajevo,Bosnia and Herzegovina,9.4–19.4,20.4,26.5,25.4,7.6,11.7
1251+,University of Science and Technology of Oran Mohamed-Boudiaf,Algeria,9.4–19.4,12.9,16.7,31.5,7.4,15.3
1251+,University of Sciences and Technology Houari Boumediene,Algeria,9.4–19.4,20.2,25.3,34.7,8.5,11.4
1251+,University of Sonora,Mexico,9.4–19.4,12.4,47.4,28.0,6.7,9.7
1251+,University of Texas Rio Grande Valley,United States,9.4–19.4,27.1,21.0,52.7,8.4,11.0
1251+,University of the Philippines,Philippines,9.4–19.4,24.1,31.8,34.8,11.3,13.8
1251+,University of Thi-Qar,Iraq,9.4–19.4,21.6,15.8,37.9,6.6,13.8
1251+,University of Warmia and Mazury in Olsztyn,Poland,9.4–19.4,26.7,23.0,22.3,9.8,13.0
1251+,University of Yamanashi,Japan,9.4–19.4,14.8,49.0,33.3,10.7,17.3
1251+,Utsunomiya University,Japan,9.4–19.4,10.9,37.0,24.1,10.4,14.1
1251+,Volgograd State Technical University,Russian Federation,9.4–19.4,10.6,16.7,27.3,8.5,13.5
1251+,Voronezh State Technical University,Russian Federation,9.4–19.4,25.9,17.4,26.0,7.1,13.2
1251+,Voronezh State University,Russian Federation,9.4–19.4,12.4,19.0,33.6,11.5,19.9
1251+,Warsaw University of Life Sciences – SGGW,Poland,9.4–19.4,30.4,21.5,30.5,9.9,14.5
1251+,Wrocław University of Environmental and Life Sciences,Poland,9.4–19.4,22.7,26.0,29.6,14.3,13.1
1251+,Yanbian University,China,9.4–19.4,22.8,22.9,26.5,7.6,7.5
1251+,Yuriy Fedkovych Chernivtsi National University,Ukraine,9.4–19.4,10.3,21.3,30.7,8.5,12.4
