rank,name,country,overall_score,research_qlt_score,industry_score,intl_outlook_score,research_env_score,teaching_score,number_students,student_staff_ratio,intl_students,female_male_ratio,_merge
1,University of Oxford,United Kingdom,98.3,99.4,92.4,95.5,98.7,99.2,"22,095",10.8,43%,51 : 49,both
2,University of Cambridge,United Kingdom,97.3,95.6,99.5,96.1,100.0,95.8,"20,980",11.5,38%,49 : 51,both
3,Massachusetts Institute of Technology,United States,96.2,99.1,100.0,80.6,99.4,93.2,"11,836",8.0,33%,42 : 58,both
4,ETH Zurich,Switzerland,96.1,99.3,90.8,94.4,99.4,91.3,"22,883",15.8,44%,33 : 67,both
5,Stanford University,United States,96.0,99.8,100.0,76.7,98.8,93.5,"16,963",5.9,23%,47 : 53,both
6,Carnegie Mellon University,United States,95.7,99.7,99.3,79.6,96.2,94.5,"15,312",13.1,46%,44 : 56,both
6,Princeton University,United States,95.7,99.6,91.5,78.8,97.6,95.5,"8,378",7.8,23%,47 : 53,both
8,Imperial College London,United Kingdom,93.6,95.1,89.7,96.1,95.5,90.7,"21,000",12.1,60%,43 : 57,both
8,"University of California, Berkeley",United States,93.6,99.9,99.0,78.0,93.8,89.7,"42,423",18.7,25%,52 : 48,both
10,Harvard University,United States,93.4,95.9,75.7,81.4,99.1,93.5,"22,584",10.0,25%,52 : 48,both
11,National University of Singapore,Singapore,93.3,98.0,99.4,89.7,94.9,86.3,"34,388",21.0,26%,49 : 51,both
12,Peking University,China,92.4,96.0,99.9,57.6,93.4,94.9,"34,981",11.5,15%,,both
13,Tsinghua University,China,92.3,96.0,100.0,39.5,95.7,97.0,"38,289",11.0,9%,,both
14,Technical University of Munich,Germany,91.2,93.1,100.0,71.5,96.8,86.5,"34,907",41.8,43%,35 : 65,both
15,California Institute of Technology,United States,90.9,95.4,99.7,62.7,96.4,85.8,"2,397",6.4,32%,38 : 62,both
16,Cornell University,United States,90.8,97.9,74.8,76.5,96.0,86.9,"25,528",10.5,26%,52 : 48,both
17,"University of California, Los Angeles",United States,90.1,97.3,86.5,80.7,92.9,83.7,"44,237",9.9,15%,56 : 44,both
18,University of Washington,United States,89.8,98.0,86.9,69.6,93.5,84.1,"49,647",10.0,16%,57 : 43,both
19,"Nanyang Technological University, Singapore",Singapore,89.0,96.9,100.0,91.2,89.2,77.3,"26,044",17.1,29%,48 : 52,both
20,École Polytechnique Fédérale de Lausanne,Switzerland,88.8,85.6,98.2,93.3,90.9,86.0,"12,432",12.5,64%,30 : 70,both
21,University of Illinois at Urbana-Champaign,United States,88.2,94.1,86.2,65.5,96.8,80.2,"50,655",19.7,25%,51 : 49,both
22,Georgia Institute of Technology,United States,87.1,92.9,94.5,77.3,91.5,77.5,"34,116",31.4,31%,34 : 66,both
23,University of Toronto,Canada,86.6,94.3,70.8,85.3,86.8,83.8,"80,107",25.2,29%,56 : 44,both
24,Yale University,United States,86.3,91.7,69.8,81.4,87.3,86.0,"14,401",6.2,22%,53 : 47,both
25,Johns Hopkins University,United States,85.8,99.5,97.8,82.6,80.3,75.3,"21,735",5.8,32%,55 : 45,both
26,Columbia University,United States,85.6,94.1,83.7,84.3,82.5,81.5,"30,541",5.9,40%,,both
27,New York University,United States,84.7,94.7,98.7,93.2,83.5,69.9,"49,423",7.4,45%,59 : 41,both
28,The Hong Kong University of Science and Technology,Hong Kong,84.6,97.9,100.0,96.8,76.7,72.2,"9,534",16.5,44%,,both
29,University of Edinburgh,United Kingdom,84.1,89.9,91.8,95.2,78.3,79.2,"37,035",12.2,49%,62 : 38,both
30,The Chinese University of Hong Kong,Hong Kong,83.6,99.6,98.9,95.0,72.3,72.1,"18,210",18.6,27%,,both
31,University of Texas at Austin,United States,83.4,93.0,95.1,47.1,89.2,74.3,"50,047",16.6,9%,55 : 45,both
32,Zhejiang University,China,82.4,88.5,100.0,70.1,82.0,75.2,"50,206",12.1,15%,,both
33,Shanghai Jiao Tong University,China,81.9,84.6,100.0,63.1,84.5,76.4,"40,159",12.4,9%,36 : 64,both
34,UCL,United Kingdom,81.6,88.0,71.6,96.8,79.4,76.4,"41,935",11.1,61%,60 : 40,both
35,"University of California, San Diego",United States,81.3,94.5,99.9,77.7,78.1,67.3,"39,993",11.0,21%,49 : 51,both
36,University of Pennsylvania,United States,80.8,92.1,78.7,79.1,82.2,69.2,"22,539",6.8,24%,55 : 45,both
37,The University of Tokyo,Japan,80.7,60.5,100.0,42.0,92.8,92.7,"26,438",10.4,17%,,both
38,Paris Sciences et Lettres – PSL Research University Paris,France,80.3,87.6,87.4,83.8,70.5,80.3,"16,016",14.9,21%,50 : 50,both
39,Korea Advanced Institute of Science and Technology (KAIST),South Korea,80.2,85.4,100.0,42.9,84.9,74.4,"10,156",11.2,11%,22 : 78,both
40,The University of Chicago,United States,79.7,93.3,68.8,73.5,78.7,72.2,"16,373",6.0,38%,46 : 54,both
41,University of Michigan-Ann Arbor,United States,79.3,90.0,74.6,60.6,84.4,70.0,"47,787",8.5,18%,52 : 48,both
42,Institut Polytechnique de Paris,France,77.7,68.2,95.4,93.4,69.8,86.0,"6,062",6.7,43%,24 : 76,both
43,University of Waterloo,Canada,77.6,85.7,84.9,86.1,73.3,69.7,"35,370",23.1,22%,47 : 53,both
44,KU Leuven,Belgium,76.4,85.0,100.0,69.2,70.2,69.5,"50,447",37.5,20%,52 : 48,both
45,Delft University of Technology,Netherlands,75.6,84.8,99.9,87.1,70.0,62.2,"20,943",14.5,37%,32 : 68,both
46,Université de Montréal,Canada,74.6,90.9,100.0,88.4,71.3,51.0,"39,359",20.2,23%,,both
47,Purdue University West Lafayette,United States,74.5,79.5,79.9,77.4,78.0,63.5,"41,612",18.7,20%,42 : 58,both
48,University of Massachusetts,United States,74.2,85.8,91.5,78.4,61.8,69.5,"62,044",12.8,14%,51 : 49,both
49,Seoul National University,South Korea,74.0,77.5,100.0,34.4,74.6,73.2,"25,644",14.2,16%,,both
50,University of Melbourne,Australia,73.1,82.4,80.4,91.2,64.0,66.5,"50,303",23.6,48%,58 : 42,both
51,University of British Columbia,Canada,72.9,87.4,85.0,92.0,66.0,57.2,"59,931",19.3,34%,56 : 44,both
52,University of Science and Technology of China,China,72.6,95.7,94.9,38.4,62.5,63.1,"20,888",8.0,5%,,both
53,University of Hong Kong,Hong Kong,72.2,98.7,82.2,96.9,58.1,51.4,"18,010",18.4,45%,55 : 45,both
54,Université Paris-Saclay,France,71.8,65.2,99.2,73.9,65.4,76.6,"32,679",15.0,24%,51 : 49,both
55,LMU Munich,Germany,71.7,90.1,99.5,63.1,63.0,57.2,"34,235",33.0,18%,61 : 39,both
56,"University of Maryland, College Park",United States,70.8,93.1,77.4,49.9,68.5,54.8,"33,914",16.9,9%,50 : 50,both
57,City University of Hong Kong,Hong Kong,70.7,92.3,100.0,98.8,51.4,53.4,"8,592",12.5,72%,54 : 46,both
57,Duke University,United States,70.5,88.7,100.0,75.2,57.7,56.2,"17,180",4.3,22%,54 : 46,both
58,Fudan University,China,70.4,90.0,99.0,42.4,55.3,66.1,"38,462",12.3,9%,52 : 48,both
60,RWTH Aachen University,Germany,69.9,78.6,99.9,55.7,69.5,57.0,"29,050",37.1,31%,35 : 65,both
61,Monash University,Australia,69.8,97.0,84.8,94.6,50.8,51.7,"54,821",32.6,37%,55 : 45,both
62,"University of California, Santa Barbara",United States,69.6,90.2,96.8,80.1,59.4,49.3,"25,442",27.6,17%,55 : 45,both
63,University of Wisconsin-Madison,United States,69.0,87.3,76.9,79.2,63.8,51.4,"43,549",10.6,14%,,both
64,University of Southern California,United States,68.8,91.7,87.6,75.6,58.1,50.0,"44,180",14.2,27%,54 : 46,both
65,Technical University of Berlin,Germany,68.6,82.7,99.7,67.3,64.9,50.0,"20,260",48.2,28%,36 : 64,both
66,Nanjing University,China,68.3,88.8,98.3,56.7,53.0,58.4,"33,608",14.6,10%,59 : 41,both
67,Kyoto University,Japan,68.2,58.3,95.5,47.1,67.9,76.0,"21,707",9.0,11%,25 : 75,both
68,University of Manchester,United Kingdom,67.6,75.2,84.9,95.7,57.8,57.7,"42,160",15.1,46%,56 : 44,both
69,KTH Royal Institute of Technology,Sweden,67.5,83.3,86.5,70.7,59.9,53.4,"13,113",15.6,26%,34 : 66,both
69,The University of Sydney,Australia,67.5,98.5,74.8,96.7,48.5,46.7,"53,079",27.5,51%,57 : 43,both
71,Brown University,United States,67.4,96.3,70.4,72.5,45.1,59.8,"10,476",10.3,20%,,both
72,University of Amsterdam,Netherlands,67.1,90.9,81.1,81.0,52.8,50.7,"29,759",12.8,39%,60 : 40,both
73,Technical University of Darmstadt,Germany,66.9,86.3,99.9,62.3,55.6,51.5,"14,153",33.1,24%,33 : 67,both
74,The Hong Kong Polytechnic University,Hong Kong,66.0,91.9,87.8,97.7,47.2,45.2,"20,387",22.3,35%,50 : 50,both
75,"University of California, Irvine",United States,65.9,88.4,77.5,79.4,56.9,46.2,"35,218",15.5,25%,54 : 46,both
76,McGill University,Canada,65.3,79.2,94.0,87.2,54.1,49.2,"30,051",11.3,30%,61 : 39,both
77,Sorbonne University,France,64.4,71.6,72.0,75.8,54.3,62.6,"40,340",14.1,22%,61 : 39,both
78,Karlsruhe Institute of Technology,Germany,64.1,72.4,100.0,50.2,62.9,50.8,"20,875",41.3,24%,29 : 71,both
79,TU Wien,Austria,64.0,70.6,79.0,76.0,59.2,55.1,"10,606",17.6,33%,32 : 68,both
80,University of Alberta,Canada,63.7,80.7,99.8,93.0,54.2,38.5,"34,169",23.9,27%,,both
81,Australian National University,Australia,63.6,94.1,82.4,94.3,48.2,36.0,"17,100",14.8,48%,53 : 47,both
82,Eindhoven University of Technology,Netherlands,63.3,69.3,98.8,84.3,58.9,46.3,"10,686",21.0,31%,,both
83,University of Technology Sydney,Australia,63.2,97.4,99.0,95.8,40.2,34.4,"28,533",36.6,24%,51 : 49,both
84,UNSW Sydney,Australia,62.3,91.0,88.9,93.6,44.0,37.2,"46,165",35.6,41%,46 : 54,both
85,Northwestern University,United States,61.9,90.1,68.8,71.1,48.9,43.1,"19,922",8.0,20%,53 : 47,both
86,Sungkyunkwan University (SKKU),South Korea,61.5,70.4,99.5,65.0,49.2,53.8,"20,416",17.0,21%,48 : 52,both
86,University of Tübingen,Germany,61.5,94.1,99.0,57.9,45.3,36.6,"21,337",27.8,15%,59 : 41,both
88,Aalto University,Finland,61.2,87.7,80.5,72.6,44.3,44.0,"14,298",20.3,25%,39 : 61,both
88,Politecnico di Milano,Italy,61.2,74.9,98.1,50.8,50.9,50.7,"39,532",24.4,20%,,both
90,Tokyo Institute of Technology,Japan,60.9,55.0,98.8,51.8,60.4,58.8,"9,908",9.9,16%,16 : 84,both
91,King’s College London,United Kingdom,60.8,85.1,66.6,96.4,41.1,46.0,"35,360",14.0,53%,64 : 36,both
92,University of Adelaide,Australia,60.7,98.4,99.2,95.9,36.0,28.9,"22,577",31.4,30%,50 : 50,both
93,Michigan State University,United States,60.3,96.6,73.8,81.5,44.6,31.4,"44,672",16.1,10%,53 : 47,both
94,University of Bologna,Italy,60.1,80.6,98.4,52.5,48.1,43.5,"76,955",24.2,14%,57 : 43,both
95,University of Bonn,Germany,59.7,89.1,69.6,60.0,47.2,41.1,"25,027",38.5,15%,57 : 43,both
96,Indian Institute of Science,India,59.6,61.8,98.8,29.3,56.2,58.0,"4,648",9.8,1%,26 : 74,both
96,Korea University,South Korea,59.6,83.3,99.9,54.1,41.3,45.2,"21,741",17.3,38%,,both
97,Yonsei University (Seoul campus),South Korea,59.4,92.8,100.0,37.4,42.6,38.3,"19,235",14.4,12%,50 : 50,both
98,Aarhus University,Denmark,59.3,73.3,98.6,73.4,48.4,41.7,"25,966",12.8,15%,56 : 44,both
98,Harbin Institute of Technology,China,59.3,74.4,99.9,34.5,48.1,51.1,"31,224",10.6,4%,,both
100,"Northeastern University, US",United States,59.2,90.8,67.4,75.8,40.8,40.5,"27,229",15.4,37%,51 : 49,both
101,Bauman Moscow State Technical University,Russian Federation,59.0,45.5,52.1,60.3,54.6,78.6,"15,858",6.7,19%,44 : 56,both
102,Boston University,United States,59.0,87.4,66.4,76.5,35.2,39.7,"28,939",11.7,32%,58 : 42,both
103,National Taiwan University (NTU),Taiwan,59.0,64.2,99.9,40.3,46.1,56.2,"25,973",13.3,15%,42 : 58,both
104,Penn State (Main campus),United States,59.0,80.0,72.8,65.2,44.9,39.1,"47,253",14.6,15%,47 : 53,both
105,Qatar University,Qatar,59.0,97.0,93.5,96.6,29.8,31.1,"9,701",8.5,36%,,both
106,Rice University,United States,59.0,86.9,72.4,79.6,38.3,39.6,"7,994",10.5,30%,43 : 57,both
107,Sapienza University of Rome,Italy,59.0,70.9,96.5,39.9,39.7,48.5,"64,504",27.6,7%,61 : 39,both
108,Stony Brook University,United States,59.0,85.6,70.0,86.7,34.4,36.4,"25,528",10.3,18%,54 : 46,both
109,Technical University of Denmark,Denmark,59.0,77.2,97.7,82.5,35.1,37.9,"10,492",8.0,30%,34 : 66,both
110,Technion Israel Institute of Technology,Israel,59.0,67.8,71.0,49.4,59.6,45.6,"15,267",22.1,13%,40 : 60,both
111,Tel Aviv University,Israel,59.0,78.1,69.9,41.3,51.5,37.5,"24,033",22.8,7%,58 : 42,both
112,Texas A&M University,United States,59.0,80.7,70.7,68.6,37.8,41.2,"66,907",21.8,8%,48 : 52,both
113,The University of Queensland,Australia,59.0,87.7,81.6,91.7,31.7,32.8,"41,249",37.6,42%,55 : 45,both
114,Tohoku University,Japan,59.0,55.3,98.8,59.5,47.1,55.8,"17,218",12.3,12%,28 : 72,both
115,Universität Heidelberg,Germany,59.0,85.4,97.2,65.3,34.9,35.5,"19,632",13.3,21%,55 : 45,both
116,University College Dublin,Ireland,59.0,89.7,98.7,86.4,32.2,26.3,"24,470",21.2,30%,,both
117,University of Bristol,United Kingdom,59.0,78.2,68.4,89.3,38.2,41.4,"28,730",14.5,33%,55 : 45,both
118,"University of California, Davis",United States,59.0,75.1,77.6,83.6,46.6,37.8,"38,873",13.9,17%,59 : 41,both
119,University of Electronic Science and Technology of China,China,59.0,77.6,97.7,35.4,43.0,46.7,"38,924",16.4,2%,27 : 73,both
120,University of Freiburg,Germany,59.0,85.7,100.0,58.9,38.8,32.8,"20,268",36.9,18%,54 : 46,both
121,University of North Carolina at Chapel Hill,United States,59.0,90.2,75.3,61.1,44.3,37.5,"35,049",8.7,9%,60 : 40,both
122,University of Warwick,United Kingdom,59.0,86.1,68.2,95.8,40.0,38.3,"25,490",14.2,45%,50 : 50,both
123,Virginia Polytechnic Institute and State University,United States,59.0,90.7,68.0,75.8,38.5,35.2,"37,225",18.5,13%,43 : 57,both
124,Wuhan University,China,59.0,85.4,98.2,37.2,41.8,42.0,"49,929",13.8,6%,,both
126,Beihang University,China,55.2,79.1,99.4,33.8,39.1,34.2,"33,486",12.8,4%,,both
127,Chalmers University of Technology,Sweden,55.2,77.2,86.5,73.5,38.2,36.2,"10,083",11.1,17%,33 : 67,both
128,Huazhong University of Science and Technology,China,55.2,85.6,98.7,36.0,38.1,32.2,"58,194",14.8,4%,,both
129,King Fahd University of Petroleum and Minerals,Saudi Arabia,55.2,79.1,83.0,84.6,34.8,36.7,"6,222",7.8,25%,18 : 82,both
130,Kyung Hee University,South Korea,55.2,88.7,97.6,75.1,27.5,27.7,"20,451",17.6,30%,54 : 46,both
131,Lebanese American University,Lebanon,55.2,92.4,29.6,71.8,35.3,34.6,"7,451",12.6,15%,52 : 48,both
132,Linköping University,Sweden,55.2,92.7,97.0,61.6,31.3,28.0,"14,995",14.8,18%,54 : 46,both
133,Macquarie University,Australia,55.2,85.5,90.0,86.8,29.1,28.8,"28,373",50.0,21%,,both
134,Pohang University of Science and Technology (POSTECH),South Korea,55.2,70.5,99.9,30.3,43.2,45.7,"3,245",10.5,8%,,both
135,Queen Mary University of London,United Kingdom,55.2,94.4,65.6,96.8,26.9,29.3,"25,110",15.7,47%,54 : 46,both
136,Ruhr University Bochum,Germany,55.2,73.9,84.5,54.4,43.0,37.0,"31,388",18.8,19%,49 : 51,both
137,Simon Fraser University,Canada,55.2,92.6,80.9,93.1,28.9,27.6,"27,262",30.5,31%,54 : 46,both
138,"University of California, Riverside",United States,55.2,87.5,76.6,73.8,31.8,32.5,"25,347",19.7,14%,52 : 48,both
139,University of Copenhagen,Denmark,55.2,82.0,65.0,72.3,32.9,43.6,"30,962",4.2,14%,63 : 37,both
140,University of Erlangen-Nuremberg,Germany,55.2,78.0,100.0,51.7,40.5,33.8,"28,219",33.9,15%,51 : 49,both
141,University of Groningen,Netherlands,55.2,68.1,94.7,92.3,39.4,37.4,"32,845",29.1,30%,54 : 46,both
142,University of Illinois Chicago,United States,55.2,95.9,80.4,70.1,34.8,24.7,"28,912",11.4,20%,55 : 45,both
143,University of Macau,Macao,55.2,93.6,64.5,95.9,27.7,24.9,"11,573",19.2,46%,54 : 46,both
144,University of Notre Dame,United States,55.2,90.8,87.7,65.6,36.8,27.2,"12,860",10.9,13%,47 : 53,both
145,University of Oslo,Norway,55.2,83.4,90.6,70.3,30.3,32.8,"19,971",11.7,17%,63 : 37,both
146,University of Oulu,Finland,55.2,91.8,67.4,76.9,31.7,30.3,"10,857",20.7,8%,55 : 45,both
147,University of Rochester,United States,55.2,85.2,91.3,84.3,31.4,26.0,"10,470",8.3,37%,51 : 49,both
148,University of Stuttgart,Germany,55.2,71.3,88.6,50.4,46.0,40.4,"14,410",25.1,21%,35 : 65,both
149,University of Surrey,United Kingdom,55.2,97.0,72.2,96.7,28.7,25.5,"13,520",14.4,33%,54 : 46,both
150,University of Vienna,Austria,55.2,63.9,88.3,89.3,42.1,38.7,"30,739",37.0,32%,65 : 35,both
150,University of Virginia (Main campus),United States,55.2,85.2,89.3,64.1,39.6,29.9,"26,228",9.0,12%,54 : 46,both
151,Deakin University,Australia,53.0,91.0,81.1,94.9,21.8,23.9,"36,438",33.0,19%,60 : 40,both
152,Free University of Berlin,Germany,53.0,61.9,80.7,78.8,39.3,36.9,"24,727",42.5,22%,63 : 37,both
153,Hong Kong Baptist University,Hong Kong,53.0,92.6,73.9,93.7,28.5,19.5,"7,218",11.9,54%,64 : 36,both
154,Lomonosov Moscow State University,Russian Federation,53.0,24.0,63.9,50.2,50.3,76.6,"33,056",9.6,37%,49 : 51,both
155,Macau University of Science and Technology,Macao,53.0,88.6,71.1,95.2,24.8,25.2,"17,047",44.6,93%,57 : 43,both
156,North Carolina State University,United States,53.0,69.4,72.4,71.8,38.1,36.7,"32,151",16.4,12%,50 : 50,both
157,Ohio State University (Main campus),United States,53.0,78.4,66.7,67.4,37.1,30.1,"55,115",10.5,12%,52 : 48,both
158,The University of Osaka,Japan,53.0,44.4,99.8,43.7,49.5,51.9,"22,186",10.4,11%,32 : 68,both
159,Prince Mohammad Bin Fahd University,Saudi Arabia,53.0,73.2,40.8,85.3,30.6,44.6,"2,462",10.9,17%,47 : 53,both
160,Radboud University Nijmegen,Netherlands,53.0,78.2,62.8,79.8,37.6,27.6,"23,582",17.5,13%,58 : 42,both
161,Sharif University of Technology,Iran,53.0,65.4,95.0,35.7,36.3,44.5,"9,491",21.8,1%,25 : 75,both
162,Swinburne University of Technology,Australia,53.0,92.7,82.8,72.2,25.8,23.7,"13,896",25.8,31%,43 : 57,both
163,TU Dresden,Germany,53.0,64.9,81.9,53.0,46.3,38.3,"21,294",19.8,15%,49 : 51,both
164,University at Buffalo,United States,53.0,83.9,80.1,87.2,30.0,25.5,"27,530",17.5,15%,46 : 54,both
165,University of Auckland,New Zealand,53.0,83.5,74.0,86.3,26.9,29.8,"34,626",24.4,31%,56 : 44,both
166,University of Colorado Boulder,United States,53.0,80.1,67.1,59.9,37.0,36.6,"36,067",16.7,9%,46 : 54,both
167,University of Florida,United States,53.0,75.4,73.9,57.5,41.5,32.7,"47,534",15.9,10%,56 : 44,both
168,University of Glasgow,United Kingdom,53.0,74.2,66.1,94.0,33.7,36.6,"36,240",15.1,46%,59 : 41,both
169,University of Luxembourg,Luxembourg,53.0,79.8,88.1,90.4,27.6,31.8,"5,860",22.1,52%,54 : 46,both
170,University of Sheffield,United Kingdom,53.0,73.1,71.8,93.7,31.8,36.9,"28,100",14.9,41%,53 : 47,both
171,University of Southampton,United Kingdom,53.0,76.1,71.3,95.3,36.1,31.3,"23,135",14.7,43%,53 : 47,both
172,University of Twente,Netherlands,53.0,69.7,94.6,89.1,38.5,29.5,"8,742",11.6,41%,37 : 63,both
173,University of Würzburg,Germany,53.0,89.2,91.9,55.5,34.5,24.5,"21,257",37.7,10%,62 : 38,both
174,Vrije Universiteit Amsterdam,Netherlands,53.0,70.5,84.0,91.8,36.8,27.3,"31,761",17.5,20%,57 : 43,both
176,Aalborg University,Denmark,51.0,76.5,82.1,75.0,32.0,28.7,"16,871",14.4,13%,,both
177,Arizona State University (Tempe),United States,51.0,81.5,74.9,75.2,28.9,25.5,"50,855",19.8,15%,46 : 54,both
178,Beijing Institute of Technology,China,51.0,66.6,99.3,56.2,37.8,34.2,"32,882",12.8,9%,,both
179,Graz University of Technology,Austria,51.0,69.2,87.8,72.9,31.6,36.6,"6,627",8.3,25%,26 : 74,both
180,Johannes Kepler University of Linz,Austria,51.0,69.0,95.5,61.3,32.5,31.7,"7,352",22.0,18%,50 : 50,both
181,Khalifa University,United Arab Emirates,51.0,85.2,71.8,87.9,29.3,21.8,"3,887",11.5,27%,58 : 42,both
182,King Saud University,Saudi Arabia,51.0,87.7,72.0,78.6,23.3,28.8,"46,570",11.5,9%,45 : 55,both
183,Northwestern Polytechnical University,China,51.0,75.7,97.6,48.7,31.1,34.5,"36,448",13.8,4%,24 : 76,both
184,Norwegian University of Science and Technology,Norway,51.0,79.6,63.7,66.0,29.6,31.7,"37,923",14.8,9%,50 : 50,both
185,Queensland University of Technology,Australia,51.0,86.0,74.4,80.9,27.3,24.8,"32,490",35.9,14%,54 : 46,both
186,Rutgers University–New Brunswick,United States,51.0,86.8,67.8,79.2,27.4,25.0,"46,848",11.2,16%,53 : 47,both
187,Sejong University,South Korea,51.0,96.4,85.0,65.5,25.4,18.8,"12,718",20.3,15%,49 : 51,both
188,Southern University of Science and Technology (SUSTech),China,51.0,89.9,77.3,70.1,31.4,19.4,"7,350",9.1,1%,,both
189,Stevens Institute of Technology,United States,51.0,89.8,66.5,87.2,26.4,18.1,"7,281",20.7,34%,29 : 71,both
190,Sun Yat-sen University,China,51.0,85.4,98.1,37.0,25.5,29.1,"63,317",15.1,5%,47 : 53,both
191,Tianjin University,China,51.0,75.9,99.2,52.2,32.4,25.8,"27,081",8.9,15%,,both
192,Trinity College Dublin,Ireland,51.0,66.1,98.0,82.8,30.3,32.9,"19,659",23.2,39%,62 : 38,both
193,Université Grenoble Alpes,France,51.0,59.7,71.9,63.4,32.3,46.3,"51,333",18.5,17%,53 : 47,both
194,University of Birmingham,United Kingdom,51.0,74.1,62.5,96.9,30.5,33.4,"32,590",14.8,32%,57 : 43,both
195,University of Helsinki,Finland,51.0,66.7,67.2,56.4,38.0,39.8,"23,822",16.5,6%,65 : 35,both
196,University of Liverpool,United Kingdom,51.0,77.8,55.9,98.8,28.3,29.2,"25,735",13.8,30%,55 : 45,both
197,University of Mannheim,Germany,51.0,84.9,94.6,64.9,28.8,19.5,"7,505",48.1,17%,,both
198,University of Trento,Italy,51.0,83.1,71.7,61.5,30.4,31.1,"14,213",17.6,9%,52 : 48,both
199,University of Warsaw,Poland,51.0,78.9,43.7,51.3,37.1,38.0,"33,322",10.7,10%,61 : 39,both
200,Vanderbilt University,United States,51.0,77.2,78.9,72.7,31.1,27.9,"12,863",3.8,18%,55 : 45,both
201,Al Ain University,United Arab Emirates,49.2,67.1,20.1,98.1,34.9,40.3,"2,546",12.1,61%,52 : 48,both
202,"Asia University, Taiwan",Taiwan,49.2,94.0,74.9,55.5,28.1,17.9,"10,913",30.9,4%,63 : 37,both
203,Brunel University of London,United Kingdom,49.2,87.1,57.1,96.0,21.2,18.8,"14,630",18.3,46%,45 : 55,both
204,Cardiff University,United Kingdom,49.2,86.8,67.2,96.4,19.7,19.8,"28,930",14.6,27%,59 : 41,both
205,Case Western Reserve University,United States,49.2,80.2,66.5,84.4,28.0,22.7,"11,334",9.1,27%,51 : 49,both
206,École Normale Supérieure de Lyon,France,49.2,40.1,89.1,53.5,37.5,53.3,"2,063",8.1,10%,47 : 53,both
207,Griffith University,Australia,49.2,90.0,58.3,92.5,18.6,21.4,"30,328",26.3,17%,60 : 40,both
208,Humboldt University of Berlin,Germany,49.2,61.4,59.6,53.5,37.7,37.6,"34,916",58.0,18%,,both
209,Indiana University,United States,49.2,65.0,92.3,75.8,28.3,30.6,"66,622",12.5,12%,54 : 46,both
210,Iowa State University,United States,49.2,73.4,97.4,53.1,32.0,23.1,"27,342",16.9,8%,46 : 54,both
211,King Abdulaziz University,Saudi Arabia,49.2,93.2,45.5,72.3,22.5,28.6,"59,539",13.0,4%,56 : 44,both
212,Lancaster University,United Kingdom,49.2,77.9,68.0,92.6,26.6,24.0,"15,280",13.8,36%,51 : 49,both
213,Loughborough University,United Kingdom,49.2,81.5,69.4,91.1,20.6,22.5,"16,420",14.3,25%,40 : 60,both
214,Louisiana State University,United States,49.2,82.5,70.8,59.4,25.2,25.5,"32,512",20.6,4%,56 : 44,both
215,Moscow Institute of Physics and Technology (MIPT),Russian Federation,49.2,39.0,68.9,68.7,39.4,58.2,"6,190",11.9,22%,,both
216,Nagoya University,Japan,49.2,51.1,98.9,37.7,43.2,38.8,"15,440",13.5,12%,30 : 70,both
217,National Tsing Hua University,Taiwan,49.2,62.8,100.0,39.7,41.0,32.1,"14,408",21.1,13%,41 : 59,both
218,National Yang Ming Chiao Tung University (NYCU Taiwan),Taiwan,49.2,56.1,100.0,31.6,39.5,34.9,"17,736",15.4,8%,36 : 64,both
219,Newcastle University,United Kingdom,49.2,73.6,75.6,93.6,26.1,26.4,"24,885",14.4,26%,53 : 47,both
220,Paderborn University,Germany,49.2,67.5,98.0,64.5,35.2,25.3,"15,728",51.3,13%,50 : 50,both
221,RMIT University,Australia,49.2,70.7,65.8,93.0,26.9,31.2,"32,149",23.8,35%,49 : 51,both
222,Sant’Anna School of Advanced Studies – Pisa,Italy,49.2,72.4,97.7,55.2,27.2,33.4,838,7.4,23%,40 : 60,both
223,Shenzhen University,China,49.2,74.0,70.8,43.3,38.2,27.8,"35,576",13.9,1%,49 : 51,both
224,Swansea University,United Kingdom,49.2,92.8,53.8,94.8,18.8,17.2,"18,360",16.7,23%,48 : 52,both
225,Tongji University,China,49.2,70.7,99.0,49.2,32.2,23.7,"31,767",11.3,20%,41 : 59,both
226,Université Catholique de Louvain,Belgium,49.2,62.0,73.5,70.5,36.3,32.7,"27,440",39.9,20%,55 : 45,both
227,Université du Québec,Canada,49.2,69.2,68.1,88.7,28.4,28.9,"50,418",17.4,12%,57 : 43,both
228,Universiti Sains Malaysia,Malaysia,49.2,90.7,56.4,71.7,21.6,24.6,"25,623",12.3,34%,63 : 37,both
229,Universiti Teknologi Petronas,Malaysia,49.2,76.8,85.8,68.1,30.9,24.3,"4,389",13.4,12%,37 : 63,both
230,University of Basel,Switzerland,49.2,74.6,91.2,89.9,23.4,26.1,"8,527",10.2,33%,57 : 43,both
231,"University of California, Santa Cruz",United States,49.2,76.3,79.6,65.3,27.7,24.7,"19,782",24.1,10%,46 : 54,both
232,University of Central Florida,United States,49.2,82.7,80.9,42.0,29.8,23.0,"62,862",38.1,5%,57 : 43,both
233,University of Essex,United Kingdom,49.2,80.3,67.6,98.5,18.8,24.8,"14,915",14.4,43%,54 : 46,both
234,University of Klagenfurt,Austria,49.2,81.2,59.0,82.8,19.8,28.6,"3,458",9.6,32%,64 : 36,both
235,University of Leeds,United Kingdom,49.2,72.3,66.8,98.0,26.0,25.8,"35,710",15.1,38%,59 : 41,both
236,University of Leicester,United Kingdom,49.2,86.8,51.8,99.0,22.3,18.4,"14,825",14.8,38%,52 : 48,both
237,University of Malaya,Malaysia,49.2,77.8,57.8,81.9,26.5,30.1,"17,991",9.1,26%,61 : 39,both
238,University of Minnesota,United States,49.2,72.1,72.7,48.1,34.6,33.1,"58,835",12.0,9%,55 : 45,both
239,University of Nottingham,United Kingdom,49.2,66.1,70.5,92.2,30.4,28.2,"35,030",16.1,29%,55 : 45,both
240,University of Ottawa,Canada,49.2,68.1,84.2,90.9,32.0,26.9,"40,289",28.4,28%,56 : 44,both
241,University of Padua,Italy,49.2,76.6,74.8,54.0,24.1,34.6,"48,458",29.0,9%,57 : 43,both
242,University of Sharjah,United Arab Emirates,49.2,93.7,59.8,96.1,22.8,14.1,"12,484",17.9,49%,67 : 33,both
243,University of South Australia,Australia,49.2,74.1,96.3,91.0,26.1,21.2,"21,490",27.6,18%,60 : 40,both
244,University of Tehran,Iran,49.2,83.3,87.8,39.1,23.1,31.2,"55,389",27.8,2%,46 : 54,both
245,University of Victoria,Canada,49.2,74.1,67.6,93.8,29.4,24.7,"17,573",24.9,19%,57 : 43,both
246,University of York,United Kingdom,49.2,59.1,65.6,89.6,31.7,34.8,"20,135",15.3,31%,57 : 43,both
247,Washington University in St Louis,United States,49.2,68.1,82.1,77.6,28.6,29.7,"15,303",7.9,27%,52 : 48,both
248,Xiamen University,China,49.2,84.0,92.7,38.3,22.1,29.7,"46,212",15.4,2%,,both
249,Xi’an Jiaotong University,China,49.2,76.9,83.4,26.5,30.0,37.7,"53,183",15.9,6%,35 : 65,both
250,Xidian University,China,49.2,73.9,95.9,29.5,30.0,36.2,"38,844",14.6,1%,25 : 75,both
250,York University,Canada,49.2,74.5,77.6,85.1,26.2,22.4,"42,331",27.8,28%,55 : 45,both
251,American University of the Middle East,Kuwait,46.9,66.4,21.5,77.8,29.3,42.0,"5,049",12.4,14%,63 : 37,both
252,Amirkabir University of Technology,Iran,46.9,78.6,88.9,38.1,27.1,21.7,"9,638",20.8,3%,34 : 66,both
253,Cairo University,Egypt,46.9,76.5,52.6,56.4,25.8,30.4,"172,478",25.9,6%,60 : 40,both
254,Concordia University,Canada,46.9,70.3,74.9,88.3,26.7,20.5,"36,586",34.2,33%,50 : 50,both
255,Dalian University of Technology,China,46.9,78.4,87.3,44.6,23.1,23.7,"39,871",15.5,4%,34 : 66,both
256,Dartmouth College,United States,46.9,59.4,80.7,71.2,27.8,38.0,"6,691",8.0,17%,48 : 52,both
257,Florida Atlantic University,United States,46.9,90.2,69.8,70.7,18.6,18.4,"23,818",19.4,9%,66 : 34,both
258,George Washington University,United States,46.9,74.4,61.3,78.1,24.3,24.8,"21,768",12.3,17%,61 : 39,both
259,Hanyang University,South Korea,46.9,58.8,99.9,55.1,34.7,27.8,"19,796",13.5,24%,,both
260,Hebrew University of Jerusalem,Israel,46.9,66.6,72.0,39.4,31.0,38.0,"19,205",9.1,6%,57 : 43,both
261,Hunan University,China,46.9,85.2,86.2,40.7,23.4,20.8,"35,950",15.2,3%,45 : 55,both
262,Istanbul Technical University,Turkey,46.9,59.7,88.7,50.8,31.4,33.3,"19,081",19.4,13%,43 : 57,both
263,King Khalid University,Saudi Arabia,46.9,69.0,52.5,82.2,30.4,31.3,"29,889",7.0,16%,61 : 39,both
264,La Trobe University,Australia,46.9,81.0,59.0,94.6,21.9,22.4,"18,475",25.5,30%,64 : 36,both
265,Lehigh University,United States,46.9,86.4,64.9,74.9,20.1,17.9,"6,768",11.5,16%,46 : 54,both
266,Leibniz University Hannover,Germany,46.9,79.3,69.1,54.6,29.9,21.4,"18,700",37.5,16%,44 : 56,both
267,Lund University,Sweden,46.9,57.3,97.3,56.6,38.0,26.9,"23,754",10.5,21%,55 : 45,both
268,McMaster University,Canada,46.9,68.9,77.0,91.0,27.4,21.8,"28,046",29.4,22%,57 : 43,both
269,Middle East Technical University,Turkey,46.9,52.9,88.2,44.1,34.6,38.4,"16,155",21.9,13%,48 : 52,both
270,Nankai University,China,46.9,79.9,86.1,35.2,26.7,24.7,"32,171",11.5,6%,,both
271,Near East University,Northern Cyprus,46.9,88.9,57.1,82.2,20.1,17.7,"22,184",29.1,86%,48 : 52,both
272,New Jersey Institute of Technology,United States,46.9,79.0,63.7,90.1,21.5,19.8,"9,987",15.0,25%,28 : 72,both
273,Rensselaer Polytechnic Institute,United States,46.9,69.7,100.0,65.5,27.9,22.3,"7,141",16.3,19%,31 : 69,both
274,Southeast University,China,46.9,70.2,96.6,41.2,32.9,20.9,"41,806",12.7,4%,35 : 65,both
275,SUNY Binghamton University,United States,46.9,78.2,73.9,60.0,21.4,27.9,"18,497",20.7,8%,51 : 49,both
276,Tampere University,Finland,46.9,74.3,84.0,62.5,27.5,23.3,"16,895",19.2,8%,53 : 47,both
277,Temple University,United States,46.9,93.7,64.1,61.2,16.3,20.0,"32,761",11.8,6%,57 : 43,both
278,The University of Texas at San Antonio,United States,46.9,92.3,65.9,54.7,22.8,14.4,"27,811",28.0,3%,53 : 47,both
279,The University of Western Australia,Australia,46.9,77.9,72.9,93.9,22.3,16.4,"19,214",22.9,26%,51 : 49,both
280,TU Dortmund University,Germany,46.9,65.3,81.0,45.4,36.0,26.6,"18,232",54.1,15%,49 : 51,both
281,Ulm University,Germany,46.9,77.4,71.4,45.9,28.3,23.7,"10,316",24.4,14%,52 : 48,both
282,Ulsan National Institute of Science and Technology (UNIST),South Korea,46.9,69.7,88.2,41.6,26.6,29.0,"3,803",11.6,9%,28 : 72,both
283,Università della Svizzera italiana,Switzerland,46.9,70.3,67.2,97.7,21.3,26.6,"3,832",12.0,69%,46 : 54,both
284,Université Paris Cité,France,46.9,56.2,67.8,83.5,32.5,35.1,"61,998",17.1,20%,66 : 34,both
285,University of Bern,Switzerland,46.9,65.8,80.3,86.8,28.1,24.0,"12,054",17.7,17%,59 : 41,both
286,University of Bradford,United Kingdom,46.9,89.4,58.1,95.8,15.4,16.2,"10,230",20.7,38%,56 : 44,both
287,University of Delaware,United States,46.9,71.5,82.3,73.0,21.4,26.4,"21,379",16.4,11%,58 : 42,both
288,University of Galway,Ireland,46.9,82.0,85.0,68.0,21.0,21.3,"16,039",26.0,18%,61 : 39,both
289,University of Geneva,Switzerland,46.9,60.3,98.3,93.2,26.0,27.9,"18,261",8.1,41%,62 : 38,both
290,University of Granada,Spain,46.9,81.8,53.5,50.4,23.0,29.7,"56,877",14.9,12%,60 : 40,both
291,University of Kaiserslautern,Germany,46.9,63.5,92.7,58.6,28.5,29.0,"12,095",28.0,13%,50 : 50,both
292,University of Konstanz,Germany,46.9,58.7,96.8,72.3,30.5,29.0,"6,858",33.0,13%,53 : 47,both
293,University of Newcastle,Australia,46.9,80.2,64.6,93.8,19.9,21.5,"22,945",31.3,16%,58 : 42,both
294,University of Pisa,Italy,46.9,74.2,67.3,39.5,29.8,28.0,"30,876",19.0,7%,52 : 48,both
295,University of Pittsburgh-Pittsburgh campus,United States,46.9,75.6,67.9,70.2,27.3,26.2,"27,456",5.5,10%,55 : 45,both
296,University of Potsdam,Germany,46.9,62.3,98.3,45.5,32.6,28.3,"13,297",34.9,15%,57 : 43,both
297,University of Wollongong,Australia,46.9,76.6,69.5,97.6,20.9,19.5,"15,249",23.1,24%,55 : 45,both
298,Uppsala University,Sweden,46.9,68.0,71.4,77.8,28.9,27.2,"24,313",12.6,18%,59 : 41,both
299,Waseda University,Japan,46.9,62.8,71.3,51.7,29.6,40.0,"45,453",14.3,12%,39 : 61,both
300,Western University,Canada,46.9,70.7,73.2,88.1,24.2,22.4,"31,227",32.7,24%,56 : 44,both
300,Yeungnam University,South Korea,46.9,92.5,58.1,53.9,21.4,18.1,"18,876",15.1,5%,50 : 50,both
301,Abu Dhabi University,United Arab Emirates,45.1,52.3,20.2,95.4,31.7,43.6,"2,344",10.7,60%,50 : 50,both
302,Ajman University,United Arab Emirates,45.1,85.1,24.6,99.4,20.0,19.3,"4,535",13.7,81%,57 : 43,both
303,"Amity University, Noida",India,45.1,91.0,34.7,41.4,18.6,22.3,"28,507",15.6,12%,52 : 48,both
304,Aston University,United Kingdom,45.1,84.1,45.8,95.4,16.6,15.0,"13,850",19.5,30%,48 : 52,both
305,Aswan University,Egypt,45.1,92.8,32.4,50.4,16.7,20.8,"35,637",43.1,1%,56 : 44,both
306,Bar-Ilan University,Israel,45.1,63.2,99.3,47.1,35.5,20.3,"19,524",18.9,5%,60 : 40,both
307,Beijing Normal University,China,45.1,59.0,64.1,35.2,25.1,35.6,"27,882",14.8,8%,,both
308,Carleton University,Canada,45.1,66.7,98.3,76.1,24.4,19.9,"28,811",28.3,22%,50 : 50,both
309,Charles Darwin University,Australia,45.1,96.5,26.8,84.2,18.2,14.8,"7,107",23.7,26%,71 : 29,both
310,Chung-Ang University,South Korea,45.1,57.6,93.5,44.2,29.6,27.8,"18,205",22.0,24%,,both
311,"City, University of London",United Kingdom,45.1,69.9,59.8,93.1,17.9,22.4,"16,415",18.7,46%,58 : 42,both
312,Curtin University,Australia,45.1,63.8,69.6,94.1,15.9,25.0,"27,870",19.6,30%,53 : 47,both
313,De Montfort University,United Kingdom,45.1,86.8,36.0,98.3,10.3,14.0,"22,275",18.3,42%,55 : 45,both
314,Dublin City University,Ireland,45.1,74.2,61.9,75.3,19.8,21.4,"14,735",28.4,12%,58 : 42,both
315,Durham University,United Kingdom,45.1,65.8,48.1,96.4,21.8,27.2,"21,065",13.7,33%,54 : 46,both
316,East China Normal University,China,45.1,69.8,88.1,39.6,23.1,23.3,"29,374",14.3,8%,63 : 37,both
317,Florida International University,United States,45.1,78.3,63.5,46.4,24.6,18.3,"35,021",21.9,8%,58 : 42,both
318,Free University of Bozen-Bolzano,Italy,45.1,77.1,37.3,84.4,21.9,29.1,"4,109",8.7,16%,66 : 34,both
319,George Mason University,United States,45.1,81.1,64.0,67.3,17.9,16.6,"32,428",17.2,11%,53 : 47,both
320,Gwangju Institute of Science and Technology (GIST),South Korea,45.1,54.3,98.8,34.4,32.4,26.6,"1,838",9.8,9%,27 : 73,both
321,Heriot-Watt University,United Kingdom,45.1,71.9,66.3,92.3,20.4,24.6,"10,140",18.8,43%,38 : 62,both
322,Illinois Institute of Technology,United States,45.1,80.3,65.1,77.4,18.5,16.8,"6,082",12.3,39%,38 : 62,both
323,IMT Atlantique,France,45.1,45.8,96.3,76.4,29.7,36.2,"1,381",7.7,38%,30 : 70,both
324,Iran University of Science and Technology,Iran,45.1,77.4,85.8,32.3,22.4,20.2,"13,273",28.1,2%,38 : 62,both
325,ITMO University,Russian Federation,45.1,36.8,73.6,67.4,34.2,45.1,"11,007",14.7,18%,33 : 67,both
326,Jamia Millia Islamia,India,45.1,91.9,44.1,30.2,14.5,23.9,"10,374",11.7,5%,52 : 48,both
327,Keio University,Japan,45.1,38.0,88.8,34.2,39.3,39.2,"33,718",10.0,9%,36 : 64,both
328,Kyungpook National University (KNU),South Korea,45.1,60.6,95.5,52.0,28.3,19.4,"17,849",19.6,16%,47 : 53,both
329,Kyushu University,Japan,45.1,45.1,93.8,60.1,30.1,34.5,"18,342",7.8,13%,29 : 71,both
330,LUT University,Finland,45.1,75.9,34.8,75.0,22.7,20.7,"5,851",34.0,22%,35 : 65,both
331,Memorial University of Newfoundland,Canada,45.1,81.1,61.2,95.8,18.2,19.5,"16,294",15.3,27%,54 : 46,both
332,Mississippi State University,United States,45.1,81.8,56.0,63.8,24.7,19.5,"21,056",14.4,4%,53 : 47,both
333,Missouri University of Science and Technology,United States,45.1,76.8,67.5,82.0,21.7,15.5,"7,163",21.3,11%,24 : 76,both
334,National Taiwan University of Science and Technology (Taiwan Tech),Taiwan,45.1,70.3,97.3,41.5,30.1,21.8,"9,123",18.6,18%,30 : 70,both
335,National University of Sciences and Technology,Pakistan,45.1,70.4,65.3,52.3,27.0,22.0,"12,636",9.6,4%,37 : 63,both
336,Northumbria University,United Kingdom,45.1,83.2,47.0,94.8,15.7,15.2,"23,705",16.2,23%,56 : 44,both
337,Pontifical Catholic University of Rio de Janeiro (PUC-Rio),Brazil,45.1,50.1,82.5,41.7,30.3,30.9,"12,241",18.8,1%,50 : 50,both
338,Prince Sultan University (PSU),Saudi Arabia,45.1,87.6,33.6,83.2,14.2,14.3,"5,407",14.0,10%,56 : 44,both
339,Qassim University,Saudi Arabia,45.1,56.9,33.0,74.6,26.4,38.3,"35,951",9.5,8%,66 : 34,both
340,Queen’s University,Canada,45.1,58.8,79.4,74.8,27.5,26.9,"28,034",26.5,17%,58 : 42,both
341,Queen’s University Belfast,United Kingdom,45.1,76.6,63.1,95.9,18.6,16.2,"21,110",16.6,43%,58 : 42,both
342,"Royal Holloway, University of London",United Kingdom,45.1,61.0,61.5,94.4,21.0,23.1,"11,525",15.8,33%,56 : 44,both
343,Sichuan University,China,45.1,71.3,90.8,39.4,25.1,23.8,"48,990",15.9,5%,,both
344,South China University of Technology,China,45.1,79.5,80.8,51.5,21.0,17.3,"40,967",12.4,6%,38 : 62,both
345,Symbiosis International University,India,45.1,90.7,21.6,53.5,14.9,23.8,"16,659",13.0,7%,47 : 53,both
346,The University of Jordan,Jordan,45.1,89.5,32.3,62.9,12.5,20.1,"25,265",10.6,23%,69 : 31,both
347,Toronto Metropolitan University,Canada,45.1,71.0,66.6,72.8,20.3,17.2,"38,884",41.9,10%,55 : 45,both
348,TU Braunschweig,Germany,45.1,71.7,73.2,50.2,20.5,23.9,"15,245",18.4,15%,42 : 58,both
349,United Arab Emirates University,United Arab Emirates,45.1,68.5,71.2,78.8,22.1,18.5,"9,024",13.9,18%,73 : 27,both
350,Universitat Politècnica de Catalunya,Spain,45.1,59.6,72.3,53.3,29.2,36.1,"23,979",10.1,13%,29 : 71,both
351,Université Laval,Canada,45.1,62.2,99.0,76.0,25.4,17.4,"30,211",17.8,17%,59 : 41,both
352,Université Libre de Bruxelles,Belgium,45.1,55.0,62.1,82.8,34.7,31.4,"32,121",55.5,29%,56 : 44,both
353,Universiti Kebangsaan Malaysia,Malaysia,45.1,76.2,54.8,85.7,16.8,29.8,"19,655",10.4,26%,55 : 45,both
354,Universiti Teknologi Malaysia,Malaysia,45.1,66.6,60.7,73.0,23.1,29.2,"18,192",11.1,31%,46 : 54,both
355,University of Aberdeen,United Kingdom,45.1,69.6,70.9,97.6,19.5,24.7,"13,455",15.5,40%,57 : 43,both
356,University of Antwerp,Belgium,45.1,60.1,89.0,64.7,29.9,25.3,"16,398",32.3,18%,57 : 43,both
357,University of Bath,United Kingdom,45.1,63.4,59.0,89.8,19.8,27.2,"15,200",15.7,30%,45 : 55,both
358,University of Bremen,Germany,45.1,58.0,63.1,54.0,27.5,28.5,"11,768",20.2,14%,56 : 44,both
359,University of Calgary,Canada,45.1,64.2,69.1,87.9,23.9,23.4,"34,804",19.7,26%,53 : 47,both
360,University of Campinas,Brazil,45.1,50.2,76.7,40.4,37.5,39.9,"33,332",19.8,3%,46 : 54,both
361,University of Córdoba,Spain,45.1,89.8,54.8,53.2,17.1,21.6,"17,798",12.2,12%,58 : 42,both
362,University of Crete,Greece,45.1,67.2,89.7,36.7,25.9,19.6,"13,797",24.9,4%,64 : 36,both
363,University of Duisburg-Essen,Germany,45.1,66.9,84.4,52.9,26.5,22.5,"40,639",38.1,20%,49 : 51,both
364,"University of Engineering and Technology, Taxila",Pakistan,45.1,89.1,35.0,47.0,18.6,17.6,"5,505",20.6,2%,21 : 79,both
365,University of Exeter,United Kingdom,45.1,82.3,52.7,94.6,16.5,20.8,"29,310",16.9,29%,53 : 47,both
366,University of Georgia (USA),United States,45.1,81.5,61.6,52.9,21.1,17.8,"38,399",15.9,7%,59 : 41,both
367,University of Göttingen,Germany,45.1,55.5,74.0,62.6,29.9,30.3,"21,729",25.2,14%,54 : 46,both
368,University of Guelph,Canada,45.1,92.4,62.9,65.9,16.6,13.2,"22,115",26.5,11%,59 : 41,both
369,University of Innsbruck,Austria,45.1,71.1,75.1,91.7,23.9,19.3,"14,546",22.6,50%,55 : 45,both
370,University of Iowa,United States,45.1,70.6,72.2,74.0,26.2,20.4,"28,098",10.7,5%,56 : 44,both
371,University of Jaén,Spain,45.1,94.3,40.9,50.7,16.8,17.1,"13,457",16.3,7%,57 : 43,both
372,University of Kentucky,United States,45.1,72.2,76.4,54.8,19.9,21.7,"27,322",11.0,3%,59 : 41,both
373,University of Liège,Belgium,45.1,71.6,83.7,55.8,27.6,21.8,"24,237",32.5,21%,58 : 42,both
374,"University of Maryland, Baltimore County",United States,45.1,70.2,72.8,52.6,24.8,23.6,"12,186",17.6,17%,46 : 54,both
375,University of Naples Federico II,Italy,45.1,76.0,65.5,31.0,23.4,24.3,"55,334",19.2,2%,56 : 44,both
376,University of Nebraska-Lincoln,United States,45.1,58.6,71.4,78.2,24.5,25.2,"24,593",17.2,8%,50 : 50,both
377,University of New Brunswick UNB,Canada,45.1,74.7,89.5,85.2,18.8,13.2,"8,708",15.9,18%,54 : 46,both
378,University of Oregon,United States,45.1,86.6,47.4,65.0,21.3,21.3,"21,695",13.2,5%,56 : 44,both
379,University of Porto,Portugal,45.1,57.8,84.5,41.8,32.0,25.0,"37,143",16.9,19%,55 : 45,both
380,University of Reading,United Kingdom,45.1,75.2,57.9,92.5,19.1,22.8,"15,500",15.8,31%,55 : 45,both
381,University of Salford,United Kingdom,45.1,83.3,47.4,95.1,11.4,18.0,"20,825",21.3,27%,55 : 45,both
382,University of São Paulo,Brazil,45.1,44.6,67.4,39.9,36.6,45.0,"82,374",13.9,2%,48 : 52,both
383,University of Saskatchewan,Canada,45.1,68.9,78.9,84.5,24.2,20.9,"18,056",18.4,22%,55 : 45,both
384,University of Southern Queensland,Australia,45.1,77.5,42.7,96.0,17.7,18.3,"10,808",24.6,15%,63 : 37,both
385,University of St Gallen,Switzerland,45.1,76.2,65.0,92.8,14.6,18.7,"8,741",13.0,35%,35 : 65,both
386,University of Strathclyde,United Kingdom,45.1,72.5,66.9,85.8,21.3,20.5,"20,970",16.3,27%,51 : 49,both
387,University of Tartu,Estonia,45.1,71.7,55.7,75.0,21.9,28.0,"9,449",8.6,13%,67 : 33,both
388,University of Texas at Arlington,United States,45.1,74.0,65.4,74.0,16.8,18.4,"38,927",32.8,15%,62 : 38,both
389,University of Utah,United States,45.1,62.2,68.8,50.7,35.5,25.6,"32,540",13.1,9%,50 : 50,both
390,University of Windsor,Canada,45.1,75.9,56.9,87.3,20.2,14.0,"15,179",35.4,38%,,both
391,UPES,India,45.1,80.4,20.9,46.6,20.4,33.3,"9,443",9.5,0%,31 : 69,both
392,Victoria University,Australia,45.1,79.0,57.8,78.6,17.0,14.8,"13,529",37.3,20%,58 : 42,both
393,Victoria University of Wellington,New Zealand,45.1,75.8,51.8,79.1,24.9,22.1,"16,703",17.7,17%,59 : 41,both
394,Vrije Universiteit Brussel,Belgium,45.1,64.2,78.6,78.3,31.6,16.6,"15,481",35.0,24%,58 : 42,both
395,Washington State University,United States,45.1,75.0,67.7,68.4,21.4,15.6,"27,562",18.0,6%,55 : 45,both
396,Wayne State University,United States,45.1,72.4,70.2,60.5,19.4,21.1,"21,340",12.6,5%,60 : 40,both
397,William & Mary,United States,45.1,76.7,66.5,57.6,14.9,23.1,"8,599",11.8,7%,58 : 42,both
398,Worcester Polytechnic Institute,United States,45.1,74.9,67.6,51.3,23.8,22.2,"6,272",13.6,14%,38 : 62,both
399,Zayed University,United Arab Emirates,45.1,74.3,35.8,75.6,24.0,28.9,"8,892",14.8,2%,86 : 14,both
401,Al-Ahliyya Amman University,Jordan,40.9,83.1,20.9,85.0,12.7,16.4,"4,390",13.7,62%,49 : 51,both
402,Al-Balqa Applied University,Jordan,40.9,87.2,33.3,58.2,13.1,12.1,"24,118",23.9,3%,59 : 41,both
403,Aligarh Muslim University,India,40.9,70.7,49.2,42.2,14.3,24.9,"19,237",11.6,1%,42 : 58,both
404,Aristotle University of Thessaloniki,Greece,40.9,64.7,72.6,30.2,23.1,20.4,"48,660",17.6,5%,58 : 42,both
405,Ben-Gurion University of the Negev,Israel,40.9,58.2,86.2,35.1,21.3,23.1,"16,767",20.8,2%,52 : 48,both
406,Benha University,Egypt,40.9,85.6,29.1,49.9,12.4,20.4,"109,804",30.0,2%,47 : 53,both
407,Boğaziçi University,Turkey,40.9,57.0,93.4,35.4,26.2,22.7,"12,651",28.3,3%,45 : 55,both
408,Carlos III University of Madrid,Spain,40.9,53.3,62.7,52.2,20.2,29.6,"18,013",10.7,16%,47 : 53,both
409,Centrale Nantes,France,40.9,51.4,89.2,80.0,19.1,26.6,"1,696",14.3,38%,25 : 75,both
410,Charles University,Czechia,40.9,46.2,43.0,73.5,26.0,32.3,"52,669",13.0,24%,62 : 38,both
411,Chongqing University,China,40.9,68.6,92.3,33.7,25.7,15.5,"44,082",16.2,2%,,both
412,Chulalongkorn University,Thailand,40.9,45.8,73.4,32.4,25.1,36.0,"35,032",13.1,4%,56 : 44,both
413,COMSATS University Islamabad,Pakistan,40.9,82.7,36.3,51.3,13.2,15.9,"33,879",15.5,1%,38 : 62,both
414,Daegu Gyeongbuk Institute of Science and Technology (DGIST),South Korea,40.9,55.4,85.8,29.2,28.4,30.0,892,7.6,4%,37 : 63,both
415,Dalhousie University,Canada,40.9,58.3,60.2,93.3,18.8,19.6,"17,757",14.7,28%,53 : 47,both
416,École Nationale des Ponts et Chaussées - Institut Polytechnique de Paris,France,40.9,57.9,76.3,62.8,15.8,24.3,"2,014",7.2,39%,32 : 68,both
417,Edinburgh Napier University,United Kingdom,40.9,76.2,35.9,92.9,12.6,15.7,"13,325",21.5,34%,53 : 47,both
418,Edith Cowan University,Australia,40.9,81.6,54.5,84.6,12.5,13.1,"17,012",29.5,26%,63 : 37,both
419,Federation University Australia,Australia,40.9,70.3,58.8,91.1,13.9,16.2,"8,663",19.4,40%,60 : 40,both
420,Flinders University,Australia,40.9,61.2,53.0,95.2,21.0,18.3,"15,324",31.1,33%,65 : 35,both
421,Friedrich Schiller University Jena,Germany,40.9,56.3,59.3,44.4,27.5,26.3,"15,372",17.8,14%,,both
422,Hasselt University,Belgium,40.9,54.5,68.7,52.0,24.8,23.2,"5,770",28.9,15%,49 : 51,both
423,Imam Abdulrahman Bin Faisal University,Saudi Arabia,40.9,61.2,19.7,71.4,19.3,29.0,"24,964",11.4,5%,85 : 15,both
424,Imam Mohammad Ibn Saud Islamic University,Saudi Arabia,40.9,49.0,23.6,64.8,21.9,38.9,"40,918",10.5,5%,39 : 61,both
425,Indian Institute of Technology Indore,India,40.9,77.8,36.2,40.0,18.3,20.6,"2,091",11.9,0%,22 : 78,both
426,"International Institute of Information Technology, Hyderabad",India,40.9,69.9,63.2,42.1,19.7,22.5,"1,997",18.0,7%,22 : 78,both
427,Isfahan University of Technology,Iran,40.9,63.3,86.2,46.3,22.1,13.1,"10,028",22.8,1%,40 : 60,both
428,Jahangirnagar University,Bangladesh,40.9,85.1,22.6,63.7,10.7,21.0,"12,965",18.1,0%,49 : 51,both
429,Jeju National University,South Korea,40.9,68.6,48.4,51.2,18.4,22.6,"10,056",16.0,5%,53 : 47,both
430,KIIT University,India,40.9,85.9,28.9,45.1,12.9,24.4,"24,851",12.2,10%,49 : 51,both
431,King Faisal University,Saudi Arabia,40.9,87.4,20.2,75.0,11.1,17.9,"30,867",15.2,2%,62 : 38,both
432,Liverpool John Moores University,United Kingdom,40.9,81.1,42.5,87.3,11.2,14.6,"23,725",18.2,15%,55 : 45,both
433,Maastricht University,Netherlands,40.9,55.2,65.5,94.9,24.6,17.1,"21,438",19.2,58%,60 : 40,both
434,Majmaah University,Saudi Arabia,40.9,65.3,32.9,74.5,17.8,23.9,"12,882",11.6,2%,43 : 57,both
435,Manchester Metropolitan University,United Kingdom,40.9,88.7,32.1,83.2,11.1,12.6,"32,145",18.0,18%,58 : 42,both
436,Mansoura University,Egypt,40.9,87.3,28.7,75.1,13.6,13.9,"185,564",40.8,6%,52 : 48,both
437,Murdoch University,Australia,40.9,69.3,59.7,94.0,11.3,12.0,"13,747",28.2,40%,,both
438,Nanjing University of Aeronautics and Astronautics,China,40.9,58.6,95.6,29.0,22.2,19.0,"34,805",15.1,2%,,both
439,Nanjing University of Information Science and Technology,China,40.9,79.2,64.9,43.4,16.9,14.7,"37,168",16.1,3%,,both
440,National Taiwan Normal University,Taiwan,40.9,63.3,75.0,40.8,28.9,18.4,"10,891",12.2,14%,,both
441,"Northeastern University, China",China,40.9,61.9,65.4,47.8,21.4,20.3,"40,783",13.0,2%,,both
442,Nottingham Trent University,United Kingdom,40.9,78.6,26.9,93.0,9.6,14.3,"34,740",15.1,24%,55 : 45,both
443,Oklahoma State University,United States,40.9,85.7,51.1,71.7,13.4,12.4,"21,851",14.4,5%,52 : 48,both
444,Old Dominion University,United States,40.9,75.4,60.8,50.7,22.6,13.3,"17,943",16.5,3%,57 : 43,both
445,Peter the Great St Petersburg Polytechnic University,Russian Federation,40.9,36.5,63.9,59.7,27.3,35.8,"16,418",9.9,32%,43 : 57,both
446,Polytechnic University of Valencia,Spain,40.9,54.7,95.1,52.3,26.8,20.6,"29,166",15.2,15%,42 : 58,both
447,Prince Sattam Bin Abdulaziz University,Saudi Arabia,40.9,74.6,22.3,77.4,11.9,21.6,"26,566",11.7,2%,64 : 36,both
448,Princess Nourah bint Abdulrahman University,Saudi Arabia,40.9,79.0,31.2,88.6,13.9,20.0,"21,785",12.3,19%,100 : 0,both
449,Pusan National University,South Korea,40.9,52.1,92.6,39.4,30.3,25.3,"17,421",17.0,11%,53 : 47,both
450,Sabancı University,Turkey,40.9,50.9,95.6,49.9,28.4,19.8,"3,738",19.9,11%,37 : 63,both
451,Shanghai University,China,40.9,59.4,96.2,29.2,31.1,19.5,"38,849",13.1,6%,50 : 50,both
452,Stockholm University,Sweden,40.9,64.8,52.1,60.0,23.1,21.2,"28,689",17.4,14%,,both
453,Sunway University,Malaysia,40.9,81.2,33.4,72.8,15.0,13.7,"4,693",10.0,18%,52 : 48,both
454,SUNY University at Albany,United States,40.9,70.2,67.5,65.2,15.4,15.8,"15,145",16.4,6%,53 : 47,both
455,Syracuse University,United States,40.9,71.6,59.2,60.7,15.1,17.2,"19,621",14.9,20%,54 : 46,both
456,Taif University,Saudi Arabia,40.9,84.3,22.5,79.3,11.8,15.4,"39,303",17.9,3%,56 : 44,both
457,Tecnológico de Monterrey,Mexico,40.9,66.6,70.2,54.7,17.1,16.6,"17,986",16.0,14%,43 : 57,both
458,Texas Tech University,United States,40.9,66.0,63.0,81.4,19.7,19.3,"37,331",21.1,6%,50 : 50,both
459,Thapar Institute of Engineering and Technology,India,40.9,93.7,30.1,37.9,12.0,17.5,"9,135",15.0,2%,35 : 65,both
460,The University of Aizu,Japan,40.9,68.5,54.2,75.3,13.2,24.8,"1,240",11.3,13%,11 : 89,both
461,Tilburg University,Netherlands,40.9,66.8,68.1,85.2,19.7,15.9,"12,738",24.5,23%,52 : 48,both
462,Ton Duc Thang University,Vietnam,40.9,88.7,28.1,55.3,10.4,14.9,"27,483",18.2,1%,58 : 42,both
463,Tufts University,United States,40.9,59.1,63.8,53.4,21.9,21.0,"12,647",11.0,17%,58 : 42,both
464,Université Côte d'Azur,France,40.9,50.7,66.6,81.0,18.8,29.5,"33,085",21.4,20%,56 : 44,both
465,University of Arizona,United States,40.9,63.4,66.9,65.6,21.9,21.8,"47,926",19.6,7%,57 : 43,both
466,University of Arkansas,United States,40.9,64.5,62.7,45.8,27.4,12.1,"26,280",19.6,4%,56 : 44,both
467,University of Bayreuth,Germany,40.9,74.0,54.6,55.3,21.8,19.8,"7,655",20.7,15%,45 : 55,both
468,University of Bordeaux,France,40.9,45.4,59.3,66.4,27.2,26.6,"50,941",21.3,15%,60 : 40,both
469,University of Cagliari,Italy,40.9,76.8,62.0,36.3,18.1,21.8,"14,084",15.4,2%,62 : 38,both
470,University of Calabria,Italy,40.9,75.0,45.0,40.6,19.8,27.2,"9,324",13.8,6%,55 : 45,both
471,University of Eastern Finland,Finland,40.9,70.4,55.4,61.5,19.2,20.9,"12,420",16.8,6%,68 : 32,both
472,University of Florence,Italy,40.9,61.5,79.2,40.1,19.1,21.9,"40,415",22.4,11%,57 : 43,both
473,University of Genoa,Italy,40.9,54.8,81.9,46.9,20.8,24.2,"20,489",17.8,8%,59 : 41,both
474,University of Hamburg,Germany,40.9,59.2,65.5,50.0,26.5,27.2,"28,410",57.3,13%,58 : 42,both
475,University of Houston,United States,40.9,71.9,67.2,86.8,18.0,14.0,"46,645",24.5,16%,53 : 47,both
476,University of Johannesburg,South Africa,40.9,77.0,36.0,77.8,20.2,18.1,"31,430",26.2,14%,56 : 44,both
477,University of Kent,United Kingdom,40.9,59.1,58.9,93.4,15.6,20.5,"15,875",17.0,28%,54 : 46,both
478,University of Lincoln,United Kingdom,40.9,74.2,44.2,88.9,12.3,13.6,"14,840",15.1,17%,56 : 44,both
479,University of Lisbon,Portugal,40.9,58.9,74.2,46.2,23.9,21.0,"49,161",17.7,20%,54 : 46,both
480,University of Messina,Italy,40.9,72.2,58.4,51.7,20.4,13.7,"13,445",21.4,3%,63 : 37,both
481,University of Milan-Bicocca,Italy,40.9,71.5,53.1,41.6,17.3,22.6,"29,952",27.5,5%,62 : 38,both
482,University of Modena and Reggio Emilia,Italy,40.9,78.8,84.7,33.6,22.3,10.1,"20,370",23.3,5%,54 : 46,both
483,University of Münster,Germany,40.9,47.9,74.9,43.0,32.7,31.3,"26,664",24.4,6%,,both
484,University of North Carolina at Charlotte,United States,40.9,77.0,67.1,59.5,15.3,19.2,"26,172",20.1,7%,50 : 50,both
485,University of Otago,New Zealand,40.9,64.7,49.5,78.7,16.9,21.8,"18,927",20.1,15%,61 : 39,both
486,University of Passau,Germany,40.9,52.3,72.3,69.9,23.5,26.3,"7,761",50.2,14%,60 : 40,both
487,University of Plymouth,United Kingdom,40.9,71.3,56.4,92.9,15.4,14.8,"15,540",16.6,18%,60 : 40,both
488,University of Portsmouth,United Kingdom,40.9,74.8,40.2,94.4,10.0,18.2,"22,700",15.8,32%,48 : 52,both
489,University of Regina,Canada,40.9,82.3,51.4,72.6,15.5,14.5,"13,245",24.0,27%,63 : 37,both
490,University of Rennes 1,France,40.9,47.5,72.0,60.6,26.9,32.7,"27,656",18.5,11%,54 : 46,both
491,University of Salerno,Italy,40.9,77.5,58.3,34.2,18.3,19.5,"19,060",24.1,3%,57 : 43,both
492,University of Siena,Italy,40.9,60.0,72.6,41.8,22.9,23.6,"10,438",16.8,10%,63 : 37,both
493,University of Southern Denmark,Denmark,40.9,56.5,81.4,68.8,20.0,23.0,"17,572",9.5,14%,53 : 47,both
494,University of South Florida,United States,40.9,72.8,68.7,77.6,21.0,12.3,"39,710",19.3,14%,,both
495,University of Sussex,United Kingdom,40.9,63.3,48.0,93.4,18.2,20.8,"18,250",17.5,34%,55 : 45,both
496,University of Tabriz,Iran,40.9,81.1,27.8,56.8,13.6,19.6,"21,199",23.6,7%,51 : 49,both
497,University of Tasmania,Australia,40.9,57.3,67.3,94.7,15.4,22.5,"14,344",18.9,29%,60 : 40,both
498,University of Texas at Dallas,United States,40.9,75.2,67.7,63.8,15.0,17.3,"27,266",23.8,17%,44 : 56,both
499,University of Toulouse,France,40.9,48.5,59.5,66.7,26.0,33.5,"109,715",24.1,16%,56 : 44,both
500,University of Turku,Finland,40.9,75.9,50.6,54.1,18.9,21.0,"13,835",15.8,6%,64 : 36,both
500,VIT University,India,40.9,81.7,32.0,37.9,16.0,27.7,"38,187",13.4,5%,30 : 70,both
500,Western Sydney University,Australia,40.9,65.1,45.2,93.5,15.9,21.3,"33,215",34.8,22%,59 : 41,both
500,Yıldız Technical University,Turkey,40.9,54.7,71.7,51.8,25.2,23.5,"20,928",22.6,13%,43 : 57,both
501,Abdul Wali Khan University Mardan,Pakistan,37.2,88.6,20.0,50.8,10.4,15.7,"12,706",22.2,0%,27 : 73,both
502,Air University,Pakistan,37.2,84.2,41.7,50.0,10.1,10.8,"9,192",13.7,0%,37 : 63,both
503,American University of Beirut,Lebanon,37.2,53.8,84.4,58.9,17.8,14.4,"8,100",8.5,19%,49 : 51,both
504,Applied Science Private University,Jordan,37.2,83.3,23.3,72.7,9.0,14.2,"3,776",10.7,24%,53 : 47,both
505,Athens University of Economics and Business,Greece,37.2,66.6,65.8,37.9,17.9,12.9,"8,957",45.9,5%,46 : 54,both
506,Autonomous University of Madrid,Spain,37.2,64.8,56.9,48.0,14.4,18.5,"30,249",13.3,16%,62 : 38,both
507,Bilkent University,Turkey,37.2,49.9,71.9,49.6,21.6,22.9,"8,503",15.3,5%,48 : 52,both
508,Brno University of Technology,Czechia,37.2,50.3,68.3,58.2,26.1,19.2,"17,834",15.1,26%,28 : 72,both
509,Chengdu University,China,37.2,80.0,54.3,35.9,12.5,9.7,"25,627",15.6,2%,55 : 45,both
510,Claude Bernard University Lyon 1,France,37.2,44.0,70.5,68.3,24.6,20.7,"27,088",12.7,15%,55 : 45,both
511,Colorado School of Mines,United States,37.2,62.5,49.4,33.6,22.7,20.7,"6,868",18.3,8%,32 : 68,both
512,CY Cergy Paris University,France,37.2,45.7,60.9,82.6,26.5,18.5,"16,490",19.7,25%,51 : 49,both
513,Czech Technical University in Prague,Czechia,37.2,50.6,64.7,63.5,21.9,19.5,"15,526",8.6,20%,30 : 70,both
514,Donghua University,China,37.2,60.1,82.7,41.0,20.8,13.0,"23,469",13.5,7%,43 : 57,both
515,Duy Tan University,Vietnam,37.2,89.0,27.0,52.7,9.5,9.6,"22,050",22.3,1%,64 : 36,both
516,ENSTA Bretagne,France,37.2,41.8,84.3,56.8,22.1,24.9,687,8.7,15%,25 : 75,both
517,Federal University of Rio de Janeiro,Brazil,37.2,39.6,59.9,41.4,28.0,29.2,"54,201",15.3,1%,55 : 45,both
518,Firat University,Turkey,37.2,86.6,28.7,29.4,9.1,15.1,"38,169",23.8,6%,65 : 35,both
519,Florida State University,United States,37.2,62.2,56.5,63.5,14.5,20.9,"41,180",25.5,7%,58 : 42,both
520,Fu Jen Catholic University,Taiwan,37.2,47.2,91.6,26.7,24.6,20.6,"19,251",30.2,5%,59 : 41,both
521,Gachon University,South Korea,37.2,67.9,43.1,56.8,15.8,19.7,"19,066",26.6,19%,51 : 49,both
522,Georgetown University,United States,37.2,57.8,59.1,68.5,15.3,21.8,"17,579",9.8,18%,55 : 45,both
523,Georgia State University,United States,37.2,61.1,46.2,77.0,13.8,17.0,"33,424",17.2,8%,55 : 45,both
524,Guangdong University of Technology,China,37.2,73.8,61.1,30.2,17.6,10.2,"52,318",18.1,0%,27 : 73,both
525,Guangzhou University,China,37.2,73.3,50.8,40.2,13.8,15.1,"38,183",14.7,0%,41 : 59,both
526,Harbin Engineering University,China,37.2,48.9,94.8,22.8,26.7,15.9,"33,294",18.9,2%,23 : 77,both
527,HSE University,Russian Federation,37.2,40.1,73.6,40.0,22.0,30.8,"36,596",19.6,12%,,both
528,Indian Institute of Technology Patna,India,37.2,72.9,28.9,25.8,17.6,20.4,"2,839",19.9,0%,19 : 81,both
529,"International Islamic University, Islamabad",Pakistan,37.2,83.6,24.2,53.2,9.2,11.4,"24,924",22.2,6%,57 : 43,both
530,Jouf University,Saudi Arabia,37.2,74.1,20.3,77.2,10.3,19.1,"17,820",9.2,3%,54 : 46,both
531,Kalasalingam Academy of Research and Education,India,37.2,85.4,24.4,34.9,8.4,21.0,"5,332",4.4,10%,55 : 45,both
532,Kansas State University,United States,37.2,50.2,63.0,54.1,18.7,23.1,"18,732",13.9,5%,54 : 46,both
533,King Mongkut's University of Technology North Bangkok,Thailand,37.2,54.5,43.1,31.9,26.2,26.3,"27,846",22.7,0%,40 : 60,both
534,Konkuk University,South Korea,37.2,46.5,92.8,33.7,29.1,20.7,"11,501",23.4,20%,,both
535,Lovely Professional University,India,37.2,84.2,19.9,37.3,11.1,16.1,"32,990",14.8,8%,27 : 73,both
536,Massey University,New Zealand,37.2,58.2,47.0,89.6,11.0,24.0,"16,035",15.9,27%,65 : 35,both
537,Middlesex University,United Kingdom,37.2,69.1,38.6,94.5,10.1,15.5,"13,875",17.0,49%,60 : 40,both
538,Minia University,Egypt,37.2,86.5,28.7,49.9,11.0,14.6,"67,781",15.4,1%,57 : 43,both
539,Montpellier University,France,37.2,51.2,60.7,64.7,18.6,23.7,"40,361",20.3,16%,55 : 45,both
540,National and Kapodistrian University of Athens,Greece,37.2,57.5,70.8,55.4,18.7,17.7,"67,550",32.0,12%,60 : 40,both
541,National Cheng Kung University (NCKU),Taiwan,37.2,39.5,97.2,28.6,26.6,28.8,"21,420",15.8,12%,37 : 63,both
542,National Research Nuclear University MEPhI,Russian Federation,37.2,30.2,59.6,66.9,24.1,36.6,"5,002",9.9,29%,46 : 54,both
543,National Sun Yat-Sen University,Taiwan,37.2,47.7,79.2,42.1,25.8,19.7,"8,559",12.0,10%,43 : 57,both
544,Nazarbayev University,Kazakhstan,37.2,64.0,40.0,68.8,24.5,14.4,"6,045",14.5,3%,52 : 48,both
545,Obuda University,Hungary,37.2,78.2,26.1,40.9,17.4,15.2,"7,718",23.0,8%,21 : 79,both
546,Ozyegin University,Turkey,37.2,58.3,73.8,47.3,21.3,16.4,"6,221",25.8,10%,45 : 55,both
547,Pontificia Universidad Católica de Chile,Chile,37.2,55.5,72.4,55.5,22.7,19.3,"31,720",15.6,5%,,both
548,Qingdao University,China,37.2,86.0,50.1,31.4,11.6,10.0,"41,848",15.4,2%,51 : 49,both
549,Quaid-i-Azam University,Pakistan,37.2,77.6,19.4,59.6,16.3,16.1,"10,991",18.4,2%,46 : 54,both
550,Rochester Institute of Technology,United States,37.2,66.5,56.4,50.9,14.7,20.2,"14,757",16.1,12%,36 : 64,both
551,Saveetha Institute of Medical and Technical Sciences,India,37.2,84.9,20.3,44.0,10.3,18.4,"12,468",10.0,7%,48 : 52,both
552,Savitribai Phule Pune University,India,37.2,78.8,62.2,21.5,7.4,23.4,"6,004",8.7,3%,46 : 54,both
553,Shiraz University,Iran,37.2,63.7,67.6,35.8,19.7,16.8,"14,908",21.2,3%,55 : 45,both
554,Southwest Jiaotong University,China,37.2,60.3,76.7,27.1,15.9,21.3,"44,270",15.2,1%,37 : 63,both
555,Stellenbosch University,South Africa,37.2,63.7,50.8,50.7,21.9,15.2,"24,979",25.5,7%,57 : 43,both
556,Technical University of Madrid,Spain,37.2,53.0,67.1,54.6,21.0,20.9,"39,695",15.9,16%,34 : 66,both
557,Technische Universität Ilmenau,Germany,37.2,50.4,69.7,41.6,20.9,23.7,"4,877",18.4,34%,29 : 71,both
558,The Hashemite University,Jordan,37.2,80.6,32.2,58.8,10.1,10.9,"18,207",21.5,17%,62 : 38,both
559,Umeå University,Sweden,37.2,52.4,46.4,55.3,21.2,24.0,"13,648",9.9,8%,62 : 38,both
560,Umm Al-Qura University,Saudi Arabia,37.2,74.1,32.7,64.0,14.0,16.1,"32,557",12.2,8%,54 : 46,both
561,Universidade Federal do Rio Grande do Sul,Brazil,37.2,50.4,70.5,39.1,21.8,28.9,"40,297",14.4,1%,52 : 48,both
562,Universitat Autònoma de Barcelona (UAB),Spain,37.2,58.8,66.8,53.7,17.0,23.5,"32,795",13.1,15%,61 : 39,both
563,Universiti Putra Malaysia,Malaysia,37.2,46.8,48.3,65.3,19.2,27.6,"23,581",12.4,30%,64 : 36,both
564,University College Cork,Ireland,37.2,52.2,64.0,82.1,19.6,14.1,"19,307",21.0,20%,59 : 41,both
565,University of Bari Aldo Moro,Italy,37.2,74.6,49.2,29.1,19.0,14.1,"29,891",19.3,2%,62 : 38,both
566,University of Bergen,Norway,37.2,45.1,54.3,74.0,27.2,24.3,"15,607",13.0,12%,59 : 41,both
567,University of Chile,Chile,37.2,51.6,75.9,63.7,23.1,14.9,"39,966",16.9,3%,51 : 49,both
568,University of Coimbra,Portugal,37.2,55.8,69.4,39.9,21.2,23.3,"22,687",19.9,18%,57 : 43,both
569,University of Connecticut,United States,37.2,59.6,72.8,63.3,21.0,12.2,"28,524",11.6,11%,53 : 47,both
570,University of Cyprus,Cyprus,37.2,57.2,87.1,55.3,18.4,16.6,"7,002",20.4,13%,62 : 38,both
571,University of Gothenburg,Sweden,37.2,48.5,61.9,77.8,19.5,18.5,"21,568",11.5,13%,,both
572,University of Greenwich,United Kingdom,37.2,71.6,28.1,97.6,9.6,12.1,"19,330",23.9,52%,56 : 44,both
573,University of Ha’il,Saudi Arabia,37.2,78.3,25.5,77.9,8.8,16.0,"20,102",11.1,4%,63 : 37,both
574,University of Huddersfield,United Kingdom,37.2,58.4,38.6,92.9,15.9,18.3,"13,685",18.5,28%,59 : 41,both
575,University of Jyväskylä,Finland,37.2,67.9,35.6,42.0,17.6,20.8,"10,910",13.1,4%,63 : 37,both
576,University of Kansas,United States,37.2,57.4,64.0,71.9,18.5,15.2,"23,598",9.5,7%,54 : 46,both
577,University of KwaZulu-Natal,South Africa,37.2,70.5,33.3,50.4,19.2,18.7,"34,156",30.9,2%,61 : 39,both
578,University of Lille,France,37.2,42.4,66.3,68.9,22.4,28.5,"79,077",30.9,14%,61 : 39,both
579,University of Lorraine,France,37.2,46.5,70.7,67.4,17.2,29.7,"62,161",20.6,15%,54 : 46,both
580,University of Memphis,United States,37.2,47.4,58.1,51.4,23.7,23.7,"16,008",14.4,7%,61 : 39,both
581,University of Miami,United States,37.2,51.5,61.5,84.5,18.8,15.9,"18,354",10.8,13%,54 : 46,both
582,University of Mons,Belgium,37.2,56.0,54.6,66.1,22.6,20.8,"8,604",29.8,19%,56 : 44,both
583,University of Palermo,Italy,37.2,62.4,55.0,32.9,20.1,22.0,"36,146",38.6,2%,56 : 44,both
584,University of Rhode Island,United States,37.2,69.6,53.9,59.8,13.0,16.7,"15,800",17.2,3%,58 : 42,both
585,University of Seville,Spain,37.2,57.0,70.3,40.3,20.7,17.2,"58,252",18.4,10%,57 : 43,both
586,University of the Basque Country,Spain,37.2,70.7,52.9,42.9,13.5,20.8,"41,749",14.9,5%,60 : 40,both
587,University of the Punjab,Pakistan,37.2,84.4,21.4,49.7,8.9,13.9,"30,994",23.7,1%,57 : 43,both
588,University of Tsukuba,Japan,37.2,32.2,68.2,38.7,29.3,40.9,"15,383",12.2,16%,38 : 62,both
589,University of Turin,Italy,37.2,63.7,55.5,37.8,19.6,20.1,"61,291",27.0,6%,62 : 38,both
590,University of Waikato,New Zealand,37.2,45.4,67.3,89.0,22.5,18.4,"10,117",19.9,27%,62 : 38,both
591,University of Zaragoza,Spain,37.2,56.6,71.3,42.9,18.8,24.9,"28,232",11.1,8%,54 : 46,both
592,Virginia Commonwealth University,United States,37.2,62.3,73.1,42.5,20.6,16.2,"25,537",10.5,4%,64 : 36,both
593,Wenzhou University,China,37.2,88.8,28.6,42.3,9.3,12.3,"26,331",19.3,3%,51 : 49,both
594,Xi’an Jiaotong-Liverpool University,China,37.2,69.2,50.0,71.1,13.1,12.4,"20,820",19.2,3%,53 : 47,both
595,Zagazig University,Egypt,37.2,90.4,25.9,50.4,10.0,11.1,"169,641",23.3,3%,52 : 48,both
596,Zhejiang Normal University,China,37.2,73.9,60.9,42.3,15.6,12.5,"30,951",12.4,4%,,both
601,AGH University of Krakow,Poland,34.7,40.1,63.7,30.0,21.1,25.4,"18,279",11.6,4%,34 : 66,both
602,Ain Shams University,Egypt,34.7,47.6,32.6,52.7,16.3,22.0,"169,073",14.6,7%,50 : 50,both
603,Aix-Marseille University,France,34.7,34.5,50.9,84.9,16.0,20.7,"72,381",15.5,15%,60 : 40,both
604,Ajou University,South Korea,34.7,45.7,64.5,38.7,21.9,26.4,"7,763",15.9,15%,40 : 60,both
605,Al-Azhar University,Egypt,34.7,55.9,23.6,50.0,19.0,23.7,"270,123",21.6,9%,42 : 58,both
606,Alexandria University,Egypt,34.7,47.3,38.9,48.7,21.4,15.0,"199,537",20.6,5%,60 : 40,both
607,Al-Zaytoonah University of Jordan,Jordan,34.7,73.4,21.5,46.6,9.2,11.1,"8,663",27.0,31%,49 : 51,both
608,American University of Sharjah,United Arab Emirates,34.7,51.9,47.2,81.8,17.3,14.8,"5,024",12.8,74%,54 : 46,both
609,Assiut University,Egypt,34.7,55.9,26.4,67.9,11.2,14.8,"96,739",16.5,6%,40 : 60,both
610,Auckland University of Technology,New Zealand,34.7,47.1,42.7,88.2,14.3,16.5,"17,888",16.4,45%,61 : 39,both
611,Babol Noshirvani University of Technology,Iran,34.7,76.4,31.3,28.2,18.0,8.2,"5,768",26.1,2%,35 : 65,both
612,Bahçeşehir University,Turkey,34.7,50.4,41.8,60.1,15.6,11.7,"19,003",46.6,24%,50 : 50,both
613,Bahria University,Pakistan,34.7,67.9,24.1,50.2,8.6,11.2,"21,123",20.8,1%,48 : 52,both
614,Banaras Hindu University,India,34.7,55.4,21.0,28.0,15.0,21.6,"13,954",8.9,3%,43 : 57,both
615,Institut Teknologi Bandung,Indonesia,34.7,37.6,52.3,33.4,24.8,19.5,"28,650",16.3,4%,44 : 56,both
616,Bangladesh University of Engineering and Technology,Bangladesh,34.7,62.3,39.6,31.4,16.8,21.3,"6,040",12.2,0%,23 : 77,both
617,Bharathiar University,India,34.7,52.5,48.9,26.9,21.9,20.6,"3,953",18.8,0%,54 : 46,both
618,Birla Institute of Technology,India,34.7,66.0,36.7,20.9,15.4,18.4,"6,110",19.5,0%,27 : 73,both
619,"Birla Institute of Technology and Science, Pilani",India,34.7,62.8,49.2,33.8,15.4,21.4,"15,852",15.9,3%,19 : 81,both
620,Birmingham City University,United Kingdom,34.7,64.3,24.8,94.6,10.0,14.1,"25,145",17.2,28%,63 : 37,both
621,Bournemouth University,United Kingdom,34.7,54.8,38.3,91.8,8.3,12.9,"14,375",18.3,21%,54 : 46,both
622,Budapest University of Technology and Economics,Hungary,34.7,46.8,63.1,35.5,15.8,17.6,"18,440",16.8,14%,30 : 70,both
623,Ca’ Foscari University of Venice,Italy,34.7,63.4,45.4,50.5,15.4,12.1,"11,475",21.2,12%,65 : 35,both
624,Central Queensland University,Australia,34.7,68.7,31.8,76.3,11.8,13.9,"12,201",24.1,19%,64 : 36,both
625,Chang Gung University,Taiwan,34.7,41.9,74.1,26.9,19.1,13.9,"7,113",12.1,5%,50 : 50,both
626,Changsha University of Science and Technology,China,34.7,72.9,43.7,30.1,9.8,9.8,"38,593",17.5,1%,35 : 65,both
627,China University of Petroleum (East China),China,34.7,61.1,57.3,29.4,13.5,13.0,"29,854",17.0,2%,33 : 67,both
628,Chitkara University,India,34.7,88.1,18.3,23.9,8.5,13.8,"16,862",14.6,3%,42 : 58,both
629,Chittagong University of Engineering & Technology,Bangladesh,34.7,83.7,27.1,27.2,11.1,10.3,"5,935",17.6,0%,23 : 77,both
630,Chosun University,South Korea,34.7,54.6,79.8,41.5,16.8,17.3,"19,747",25.2,3%,48 : 52,both
631,Chungbuk National University,South Korea,34.7,42.0,48.5,33.8,17.7,22.6,"12,764",13.9,7%,44 : 56,both
632,Chungnam National University,South Korea,34.7,38.0,81.5,22.2,26.3,22.3,"20,399",19.7,4%,46 : 54,both
633,"Colorado State University, Fort Collins",United States,34.7,45.3,68.0,55.8,18.7,21.0,"28,016",17.2,4%,56 : 44,both
634,Complutense University of Madrid,Spain,34.7,41.2,44.8,39.1,16.9,23.6,"59,049",10.8,12%,63 : 37,both
635,Covenant University,Nigeria,34.7,53.1,52.5,50.2,17.0,14.7,"8,542",17.0,0%,41 : 59,both
636,Coventry University,United Kingdom,34.7,63.2,32.5,88.1,10.6,12.1,"31,065",14.9,51%,49 : 51,both
637,Cyprus University of Technology,Cyprus,34.7,55.5,31.9,57.7,13.6,18.9,"3,592",17.1,14%,57 : 43,both
638,Daffodil International University (DIU),Bangladesh,34.7,83.1,18.9,43.0,8.3,9.9,"16,905",21.8,5%,37 : 63,both
639,Delhi Technological University,India,34.7,72.1,34.2,24.3,18.7,16.0,"15,127",23.8,3%,18 : 82,both
640,Drexel University,United States,34.7,44.2,63.1,69.9,16.1,22.4,"16,688",10.6,16%,51 : 49,both
641,Ewha Womans University,South Korea,34.7,44.9,87.3,29.4,25.5,13.1,"13,916",16.4,16%,100 : 0,both
642,Federal University of Minas Gerais,Brazil,34.7,33.0,41.8,36.5,18.5,38.3,"43,286",14.2,1%,56 : 44,both
643,Ferdowsi University of Mashhad,Iran,34.7,54.9,55.3,36.2,17.9,18.1,"22,692",28.6,8%,54 : 46,both
644,Future University in Egypt,Egypt,34.7,63.4,18.9,62.3,10.6,14.2,"8,212",9.6,11%,43 : 57,both
645,Fuzhou University,China,34.7,57.8,61.9,35.7,15.0,11.2,"43,102",17.8,1%,39 : 61,both
646,Galgotias University,India,34.7,78.4,18.2,24.9,7.8,15.1,"18,181",15.0,3%,38 : 62,both
647,Goethe University Frankfurt,Germany,34.7,50.7,47.9,58.4,20.6,21.0,"27,937",20.1,13%,59 : 41,both
648,Government College University Faisalabad,Pakistan,34.7,77.1,19.2,50.3,11.5,12.6,"21,210",25.6,0%,45 : 55,both
649,Hacettepe University,Turkey,34.7,53.8,63.9,29.4,19.2,18.4,"42,712",23.4,3%,59 : 41,both
650,Hamburg University of Technology,Germany,34.7,51.5,49.0,54.4,16.2,19.8,"4,482",27.5,24%,26 : 74,both
651,Hangzhou Normal University,China,34.7,56.4,60.5,29.2,12.2,11.6,"29,618",17.2,1%,,both
652,Hanoi University of Science and Technology,Vietnam,34.7,43.5,57.2,39.2,22.0,18.3,"37,561",34.8,0%,20 : 80,both
653,Heinrich Heine University Düsseldorf,Germany,34.7,41.6,39.3,55.8,17.6,20.7,"25,140",26.0,14%,59 : 41,both
654,Hiroshima University,Japan,34.7,31.3,63.3,46.8,21.6,25.0,"14,775",8.1,11%,38 : 62,both
655,Hokkaido University,Japan,34.7,25.9,69.1,44.2,23.4,35.9,"17,687",8.2,10%,29 : 71,both
656,Hosei University,Japan,34.7,54.1,49.3,43.9,17.1,15.3,"28,423",37.2,5%,39 : 61,both
657,Huaqiao University,China,34.7,63.5,47.2,71.0,14.3,11.0,"34,465",17.5,20%,50 : 50,both
658,Indian Institute of Technology Gandhinagar,India,34.7,42.2,43.6,28.4,25.3,15.3,"2,014",13.4,1%,28 : 72,both
659,Indraprastha Institute of Information Technology Delhi,India,34.7,64.0,39.0,42.3,12.3,16.9,"2,858",22.7,5%,20 : 80,both
660,Inha University,South Korea,34.7,47.8,75.6,30.7,25.7,14.7,"15,423",17.9,8%,45 : 55,both
661,Innopolis University,Russian Federation,34.7,43.5,55.2,79.1,20.7,17.2,"1,086",16.2,30%,18 : 82,both
662,Jawaharlal Nehru University,India,34.7,50.3,40.4,24.0,16.4,25.8,"9,297",13.5,1%,44 : 56,both
663,Jaypee University of Information Technology,India,34.7,70.3,24.8,21.7,9.9,12.4,"1,826",19.0,2%,27 : 73,both
664,Jazan University,Saudi Arabia,34.7,68.2,18.8,77.4,7.4,14.1,"22,268",11.9,3%,65 : 35,both
665,Jeonbuk National University,South Korea,34.7,41.4,59.1,30.1,20.4,19.9,"20,352",20.3,8%,46 : 54,both
666,Jiangnan University,China,34.7,53.0,67.5,28.3,18.2,9.5,"31,809",12.1,1%,,both
667,Jiangsu University,China,34.7,56.8,45.8,49.6,12.0,23.8,"35,403",9.3,6%,43 : 57,both
668,Jinan University (China),China,34.7,62.9,43.3,57.7,12.1,19.4,"38,472",15.3,27%,56 : 44,both
669,Jordan University of Science and Technology,Jordan,34.7,64.1,38.4,52.0,11.8,16.3,"20,254",13.8,21%,34 : 66,both
670,Kafrelsheikh University,Egypt,34.7,79.4,19.6,53.3,8.8,13.2,"75,622",29.8,2%,55 : 45,both
671,Karabük University,Turkey,34.7,71.8,20.5,64.9,10.5,13.0,"46,066",40.1,27%,41 : 59,both
672,Karunya Institute of Technology and Sciences,India,34.7,76.7,22.9,21.6,10.0,12.8,"7,625",15.0,0%,37 : 63,both
673,Kazan Federal University,Russian Federation,34.7,45.5,28.3,55.2,15.9,29.2,"22,498",10.7,33%,63 : 37,both
674,Khon Kaen University,Thailand,34.7,59.4,25.9,36.7,15.1,15.2,"32,679",17.1,2%,62 : 38,both
675,King Mongkut’s University of Technology Thonburi,Thailand,34.7,52.6,64.2,38.7,14.2,12.2,"14,866",19.7,5%,45 : 55,both
676,KL University,India,34.7,80.2,19.4,21.7,8.2,14.8,"16,650",13.6,3%,42 : 58,both
677,K.N. Toosi University of Technology,Iran,34.7,64.8,51.7,30.3,18.9,11.3,"8,099",21.3,2%,34 : 66,both
678,Kobe University,Japan,34.7,25.6,90.1,41.4,19.3,25.0,"15,403",10.2,7%,35 : 65,both
679,Lakehead University,Canada,34.7,64.2,37.3,75.4,16.9,10.8,"8,603",24.9,21%,58 : 42,both
680,Lebanese University,Lebanon,34.7,25.4,25.6,63.7,21.7,36.0,"45,248",14.6,16%,70 : 30,both
681,Mahidol University,Thailand,34.7,49.4,36.2,48.1,15.5,27.6,"28,570",7.5,5%,63 : 37,both
682,Masaryk University,Czechia,34.7,40.5,40.4,68.2,23.6,22.2,"33,136",18.2,24%,62 : 38,both
683,Maynooth University,Ireland,34.7,38.6,55.4,76.2,18.1,14.5,"12,094",27.0,14%,57 : 43,both
684,Menoufia University,Egypt,34.7,75.1,26.5,49.8,8.6,12.8,"115,583",26.5,1%,46 : 54,both
685,Miguel Hernández University of Elche,Spain,34.7,42.5,55.1,40.8,21.2,13.2,"11,967",16.1,9%,50 : 50,both
686,Mohammed VI Polytechnic University,Morocco,34.7,56.7,50.3,53.1,16.1,22.8,"2,092",9.5,3%,44 : 56,both
687,Moscow Technical University of Communications and Informatics,Russian Federation,34.7,76.9,39.0,21.0,9.3,14.7,"5,437",19.7,6%,19 : 81,both
688,Moulay Ismail University,Morocco,34.7,73.7,20.2,22.7,9.6,22.4,"80,794",72.0,0%,54 : 46,both
689,Multimedia University,Malaysia,34.7,45.7,63.8,49.0,17.7,23.4,"9,057",14.8,10%,45 : 55,both
690,National Central University,Taiwan,34.7,31.5,86.8,29.4,21.4,22.1,"11,174",9.9,8%,36 : 64,both
691,National University of Computer and Emerging Sciences,Pakistan,34.7,60.6,31.1,48.1,8.7,15.1,"15,934",23.5,3%,22 : 78,both
692,New Mexico State University (Main campus),United States,34.7,36.6,65.1,65.0,24.7,19.7,"11,900",15.7,5%,58 : 42,both
693,North China Electric Power University,China,34.7,43.9,86.3,28.7,21.7,19.4,"36,176",19.1,3%,40 : 60,both
694,North South University,Bangladesh,34.7,71.3,20.7,33.4,8.8,10.3,"16,938",18.3,0%,43 : 57,both
695,NOVA University of Lisbon,Portugal,34.7,60.5,56.2,38.3,20.0,14.1,"23,369",18.4,24%,51 : 49,both
696,Oakland University,United States,34.7,49.4,51.0,64.8,19.4,13.8,"13,744",15.8,4%,58 : 42,both
697,Ontario Tech University,Canada,34.7,53.8,55.7,66.4,15.3,12.8,"9,537",30.2,10%,43 : 57,both
698,Open University of Catalonia,Spain,34.7,63.8,38.6,48.4,10.5,11.5,"33,529",94.6,6%,58 : 42,both
699,Osmania University,India,34.7,53.1,30.7,21.1,19.6,21.4,"10,097",23.0,3%,40 : 60,both
700,Panjab University,India,34.7,68.5,37.0,20.1,20.1,17.7,"17,591",16.8,1%,63 : 37,both
701,Paris Lodron Universität Salzburg,Austria,34.7,44.6,52.4,80.0,15.9,22.7,"6,191",8.6,38%,68 : 32,both
702,Public University of Navarre,Spain,34.7,51.8,42.7,48.0,14.8,17.5,"8,413",11.5,7%,52 : 48,both
703,REVA University,India,34.7,68.8,32.4,20.5,11.4,9.3,"15,190",20.5,1%,33 : 67,both
704,Riphah International University,Pakistan,34.7,72.6,17.9,50.6,6.9,11.5,"26,155",17.3,0%,55 : 45,both
705,Ritsumeikan University,Japan,34.7,43.4,54.1,54.7,12.9,18.3,"35,421",17.7,9%,37 : 63,both
706,Rovira i Virgili University,Spain,34.7,45.1,42.1,62.4,15.9,20.7,"13,971",13.1,13%,60 : 40,both
707,San Diego State University,United States,34.7,47.8,65.9,49.3,10.4,16.0,"31,770",26.8,5%,58 : 42,both
708,Seoul National University of Science and Technology (SeoulTech),South Korea,34.7,52.5,55.0,42.4,25.1,15.9,"8,569",12.9,11%,37 : 63,both
709,Shahid Bahonar University of Kerman,Iran,34.7,73.9,33.9,33.3,18.5,13.5,"13,458",22.5,1%,60 : 40,both
710,Shahid Beheshti University,Iran,34.7,56.7,62.3,31.7,16.6,16.4,"27,279",21.8,1%,55 : 45,both
711,Shahrood University of Technology,Iran,34.7,53.3,26.0,49.3,12.7,18.9,"8,778",21.3,5%,45 : 55,both
712,Shantou University,China,34.7,59.2,43.3,38.0,12.4,9.5,"20,004",16.1,1%,50 : 50,both
713,Sharda University,India,34.7,70.7,20.2,32.8,8.1,11.2,"12,064",12.7,12%,44 : 56,both
714,Siksha ‘O’ Anusandhan,India,34.7,46.4,31.4,20.8,13.6,29.6,"11,259",10.0,3%,57 : 43,both
715,Silesian University of Technology,Poland,34.7,65.7,35.5,33.8,11.8,13.7,"16,622",11.2,5%,31 : 69,both
716,Sogang University,South Korea,34.7,40.8,64.2,24.8,27.4,20.9,"9,747",24.1,17%,46 : 54,both
717,"Soochow University, China",China,34.7,56.4,70.2,26.1,17.7,16.2,"46,951",15.5,2%,51 : 49,both
718,Soonchunhyang University,South Korea,34.7,49.4,62.8,50.7,15.3,18.1,"8,847",18.8,6%,51 : 49,both
719,SRM Institute of Science and Technology,India,34.7,67.0,20.5,23.4,10.1,19.9,"52,953",13.6,2%,37 : 63,both
720,Sukkur IBA University,Pakistan,34.7,73.0,22.8,50.5,18.5,11.8,"5,504",19.9,0%,30 : 70,both
721,Taibah University,Saudi Arabia,34.7,63.8,19.1,72.5,7.8,9.8,"57,535",24.2,2%,61 : 39,both
722,Tallinn University of Technology,Estonia,34.7,58.0,34.5,64.0,14.4,18.0,"7,728",10.1,13%,40 : 60,both
723,Tanta University,Egypt,34.7,65.2,19.9,55.9,8.6,12.1,"133,134",21.5,1%,53 : 47,both
724,Teesside University,United Kingdom,34.7,64.6,26.3,91.3,7.7,9.8,"15,860",20.6,37%,56 : 44,both
725,The Islamia University of Bahawalpur,Pakistan,34.7,71.0,19.1,50.1,7.6,11.0,"65,016",48.7,0%,41 : 59,both
726,The Open University,United Kingdom,34.7,59.9,37.8,62.5,12.8,17.3,"83,185",30.9,9%,66 : 34,both
727,The University of Alabama,United States,34.7,56.3,52.7,40.6,20.0,16.5,"35,247",21.0,3%,57 : 43,both
728,Tokyo University of Agriculture and Technology,Japan,34.7,35.2,76.5,30.5,23.7,18.1,"5,884",15.9,7%,35 : 65,both
729,Tomsk Polytechnic University,Russian Federation,34.7,57.4,21.3,47.6,11.1,24.8,"8,810",10.1,33%,32 : 68,both
730,UiT The Arctic University of Norway,Norway,34.7,64.8,34.0,60.9,11.2,16.5,"15,578",10.7,8%,59 : 41,both
731,Ulster University,United Kingdom,34.7,41.1,69.3,78.0,12.6,12.7,"18,805",18.3,12%,57 : 43,both
732,UNIR – International University of La Rioja,Spain,34.7,59.4,18.7,70.0,9.5,10.2,"42,051",42.0,38%,63 : 37,both
733,Universidade Estadual Paulista (Unesp),Brazil,34.7,38.6,46.6,40.9,21.0,26.4,"36,463",12.6,4%,51 : 49,both
734,Universitas Gadjah Mada,Indonesia,34.7,32.0,49.0,37.2,20.0,29.0,"42,964",8.5,4%,58 : 42,both
735,Université de Bretagne Occidentale,France,34.7,45.2,50.4,68.4,14.0,20.7,"22,380",30.2,11%,59 : 41,both
736,Université Hassan II de Casablanca,Morocco,34.7,62.7,22.0,23.0,7.8,20.5,"126,408",34.9,2%,54 : 46,both
737,Université Polytechnique Hauts-de-France,France,34.7,54.0,51.1,83.3,15.5,16.5,"13,991",30.2,12%,47 : 53,both
738,Universiti Malaysia Pahang Al-Sultan Abdullah (UMPSA),Malaysia,34.7,63.8,29.9,59.5,14.2,22.0,"8,152",13.1,8%,47 : 53,both
739,Universiti Tenaga Nasional (UNITEN),Malaysia,34.7,58.0,57.0,58.0,12.1,14.8,"4,236",9.4,20%,32 : 68,both
740,Universiti Tun Hussein Onn Malaysia (UTHM),Malaysia,34.7,53.2,27.1,51.9,13.8,15.4,"15,035",15.8,7%,55 : 45,both
741,Universiti Utara Malaysia,Malaysia,34.7,41.8,34.3,79.6,17.0,28.3,"11,690",11.4,32%,66 : 34,both
742,University of Alcalá,Spain,34.7,45.6,45.0,52.8,10.9,20.1,"16,794",11.6,18%,58 : 42,both
743,University of Anbar,Iraq,34.7,70.8,22.5,43.7,8.2,16.6,"28,185",12.7,1%,55 : 45,both
744,University of Beira Interior,Portugal,34.7,52.6,52.6,51.1,14.9,11.9,"8,179",17.2,20%,53 : 47,both
745,University of Canterbury,New Zealand,34.7,41.5,64.2,77.2,19.6,22.5,"15,960",20.8,16%,53 : 47,both
746,University of Cape Town,South Africa,34.7,41.4,66.8,65.5,19.3,23.3,"21,021",13.0,13%,55 : 45,both
747,University of Cologne,Germany,34.7,38.4,50.0,62.5,18.3,21.1,"29,832",27.7,17%,,both
748,University of Delhi,India,34.7,56.2,40.6,23.2,22.2,25.7,"25,926",21.0,2%,47 : 53,both
749,University of Dhaka,Bangladesh,34.7,71.5,29.3,43.0,10.2,17.4,"194,187",12.5,3%,59 : 41,both
750,"University of Engineering and Technology, Peshawar",Pakistan,34.7,61.9,21.6,51.9,9.9,18.5,"11,862",27.8,1%,9 : 91,both
751,University of Engineering & Technology (UET) Lahore,Pakistan,34.7,55.9,29.9,49.6,10.4,17.6,"12,720",12.5,2%,29 : 71,both
752,University of Fribourg,Switzerland,34.7,45.3,63.0,75.5,17.1,22.7,"6,871",15.3,17%,64 : 36,both
753,University of Hawai’i at Mānoa,United States,34.7,51.1,66.9,68.3,17.8,16.0,"15,692",12.3,10%,59 : 41,both
754,University of Hertfordshire,United Kingdom,34.7,59.9,36.6,95.6,8.2,10.7,"23,060",17.4,54%,48 : 52,both
755,University of Hradec Králové,Czechia,34.7,75.0,21.2,59.3,9.2,14.4,"6,264",12.3,3%,64 : 36,both
756,University of Ilorin,Nigeria,34.7,76.7,17.0,45.7,7.0,13.4,"48,837",36.3,0%,48 : 52,both
757,University of Indonesia,Indonesia,34.7,29.6,58.1,43.0,18.8,32.4,"39,882",7.8,18%,74 : 26,both
758,University of Isfahan,Iran,34.7,56.8,34.1,36.4,12.3,17.9,"17,385",24.1,8%,58 : 42,both
759,University of Kragujevac,Serbia,34.7,60.7,29.2,37.0,8.2,20.0,"17,212",14.1,1%,61 : 39,both
760,University of L’Aquila,Italy,34.7,56.0,48.6,47.2,13.7,22.8,"18,553",23.9,6%,53 : 47,both
761,University of Limerick,Ireland,34.7,46.4,62.5,81.3,17.5,16.2,"14,485",27.1,18%,51 : 49,both
762,University of Ljubljana,Slovenia,34.7,53.9,64.3,42.4,13.7,17.9,"39,010",13.2,9%,60 : 40,both
763,University of Malaga,Spain,34.7,42.9,59.6,45.4,13.7,19.3,"35,900",12.9,6%,54 : 46,both
764,University of Management and Technology,Pakistan,34.7,69.3,20.5,50.9,7.4,10.4,"24,107",20.3,2%,52 : 48,both
765,University of Marburg,Germany,34.7,43.4,81.2,48.8,22.6,21.4,"22,698",28.6,13%,56 : 44,both
766,University of Milan,Italy,34.7,48.2,65.5,41.8,19.5,22.0,"51,208",20.9,7%,60 : 40,both
767,University of Minho,Portugal,34.7,46.5,66.1,29.4,18.5,18.1,"21,765",21.0,13%,55 : 45,both
768,University of Murcia,Spain,34.7,51.2,51.5,41.1,10.9,17.9,"30,210",17.2,5%,63 : 37,both
769,University of Parma,Italy,34.7,68.5,58.6,34.9,9.7,18.5,"31,192",32.6,7%,59 : 41,both
770,University of Patras,Greece,34.7,64.7,62.8,29.7,18.0,12.5,"29,906",27.6,6%,52 : 48,both
771,University of Pretoria,South Africa,34.7,47.3,58.1,51.1,17.2,15.3,"35,826",20.3,6%,60 : 40,both
772,University of Rome III,Italy,34.7,48.9,68.2,37.4,17.7,20.3,"33,599",45.0,5%,61 : 39,both
773,University of Rouen Normandie,France,34.7,51.2,39.8,74.0,9.2,19.3,"31,760",24.9,14%,60 : 40,both
774,University of Salamanca,Spain,34.7,58.6,41.9,46.2,16.8,23.0,"25,098",14.6,16%,61 : 39,both
775,University of Salento,Italy,34.7,55.7,43.5,34.2,14.2,18.8,"14,383",22.6,2%,63 : 37,both
776,University of Santiago de Compostela,Spain,34.7,49.9,31.3,43.8,12.1,21.9,"24,832",14.3,8%,62 : 38,both
777,University of Sfax,Tunisia,34.7,50.8,36.8,41.6,12.9,20.8,"32,390",12.5,3%,67 : 33,both
778,University of St Andrews,United Kingdom,34.7,30.2,50.2,84.5,17.5,29.8,"10,750",12.8,47%,59 : 41,both
779,University of Tabuk,Saudi Arabia,34.7,67.2,23.9,68.5,8.1,11.3,"19,888",12.3,3%,32 : 68,both
780,University of Texas at El Paso,United States,34.7,33.4,52.7,41.2,26.2,20.1,"16,926",21.7,6%,56 : 44,both
781,University of the Aegean,Greece,34.7,55.4,65.7,26.4,12.8,10.6,"20,958",54.6,2%,57 : 43,both
782,UWE Bristol (University of the West of England),United Kingdom,34.7,64.0,37.8,85.7,9.7,13.8,"29,680",16.8,29%,52 : 48,both
783,University of the Witwatersrand,South Africa,34.7,41.6,63.9,62.2,18.1,14.6,"27,858",24.9,6%,59 : 41,both
784,University of Tunis El Manar,Tunisia,34.7,40.9,58.5,46.2,17.5,35.1,"19,015",8.7,8%,75 : 25,both
785,University of Udine,Italy,34.7,55.3,43.2,36.5,11.9,24.9,"12,130",17.2,5%,55 : 45,both
786,University of Valencia,Spain,34.7,42.0,73.1,44.1,14.9,23.4,"50,437",13.9,14%,59 : 41,both
787,University of West Bohemia,Czechia,34.7,47.8,46.5,33.1,18.6,22.3,"11,398",13.6,5%,54 : 46,both
788,University of Western Macedonia,Greece,34.7,69.4,40.6,26.5,16.7,8.3,"13,097",30.6,2%,49 : 51,both
789,Ural Federal University,Russian Federation,34.7,33.4,55.4,50.3,28.0,22.4,"29,811",15.6,16%,52 : 48,both
790,"Vels Institute of Science, Technology and Advanced Studies (VISTAS)",India,34.7,67.9,17.9,18.6,8.5,17.7,"15,625",20.3,0%,32 : 68,both
791,Verona University,Italy,34.7,54.5,56.6,47.7,13.8,18.8,"21,889",25.8,4%,64 : 36,both
792,VSB - Technical University of Ostrava,Czechia,34.7,47.6,39.4,59.3,19.5,23.0,"11,490",15.3,13%,34 : 66,both
793,Warsaw University of Technology,Poland,34.7,37.2,61.3,34.6,16.0,25.5,"22,996",10.9,8%,32 : 68,both
794,Yangzhou University,China,34.7,55.8,65.7,44.0,12.0,22.3,"30,134",12.4,10%,66 : 34,both
795,Yarmouk University,Jordan,34.7,73.6,32.5,46.9,12.3,13.0,"23,499",21.5,13%,57 : 43,both
796,Yazd University,Iran,34.7,58.5,35.3,49.7,14.8,14.8,"13,649",29.9,3%,57 : 43,both
797,Yuan Ze University,Taiwan,34.7,50.7,67.0,49.3,14.0,13.1,"6,450",22.2,10%,43 : 57,both
798,Zhejiang Gongshang University,China,34.7,67.7,44.5,41.8,11.1,16.6,"18,820",12.6,5%,58 : 42,both
799,Zhejiang University of Technology,China,34.7,56.4,73.5,36.9,12.1,12.0,"37,637",15.0,7%,,both
801,Abdelmalek Essaâdi University,Morocco,28.6,44.1,20.3,26.6,8.6,16.3,"117,968",85.8,1%,53 : 47,both
802,"Adam Mickiewicz University, Poznań",Poland,28.6,32.6,29.0,36.5,19.7,16.1,"31,009",23.8,7%,68 : 32,both
803,Al-Nahrain University,Iraq,28.6,58.9,20.3,26.0,7.9,15.8,"7,404",7.0,0%,58 : 42,both
804,American International University – Bangladesh,Bangladesh,28.6,69.1,18.7,27.8,7.7,9.2,"10,909",20.7,1%,24 : 76,both
805,"Arab Academy for Science, Technology and Maritime Transport",Egypt,28.6,42.7,27.5,41.3,11.3,21.8,"35,916",12.6,9%,32 : 68,both
806,Babeş-Bolyai University,Romania,28.6,48.7,28.3,28.6,11.8,13.9,"42,557",20.4,4%,64 : 36,both
807,Badji Mokhtar University – Annaba,Algeria,28.6,34.9,21.0,33.3,8.3,29.0,"33,857",10.0,2%,71 : 29,both
808,Baylor University,United States,28.6,42.9,33.1,50.7,14.4,16.7,"20,958",18.3,6%,61 : 39,both
809,Beijing University of Chemical Technology,China,28.6,44.6,62.4,21.9,11.2,12.5,"25,350",19.9,1%,37 : 63,both
810,BINUS University,Indonesia,28.6,38.0,44.2,25.5,12.8,15.8,"15,211",14.1,4%,41 : 59,both
811,BRAC University,Bangladesh,28.6,49.0,18.5,27.2,7.5,9.6,"16,494",18.3,0%,43 : 57,both
812,Changzhou University,China,28.6,48.8,49.5,27.2,8.9,11.8,"24,055",14.8,1%,,both
813,Chaoyang University of Technology,Taiwan,28.6,54.3,38.7,37.4,13.6,10.9,"13,287",34.8,6%,59 : 41,both
814,Charles Sturt University,Australia,28.6,46.7,38.8,79.4,9.8,13.9,"18,510",20.3,12%,67 : 33,both
815,Chiang Mai University,Thailand,28.6,34.8,48.3,36.1,14.3,16.5,"34,379",13.5,4%,61 : 39,both
816,Chonnam National University,South Korea,28.6,36.8,49.0,32.2,21.6,19.2,"18,258",13.5,7%,50 : 50,both
817,Christ University,India,28.6,61.4,20.0,22.2,10.0,12.4,"30,965",18.8,1%,51 : 49,both
818,Chung Yuan Christian University,Taiwan,28.6,42.9,47.4,37.8,18.4,11.2,"15,224",31.4,7%,47 : 53,both
819,Cochin University of Science and Technology,India,28.6,33.3,34.6,23.9,17.6,18.5,"4,485",14.8,2%,57 : 43,both
820,Comenius University Bratislava,Slovakia,28.6,43.7,25.2,47.9,14.2,16.6,"21,667",10.1,16%,65 : 35,both
821,Durban University of Technology,South Africa,28.6,47.9,18.4,50.5,9.1,11.6,"26,594",33.4,1%,56 : 44,both
822,Ege University,Turkey,28.6,40.6,35.0,36.1,12.2,12.9,"31,178",20.0,4%,54 : 46,both
823,Eötvös Loránd University,Hungary,28.6,32.6,33.6,53.9,15.2,20.0,"31,750",18.4,11%,61 : 39,both
824,Escuela Superior Politécnica del Litoral,Ecuador,28.6,50.8,25.2,50.2,8.9,16.3,"10,152",10.5,1%,39 : 61,both
825,Federal University of Espírito Santo,Brazil,28.6,35.4,42.2,37.7,9.7,18.4,"27,464",15.0,1%,54 : 46,both
826,Universidade Federal de Pernambuco,Brazil,28.6,34.1,57.3,30.0,14.0,26.5,"35,655",12.9,0%,51 : 49,both
827,Federal University of Rio Grande do Norte (UFRN),Brazil,28.6,27.0,39.4,39.9,10.3,18.8,"46,490",17.9,0%,47 : 53,both
828,Federal University of São Carlos,Brazil,28.6,32.6,38.5,29.8,13.2,26.3,"20,250",14.2,1%,50 : 50,both
829,Federico Santa María Technical University,Chile,28.6,37.7,33.4,48.3,8.7,8.4,"23,753",31.0,2%,25 : 75,both
830,Feng Chia University,Taiwan,28.6,32.3,55.9,39.8,12.9,10.4,"20,054",23.3,6%,41 : 59,both
831,Ferhat Abbas Sétif University 1,Algeria,28.6,41.5,19.0,38.5,6.9,13.5,"39,465",25.9,0%,62 : 38,both
832,Financial University under the Government of the Russian Federation,Russian Federation,28.6,32.4,28.3,33.0,10.2,19.3,"16,800",13.3,10%,55 : 45,both
833,Fluminense Federal University,Brazil,28.6,45.8,34.5,31.8,12.1,12.2,"71,127",20.5,1%,48 : 52,both
834,Gazi University,Turkey,28.6,56.1,25.9,25.5,9.3,15.6,"43,838",18.4,3%,49 : 51,both
835,Gdańsk University of Technology,Poland,28.6,40.9,50.4,40.2,14.3,15.0,"14,179",19.8,7%,39 : 61,both
836,Gebze Technical University,Turkey,28.6,38.2,38.6,28.3,16.5,15.1,"10,469",34.0,2%,38 : 62,both
837,Georgia Southern University,United States,28.6,59.4,26.6,51.9,10.3,8.3,"21,448",18.3,3%,59 : 41,both
838,GLA University,India,28.6,63.9,19.1,22.8,7.4,11.0,"12,764",14.7,0%,26 : 74,both
839,Gyeongsang National University,South Korea,28.6,33.1,42.9,29.8,16.8,13.4,"16,273",12.2,2%,44 : 56,both
840,Helwan University,Egypt,28.6,60.5,23.2,46.5,8.1,14.7,"153,363",22.4,2%,56 : 44,both
841,Hindustan Institute of Technology and Science,India,28.6,61.6,25.9,20.2,10.3,12.7,"7,321",11.7,2%,43 : 57,both
842,Hongik University,South Korea,28.6,32.0,51.2,22.6,18.8,12.5,"16,028",17.5,10%,57 : 43,both
843,Ibn Tofaïl University,Morocco,28.6,41.8,22.5,25.8,11.8,20.9,"71,561",90.8,2%,61 : 39,both
844,Incheon National University,South Korea,28.6,43.2,41.1,36.9,13.2,11.5,"17,305",21.1,3%,38 : 62,both
845,Indian Institute of Technology Guwahati,India,28.6,40.1,47.4,28.8,17.8,22.5,"8,587",17.9,1%,24 : 76,both
846,Instituto Politécnico de Viana do Castelo,Portugal,28.6,54.8,15.0,33.6,9.8,16.4,"5,885",19.7,9%,49 : 51,both
847,Institut Teknologi Sepuluh Nopember,Indonesia,28.6,33.1,23.9,43.4,9.6,19.5,"19,974",6.2,7%,42 : 58,both
848,International Hellenic University,Greece,28.6,56.0,25.5,30.1,8.6,10.7,"58,482",33.0,3%,44 : 56,both
849,ISCTE-University Institute of Lisbon,Portugal,28.6,46.2,40.9,34.0,15.7,12.8,"10,680",25.9,17%,52 : 48,both
850,Istanbul University-Cerrahpaşa,Turkey,28.6,53.5,19.6,27.8,15.3,14.6,"22,381",17.7,5%,42 : 58,both
851,Jagiellonian University,Poland,28.6,42.3,35.4,37.8,14.9,18.2,"32,989",9.2,12%,66 : 34,both
852,Jaume I University,Spain,28.6,38.7,45.6,42.2,11.0,16.8,"12,050",14.8,10%,58 : 42,both
853,Kanazawa University,Japan,28.6,36.9,51.0,46.1,13.9,16.9,"10,229",9.8,6%,37 : 63,both
854,Kangwon National University,South Korea,28.6,35.4,58.7,23.0,18.9,15.6,"20,159",19.9,3%,41 : 59,both
855,Karadeniz Technical University,Turkey,28.6,49.1,32.3,23.8,8.3,12.8,"24,284",11.2,7%,49 : 51,both
856,Karpagam Academy of Higher Education,India,28.6,50.0,17.9,20.5,7.6,11.4,"9,800",13.7,0%,30 : 70,both
857,Kaunas University of Technology,Lithuania,28.6,57.3,32.6,33.8,10.0,12.9,"7,618",13.2,9%,35 : 65,both
858,Kharkiv Aviation Institute,Ukraine,28.6,44.1,17.2,22.0,9.7,13.9,"5,217",11.7,6%,34 : 66,both
859,King Mongkut’s Institute of Technology Ladkrabang,Thailand,28.6,27.9,65.1,23.9,16.5,14.7,"25,883",22.3,2%,51 : 49,both
860,Kookmin University,South Korea,28.6,39.8,49.3,27.0,22.3,14.6,"16,080",18.1,12%,50 : 50,both
861,Kuwait University,Kuwait,28.6,27.6,33.3,59.6,8.1,16.5,"27,141",15.8,13%,70 : 30,both
862,Lobachevsky State University of Nizhni Novgorod,Russian Federation,28.6,19.7,53.2,35.5,14.5,26.6,"20,096",10.1,13%,52 : 48,both
863,Lodz University of Technology,Poland,28.6,30.9,41.5,34.1,10.7,14.7,"10,887",12.2,5%,39 : 61,both
864,Lviv Polytechnic National University,Ukraine,28.6,47.4,20.1,25.8,10.2,13.3,"29,733",15.5,1%,53 : 47,both
865,Manav Rachna International Institute of Research and Studies,India,28.6,57.0,17.7,20.6,7.3,16.3,"4,686",11.0,1%,48 : 52,both
866,Manipal Academy of Higher Education,India,28.6,45.5,42.9,40.2,11.2,14.3,"23,947",8.6,12%,47 : 53,both
867,Manipal University Jaipur,India,28.6,52.1,22.9,30.2,9.5,15.4,"9,680",14.2,5%,45 : 55,both
868,Mapúa University,Philippines,28.6,45.5,22.9,23.0,18.1,9.0,"8,601",23.6,1%,33 : 67,both
869,Marmara University,Turkey,28.6,47.9,29.8,28.6,9.2,11.6,"66,083",30.3,5%,51 : 49,both
870,"Mehran University of Engineering and Technology, Jamshoro, Pakistan",Pakistan,28.6,48.9,19.8,48.9,8.6,11.0,"9,276",20.8,0%,24 : 76,both
871,Middle Technical University,Iraq,28.6,58.7,23.2,28.9,6.4,11.9,"42,043",34.0,0%,53 : 47,both
872,Mohammed V University of Rabat,Morocco,28.6,43.5,42.9,27.7,11.5,24.3,"87,176",38.9,3%,55 : 45,both
873,Moscow Power Engineering Institute,Russian Federation,28.6,34.8,55.5,40.0,22.5,17.9,"14,402",20.0,14%,34 : 66,both
874,Nagoya Institute of Technology,Japan,28.6,25.7,66.5,33.2,14.0,17.1,"5,736",16.2,5%,17 : 83,both
875,Najran University,Saudi Arabia,28.6,54.4,17.6,74.6,7.1,8.5,"19,930",16.7,3%,64 : 36,both
876,Nanjing Forestry University,China,28.6,64.4,28.6,26.7,9.8,10.3,"33,835",16.9,1%,,both
877,Nanjing Normal University,China,28.6,46.1,54.9,28.1,13.1,14.4,"33,441",13.8,2%,70 : 30,both
878,National Autonomous University of Mexico,Mexico,28.6,20.5,48.4,54.9,17.5,25.4,"175,968",16.5,5%,52 : 48,both
879,"State University ""Kyiv Aviation Institute""",Ukraine,28.6,44.4,18.3,24.9,7.8,14.6,"13,142",9.7,5%,40 : 60,both
880,National Chengchi University,Taiwan,28.6,39.7,49.3,30.1,21.3,17.0,"12,671",15.4,14%,58 : 42,both
881,National Chung Cheng University,Taiwan,28.6,34.6,78.9,27.0,21.0,14.7,"9,145",16.3,4%,45 : 55,both
882,National Chung Hsing University,Taiwan,28.6,37.5,64.4,26.1,20.4,17.3,"15,403",13.1,7%,42 : 58,both
883,National Institute of Technology Delhi,India,28.6,40.6,21.0,34.6,12.2,26.1,"1,140",13.4,3%,49 : 51,both
884,National University of Distance Education (UNED),Spain,28.6,51.7,29.7,29.2,9.1,14.0,"71,981",57.6,4%,56 : 44,both
885,Nile University,Egypt,28.6,46.7,44.5,28.2,10.9,12.9,"3,468",14.0,1%,35 : 65,both
886,Northeast Agricultural University,China,28.6,60.4,25.7,19.3,11.0,8.4,"29,363",21.6,1%,55 : 45,both
887,Northeast Normal University,China,28.6,48.8,38.1,30.7,14.7,7.6,"30,812",19.0,3%,71 : 29,both
888,North-West University,South Africa,28.6,52.0,22.5,47.3,9.9,14.3,"40,397",27.3,2%,62 : 38,both
889,Northwest University (China),China,28.6,37.2,37.5,27.9,9.8,11.8,"29,021",14.6,1%,55 : 45,both
890,Osaka Metropolitan University,Japan,28.6,22.3,70.4,31.4,13.5,21.5,"15,750",11.5,4%,37 : 63,both
891,Palacký University Olomouc,Czechia,28.6,34.7,38.9,50.0,22.2,14.0,"19,315",14.9,13%,68 : 32,both
892,Plekhanov Russian University of Economics,Russian Federation,28.6,38.9,19.1,34.9,7.5,17.6,"13,642",8.6,13%,54 : 46,both
893,Pondicherry University,India,28.6,44.9,40.5,18.7,15.3,21.9,"9,199",21.3,0%,45 : 55,both
894,Pontifical Catholic University of Rio Grande do Sul (PUCRS),Brazil,28.6,29.6,69.9,36.3,16.2,22.4,"11,915",20.1,1%,52 : 48,both
895,Pontifical Catholic University of Valparaíso,Chile,28.6,44.2,25.3,51.1,13.5,10.3,"18,179",24.2,1%,43 : 57,both
896,Pontifícia Universidade Católica do Paraná,Brazil,28.6,48.0,42.4,29.2,9.1,16.8,"11,675",13.8,1%,55 : 45,both
897,Portland State University,United States,28.6,27.8,64.9,47.3,12.8,15.5,"17,841",20.2,6%,58 : 42,both
898,Poznan University of Technology,Poland,28.6,35.1,47.8,33.0,13.5,17.9,"14,071",12.8,8%,32 : 68,both
899,Prince of Songkla University,Thailand,28.6,36.7,37.2,30.4,13.3,17.4,"33,413",12.9,2%,69 : 31,both
900,PSG College of Technology,India,28.6,49.7,30.1,19.3,16.9,18.3,"7,893",13.6,0%,37 : 63,both
901,Pukyong National University,South Korea,28.6,31.9,39.3,27.0,11.0,21.0,"16,635",14.5,8%,47 : 53,both
902,Rajshahi University of Engineering and Technology,Bangladesh,28.6,55.9,21.2,26.4,10.0,9.2,"6,148",16.4,0%,28 : 72,both
903,Reykjavík University,Iceland,28.6,31.5,32.0,64.2,15.0,12.7,"2,979",23.9,6%,44 : 56,both
904,Riga Technical University,Latvia,28.6,35.6,28.4,41.0,10.9,13.5,"10,907",31.3,26%,35 : 65,both
905,RUDN University,Russian Federation,28.6,39.4,30.7,59.1,17.3,18.8,"26,040",18.2,33%,58 : 42,both
906,Sathyabama Institute of Science and Technology,India,28.6,54.7,22.5,23.4,8.2,19.8,"16,555",11.9,4%,50 : 50,both
907,Saudi Electronic University,Saudi Arabia,28.6,53.1,17.3,68.4,7.0,8.4,"35,869",41.3,5%,44 : 56,both
908,Shibaura Institute of Technology,Japan,28.6,25.5,52.4,38.4,16.8,18.1,"9,128",30.8,5%,18 : 82,both
909,Sidi Mohamed Ben Abdellah University,Morocco,28.6,55.3,24.2,23.7,12.6,21.4,"99,073",57.4,1%,50 : 50,both
910,Slovak University of Technology in Bratislava,Slovakia,28.6,33.3,32.7,38.4,9.5,16.3,"10,976",14.7,16%,31 : 69,both
911,Soongsil University,South Korea,28.6,31.2,60.4,23.3,18.2,14.8,"16,685",22.3,11%,47 : 53,both
912,South China Normal University,China,28.6,42.0,46.5,29.6,13.4,12.8,"34,597",18.9,4%,,both
913,St Petersburg Electrotechnical University (LETI),Russian Federation,28.6,32.6,31.9,38.1,13.7,18.2,"8,890",13.9,20%,31 : 69,both
914,Technical University of Cartagena,Spain,28.6,40.4,39.7,40.7,10.0,20.8,"4,542",10.1,9%,28 : 72,both
915,Technical University of Cluj-Napoca,Romania,28.6,40.5,47.8,25.8,12.8,13.4,"18,044",19.9,3%,37 : 63,both
916,Technological University Dublin,Ireland,28.6,44.4,28.2,55.0,8.9,13.2,"20,396",18.6,18%,43 : 57,both
917,Telkom University,Indonesia,28.6,47.8,34.0,41.5,12.4,16.0,"18,936",16.1,8%,37 : 63,both
918,Texas State University,United States,28.6,37.9,33.3,59.2,9.7,15.6,"30,792",19.9,1%,61 : 39,both
919,The University of Electro-Communications,Japan,28.6,34.1,67.5,35.3,16.9,21.5,"4,654",14.7,5%,13 : 87,both
920,Tokyo Metropolitan University,Japan,28.6,29.8,57.8,35.2,16.0,19.2,"8,823",10.4,6%,39 : 61,both
921,Tokyo University of Science,Japan,28.6,25.1,58.4,25.8,14.6,17.5,"17,783",23.7,4%,25 : 75,both
922,Tomsk State University,Russian Federation,28.6,20.9,49.3,62.6,19.6,29.2,"7,996",11.6,37%,,both
923,Toyohashi University of Technology (TUT),Japan,28.6,19.9,61.6,36.8,14.7,22.0,"1,986",10.5,14%,13 : 87,both
924,Tulane University,United States,28.6,45.1,32.6,57.2,12.2,17.6,"13,029",7.8,11%,61 : 39,both
925,Universidad Andrés Bello (UNAB),Chile,28.6,37.9,20.9,56.1,10.4,8.6,"47,619",18.0,3%,54 : 46,both
926,Universidade Federal de Santa Catarina,Brazil,28.6,36.3,40.6,38.0,13.7,17.5,"36,540",15.1,2%,49 : 51,both
927,Universidade Federal de São Paulo (UNIFESP),Brazil,28.6,30.2,28.4,35.1,11.2,25.6,"20,000",11.8,1%,60 : 40,both
928,Universidade Federal do Ceará (UFC),Brazil,28.6,39.8,59.7,38.3,14.7,13.9,"40,383",19.5,1%,45 : 55,both
929,Universidade Federal do Paraná (UFPR),Brazil,28.6,31.0,43.8,35.5,12.3,23.2,"32,845",11.9,7%,56 : 44,both
930,Universitas Airlangga,Indonesia,28.6,29.9,17.9,60.3,10.0,18.1,"30,217",7.3,4%,65 : 35,both
931,Universitas Padjadjaran,Indonesia,28.6,27.6,50.5,32.4,14.1,14.1,"32,629",9.0,3%,62 : 38,both
932,Université Chouaïb Doukkali,Morocco,28.6,45.8,21.2,21.9,9.9,19.0,"27,031",38.0,2%,58 : 42,both
933,Université de Gabès,Tunisia,28.6,39.4,20.5,37.9,9.7,16.2,"14,514",14.3,1%,74 : 26,both
934,Université de Poitiers,France,28.6,20.6,26.9,66.8,15.0,17.9,"29,514",28.9,12%,57 : 43,both
935,Université d’Orléans,France,28.6,25.4,32.6,67.1,11.2,15.7,"18,293",19.7,14%,50 : 50,both
936,Université Hassan 1er,Morocco,28.6,46.8,21.8,25.1,14.4,21.6,"35,228",58.2,2%,52 : 48,both
937,Université Sultan Moulay Slimane,Morocco,28.6,40.6,18.4,21.9,9.3,17.6,"41,727",58.3,1%,54 : 46,both
938,Universiti Malaysia Sarawak (UNIMAS),Malaysia,28.6,21.2,55.7,55.2,13.2,19.9,"12,296",15.8,13%,70 : 30,both
939,Universiti Malaysia Terengganu (UMT),Malaysia,28.6,43.1,19.6,50.4,11.7,12.1,"10,370",17.0,7%,69 : 31,both
940,Universiti Teknikal Malaysia Melaka,Malaysia,28.6,36.8,26.3,48.6,10.0,17.4,"11,480",15.9,5%,38 : 62,both
941,Universiti Tunku Abdul Rahman (UTAR),Malaysia,28.6,50.9,29.5,42.2,11.2,11.1,"16,339",12.8,10%,56 : 44,both
942,University of A Coruña,Spain,28.6,39.3,49.3,36.3,11.2,19.8,"15,383",12.5,6%,52 : 48,both
943,University of Alicante,Spain,28.6,34.8,38.7,41.3,11.9,22.2,"22,503",14.0,8%,59 : 41,both
944,University of Almería,Spain,28.6,38.6,28.0,39.7,10.5,14.4,"13,015",17.1,12%,56 : 44,both
945,University of Antioquia,Colombia,28.6,26.8,50.5,46.9,17.0,13.9,"37,067",18.1,0%,51 : 49,both
946,University of Brasília,Brazil,28.6,29.1,42.8,35.6,11.2,18.9,"41,767",13.6,1%,52 : 48,both
947,University of Bucharest,Romania,28.6,50.1,35.0,26.2,16.3,12.3,"32,123",32.6,2%,70 : 30,both
948,University of Cadiz,Spain,28.6,34.5,24.1,36.4,12.5,14.8,"18,592",17.4,11%,61 : 39,both
949,University of Carthage,Tunisia,28.6,41.7,35.2,39.9,9.2,19.2,"31,385",9.9,1%,63 : 37,both
950,University of Castilla-La Mancha,Spain,28.6,38.3,40.9,41.8,11.9,20.3,"25,094",13.9,9%,57 : 43,both
951,University of Clermont Auvergne,France,28.6,28.9,66.7,72.2,10.3,18.2,"36,541",21.0,15%,58 : 42,both
952,University of Debrecen,Hungary,28.6,30.5,29.7,63.1,17.4,19.1,"20,294",12.0,25%,55 : 45,both
953,University of Diyala,Iraq,28.6,41.6,18.5,34.1,7.0,15.2,"25,658",13.5,0%,57 : 43,both
954,University of Franche-Comté,France,28.6,35.8,53.1,78.4,9.5,15.8,"24,095",31.0,13%,59 : 41,both
955,University of Gdańsk,Poland,28.6,33.9,20.3,35.7,13.7,15.4,"18,016",11.6,3%,67 : 33,both
956,University of Girona,Spain,28.6,40.0,64.3,58.2,10.1,15.3,"14,186",20.6,14%,58 : 42,both
957,University of Haifa,Israel,28.6,41.8,48.1,39.2,20.3,15.6,"16,631",17.8,3%,66 : 34,both
958,University of Insubria,Italy,28.6,41.4,55.2,39.0,10.3,17.7,"10,232",25.6,5%,55 : 45,both
959,University of Jeddah,Saudi Arabia,28.6,49.7,20.3,70.6,7.6,12.3,"29,558",15.3,2%,66 : 34,both
960,University of Kiel,Germany,28.6,43.3,47.2,44.8,16.2,16.0,"29,036",23.6,9%,54 : 46,both
961,University of la Costa,Colombia,28.6,43.4,17.9,51.0,10.1,13.1,"12,187",18.0,1%,28 : 72,both
962,University of Lahore,Pakistan,28.6,51.9,19.0,52.2,7.3,12.0,"23,972",13.0,3%,39 : 61,both
963,University of La Laguna,Spain,28.6,29.8,31.3,36.4,9.9,18.6,"18,973",13.1,5%,58 : 42,both
964,University of La Rochelle,France,28.6,40.5,30.5,60.8,9.0,20.3,"8,150",21.3,13%,55 : 45,both
965,University of Las Palmas de Gran Canaria,Spain,28.6,24.2,31.3,49.9,9.0,21.4,"15,862",17.1,8%,58 : 42,both
966,University of Latvia,Latvia,28.6,30.7,61.8,35.2,17.5,11.0,"12,055",32.8,8%,68 : 32,both
967,University of León,Spain,28.6,44.3,35.7,28.6,10.7,20.6,"10,548",12.8,5%,54 : 46,both
968,University of Macedonia,Greece,28.6,55.8,25.9,25.8,9.5,16.1,"11,970",57.8,4%,50 : 50,both
969,University of Malta,Malta,28.6,38.0,38.8,49.9,10.9,21.2,"9,966",12.2,17%,61 : 39,both
970,University of Manouba,Tunisia,28.6,38.9,23.1,40.9,9.4,22.2,"18,156",15.4,2%,62 : 38,both
971,University of Maribor,Slovenia,28.6,35.6,47.1,36.9,12.2,14.6,"13,011",13.8,12%,54 : 46,both
972,University Cadi Ayyad of Marrakech,Morocco,28.6,39.1,22.4,29.9,10.3,23.4,"116,354",44.2,1%,51 : 49,both
973,University of Monastir,Tunisia,28.6,43.3,21.9,45.6,8.1,17.0,"21,342",9.4,1%,69 : 31,both
974,University of Moratuwa,Sri Lanka,28.6,52.1,45.1,25.0,16.3,9.6,"12,282",30.9,0%,63 : 37,both
975,University of Nebraska Omaha,United States,28.6,36.1,29.8,53.2,11.5,13.1,"13,744",17.2,5%,57 : 43,both
976,"University of Nevada, Las Vegas",United States,28.6,48.8,44.2,49.2,15.9,11.1,"27,489",23.9,3%,58 : 42,both
977,University of Novi Sad,Serbia,28.6,35.9,45.7,34.0,12.4,13.0,"49,225",14.5,6%,58 : 42,both
978,University of Oviedo,Spain,28.6,42.6,33.4,38.2,11.5,20.5,"18,346",8.2,7%,55 : 45,both
979,University of Rajshahi,Bangladesh,28.6,50.1,24.7,28.5,9.1,14.5,"22,189",21.2,0%,35 : 65,both
980,University of Rijeka,Croatia,28.6,41.3,36.9,26.9,15.2,10.3,"12,999",15.5,3%,59 : 41,both
981,University of Sousse,Tunisia,28.6,43.8,24.2,38.8,10.1,21.2,"28,909",13.3,2%,68 : 32,both
982,University of Szeged,Hungary,28.6,30.5,67.7,40.0,19.8,15.2,"19,881",12.3,20%,56 : 44,both
983,University of Talca,Chile,28.6,43.6,33.6,67.2,14.9,11.8,"11,786",14.8,1%,52 : 48,both
984,"University of Technology, Iraq",Iraq,28.6,48.0,23.1,25.2,11.6,19.0,"11,626",7.7,0%,47 : 53,both
985,"University of the Andes, Colombia",Colombia,28.6,39.8,52.1,48.6,9.5,13.5,"16,133",14.0,2%,45 : 55,both
986,University of Thessaly,Greece,28.6,38.6,39.2,32.5,10.6,9.7,"26,405",28.4,3%,51 : 49,both
987,University of Tunis,Tunisia,28.6,28.4,28.4,35.2,11.4,27.2,"17,667",11.3,2%,71 : 29,both
988,University of Valladolid,Spain,28.6,47.0,53.1,40.9,11.5,14.6,"21,960",10.5,8%,56 : 44,both
989,University of Vigo,Spain,28.6,40.9,59.4,44.4,13.4,14.8,"17,545",15.0,6%,51 : 49,both
990,University of West Attica,Greece,28.6,63.3,30.6,22.5,10.8,8.4,"58,700",42.0,0%,43 : 57,both
991,University of Wrocław,Poland,28.6,27.5,36.7,53.2,14.8,15.7,"17,796",15.9,8%,64 : 36,both
992,University of Zagreb,Croatia,28.6,49.2,56.1,26.4,11.7,18.5,"59,109",15.2,4%,60 : 40,both
993,University of Žilina,Slovakia,28.6,42.3,27.7,27.9,11.0,14.1,"7,056",14.2,7%,34 : 66,both
994,University Rey Juan Carlos,Spain,28.6,36.9,46.9,36.3,10.7,16.4,"40,905",18.3,6%,59 : 41,both
995,Vilnius Gediminas Technical University (Vilnius Tech),Lithuania,28.6,48.3,26.5,39.5,13.1,12.2,"8,264",12.5,14%,31 : 69,both
996,Wrocław University of Science and Technology,Poland,28.6,37.9,46.9,31.8,16.2,18.0,"21,269",18.9,7%,33 : 67,both
997,Xiangtan University,China,28.6,41.2,33.3,23.8,9.5,13.3,"36,578",20.5,0%,49 : 51,both
998,Yanshan University,China,28.6,42.0,43.7,20.6,9.7,11.1,"39,528",13.0,1%,37 : 63,both
999,Yokohama National University,Japan,28.6,33.1,82.3,26.2,20.1,15.1,"9,568",13.7,8%,28 : 72,both
1000,Zhejiang Sci-Tech University,China,28.6,40.0,54.0,25.7,14.6,14.5,"28,628",15.8,2%,47 : 53,both
1000,Zhejiang University of Finance and Economics,China,28.6,60.2,32.5,22.3,9.1,11.1,"19,422",21.2,2%,62 : 38,both
1001,Acharya Nagarjuna University,India,21.4,20.6,21.9,25.0,7.4,26.9,"6,220",7.6,7%,32 : 68,both
1002,Alexandru Ioan Cuza University,Romania,21.4,28.1,26.2,22.2,10.2,10.6,"24,049",21.2,8%,55 : 45,both
1003,Al-Farabi Kazakh National University,Kazakhstan,21.4,16.0,17.9,65.0,7.5,19.5,"19,546",4.8,28%,53 : 47,both
1004,Ariel University,Israel,21.4,25.2,29.0,27.7,11.0,12.1,"13,670",20.2,1%,51 : 49,both
1005,Autonomous University of Baja California,Mexico,21.4,25.9,24.2,24.8,11.5,12.2,"68,621",21.4,3%,55 : 45,both
1006,Belarusian State University,Belarus,21.4,10.5,33.2,43.9,13.7,23.5,"23,445",7.9,22%,58 : 42,both
1007,Benemérita Universidad Autónoma de Puebla,Mexico,21.4,7.9,19.4,28.9,7.7,13.8,"82,994",23.3,1%,52 : 48,both
1008,Bialystok University of Technology,Poland,21.4,20.4,23.8,24.8,9.3,14.3,"6,374",11.0,6%,35 : 65,both
1009,Chuo University,Japan,21.4,16.9,49.7,26.8,12.1,11.7,"26,078",35.6,4%,38 : 62,both
1010,Communication University of China,China,21.4,27.1,53.0,20.2,13.9,14.9,"18,222",16.0,3%,69 : 31,both
1011,Cracow University of Technology,Poland,21.4,37.2,26.8,37.0,8.9,13.2,"12,501",11.0,5%,38 : 62,both
1012,Dankook University,South Korea,21.4,29.2,46.5,26.2,15.6,11.3,"26,348",24.3,5%,54 : 46,both
1013,De La Salle University,Philippines,21.4,35.1,21.8,26.2,10.3,17.4,"13,059",11.5,2%,52 : 48,both
1014,Dokuz Eylül University,Turkey,21.4,33.3,27.0,31.5,9.3,16.5,"58,053",27.9,7%,47 : 53,both
1015,Don State Technical University,Russian Federation,21.4,26.6,19.8,27.1,7.9,16.2,"26,066",13.0,12%,,both
1016,Doshisha University,Japan,21.4,15.5,48.7,28.1,12.3,15.5,"26,942",18.3,4%,42 : 58,both
1017,Federal Rural University of Pernambuco,Brazil,21.4,32.9,26.5,35.9,7.5,13.9,"15,815",13.9,0%,48 : 52,both
1018,Federal University of Goiás,Brazil,21.4,22.0,21.6,32.3,7.9,10.5,"21,440",10.0,0%,49 : 51,both
1019,Federal University of Pará,Brazil,21.4,29.7,33.8,28.1,9.1,13.3,"48,359",17.8,0%,53 : 47,both
1020,Federal University of Santa Maria,Brazil,21.4,27.3,25.1,26.2,8.6,12.0,"29,075",12.9,0%,54 : 46,both
1021,Federal University of Uberlândia,Brazil,21.4,24.1,41.3,29.2,9.9,15.5,"24,277",13.3,1%,52 : 48,both
1022,Fujian Agriculture and Forestry University,China,21.4,38.8,25.4,25.6,8.5,9.3,"32,192",18.1,1%,52 : 48,both
1023,GITAM University,India,21.4,33.9,18.5,21.0,7.7,10.8,"25,876",12.5,1%,38 : 62,both
1024,Ionian University,Greece,21.4,35.2,24.9,22.7,11.0,14.1,"7,513",23.8,3%,55 : 45,both
1025,Jianghan University,China,21.4,11.9,23.8,19.1,7.8,12.4,"21,498",14.9,1%,56 : 44,both
1026,Jiangsu Normal University,China,21.4,34.7,33.7,31.5,10.8,9.8,"27,758",14.6,1%,,both
1027,Kansai University,Japan,21.4,5.9,22.4,25.6,6.9,17.7,"29,506",11.0,4%,41 : 59,both
1028,Kasetsart University,Thailand,21.4,23.6,34.4,28.5,9.1,10.4,"69,973",18.1,1%,62 : 38,both
1029,Kharkiv National University of Radio Electronics,Ukraine,21.4,33.4,18.6,26.1,9.0,19.3,"7,684",10.9,6%,27 : 73,both
1030,Kocaeli University,Turkey,21.4,32.9,25.9,26.1,8.3,8.3,"62,768",41.6,2%,43 : 57,both
1031,Kyoto Institute of Technology,Japan,21.4,17.1,54.0,33.6,12.1,13.2,"3,954",14.2,5%,29 : 71,both
1032,L.N. Gumilyov Eurasian National University,Kazakhstan,21.4,25.8,17.2,43.8,9.6,12.5,"19,964",13.8,4%,48 : 52,both
1033,Lublin University of Technology,Poland,21.4,31.4,18.7,49.1,13.4,7.8,"7,124",12.1,14%,28 : 72,both
1034,Meiji University,Japan,21.4,19.6,32.7,22.3,11.7,15.0,"33,118",34.2,5%,34 : 66,both
1035,Metropolitan Autonomous University,Mexico,21.4,16.1,26.9,27.2,14.6,10.4,"61,908",43.8,1%,50 : 50,both
1036,MIREA - Russian Technological University,Russian Federation,21.4,10.2,19.7,21.0,7.9,12.3,"28,286",22.9,5%,25 : 75,both
1037,Moscow Aviation Institute,Russian Federation,21.4,22.0,27.0,28.0,11.4,24.3,"15,552",12.3,12%,26 : 74,both
1038,Mustansiriyah University,Iraq,21.4,15.0,20.0,37.6,7.5,19.0,"32,064",8.3,1%,56 : 44,both
1039,Nanjing Tech University,China,21.4,29.2,37.9,26.7,8.9,12.6,"38,374",12.8,3%,,both
1040,National Chin-Yi University of Technology,Taiwan,21.4,19.8,42.0,23.0,17.4,10.5,"7,574",22.7,8%,31 : 69,both
1041,National Formosa University,Taiwan,21.4,11.9,49.2,18.8,9.1,11.5,"11,686",20.3,1%,22 : 78,both
1042,National Kaohsiung University of Science and Technology,Taiwan,21.4,30.9,59.7,26.2,11.6,10.1,"28,443",33.9,2%,36 : 64,both
1043,National Research University of Electronic Technology (MIET),Russian Federation,21.4,15.5,47.1,25.4,13.5,21.1,"5,550",10.4,6%,26 : 74,both
1044,National Taiwan Ocean University,Taiwan,21.4,26.7,42.7,26.8,16.0,10.8,"8,322",16.0,8%,32 : 68,both
1045,National Technical University Kharkiv Polytechnic Institute,Ukraine,21.4,23.0,18.0,26.2,8.8,16.7,"10,902",7.9,14%,31 : 69,both
1046,National Technical University of Ukraine – Igor Sikorsky Kyiv Polytechnic Institute,Ukraine,21.4,24.3,22.9,23.4,10.5,16.0,"22,885",10.1,3%,29 : 71,both
1047,National University of Colombia,Colombia,21.4,23.2,42.4,37.0,9.5,18.5,"55,039",21.0,1%,41 : 59,both
1048,National University of La Plata,Argentina,21.4,9.2,22.2,61.3,8.1,21.6,"48,485",13.0,22%,61 : 39,both
1049,National University of Life and Environmental Sciences of Ukraine,Ukraine,21.4,40.6,17.4,25.3,7.4,11.7,"20,345",15.3,0%,39 : 61,both
1050,National University of Science and Technology (MISiS),Russian Federation,21.4,35.3,21.2,32.2,9.2,16.8,"7,259",12.6,19%,41 : 59,both
1051,North-Caucasus Federal University,Russian Federation,21.4,28.0,20.1,29.3,7.5,22.9,"18,201",7.6,9%,48 : 52,both
1052,Novosibirsk State Technical University,Russian Federation,21.4,10.9,19.2,29.9,8.2,12.9,"13,080",14.6,19%,39 : 61,both
1053,Novosibirsk State University,Russian Federation,21.4,15.2,22.8,27.3,18.3,28.3,"7,196",6.7,21%,,both
1054,Polytechnic University of Timişoara,Romania,21.4,38.5,36.0,25.5,8.5,11.2,"11,774",17.0,3%,38 : 62,both
1055,Pontifical Catholic University of Peru,Peru,21.4,20.8,20.1,36.2,6.9,16.7,"27,160",6.6,1%,47 : 53,both
1056,Pontificia Universidad Javeriana,Colombia,21.4,19.6,32.6,42.6,10.0,14.3,"28,409",12.7,1%,55 : 45,both
1057,R V College of Engineering,India,21.4,23.4,29.3,18.0,8.5,16.1,"6,014",16.9,0%,27 : 73,both
1058,Rzeszów University of Technology,Poland,21.4,19.4,24.0,25.0,7.7,14.7,"10,335",12.9,1%,39 : 61,both
1059,Saints Cyril and Methodius University in Skopje,North Macedonia,21.4,31.5,32.0,31.2,9.4,8.9,"26,734",13.6,1%,63 : 37,both
1060,Samara National Research University (Samara University),Russian Federation,21.4,20.6,27.6,33.9,11.4,23.6,"9,266",10.4,11%,47 : 53,both
1061,Shanghai Normal University,China,21.4,30.5,38.9,24.8,9.0,10.3,"29,846",14.8,2%,69 : 31,both
1062,Shizuoka University,Japan,21.4,20.6,55.0,31.2,12.4,14.0,"9,901",14.9,4%,30 : 70,both
1063,Sichuan University of Science and Engineering,China,21.4,17.0,42.4,20.7,9.5,8.7,"45,377",22.3,1%,48 : 52,both
1064,Sofia University,Bulgaria,21.4,29.0,18.5,26.4,10.4,19.7,"21,855",7.5,7%,66 : 34,both
1065,Southern Federal University,Russian Federation,21.4,20.9,21.6,32.6,11.6,18.4,"20,855",12.9,13%,56 : 44,both
1066,Southwest Petroleum University,China,21.4,32.2,48.3,22.8,9.2,8.6,"40,801",19.2,1%,34 : 66,both
1067,Sri Lanka Institute of Information Technology,Sri Lanka,21.4,17.5,21.6,18.3,8.1,8.7,"15,450",47.1,0%,42 : 58,both
1068,State University of Malang,Indonesia,21.4,33.7,18.0,41.5,13.0,10.2,"35,702",30.3,4%,54 : 46,both
1069,Tamkang University,Taiwan,21.4,28.4,45.1,35.7,9.3,10.5,"22,492",18.1,8%,47 : 53,both
1070,Taras Shevchenko National University of Kyiv,Ukraine,21.4,25.8,18.3,22.0,9.8,16.9,"26,028",10.4,6%,58 : 42,both
1071,Tashkent University of Information Technologies,Uzbekistan,21.4,22.3,18.0,21.6,10.2,15.4,"18,731",19.3,0%,21 : 79,both
1072,Technical University of Sofia,Bulgaria,21.4,27.7,29.2,25.7,14.2,14.4,"11,234",10.4,7%,25 : 75,both
1073,Thammasat University,Thailand,21.4,27.1,41.8,31.8,14.2,11.8,"29,481",10.9,2%,64 : 36,both
1074,Tokai University,Japan,21.4,16.4,31.7,30.5,9.0,10.5,"28,585",16.3,5%,28 : 72,both
1075,Transilvania University of Brașov,Romania,21.4,37.9,27.1,29.3,8.4,13.2,"20,058",23.8,1%,52 : 48,both
1076,Universidad de las Fuerzas Armadas – ESPE,Ecuador,21.4,17.8,18.9,31.0,7.7,11.4,"22,958",16.6,0%,50 : 50,both
1077,Universidade do Estado do Rio de Janeiro (UERJ),Brazil,21.4,18.0,34.6,37.1,11.5,23.9,"23,868",9.5,0%,55 : 45,both
1078,Universidade Federal da Bahia,Brazil,21.4,18.9,24.8,31.0,9.7,19.0,"51,617",20.1,0%,45 : 55,both
1079,Universidade Federal de Juiz de Fora,Brazil,21.4,21.0,25.7,24.9,12.1,19.1,"23,831",14.3,0%,49 : 51,both
1080,Universidade Federal do ABC (UFABC),Brazil,21.4,25.9,28.8,34.4,11.9,15.4,"21,548",28.2,1%,36 : 64,both
1081,Universidade Lusófona,Portugal,21.4,30.1,19.8,54.6,7.5,15.9,"11,773",9.7,17%,55 : 45,both
1082,Universidade Tecnológica Federal do Paraná (UTFPR),Brazil,21.4,34.9,34.0,31.6,9.6,11.7,"33,984",13.3,1%,31 : 69,both
1083,Universidad Peruana de Ciencias Aplicadas (UPC),Peru,21.4,16.2,17.1,23.1,7.8,9.3,"79,091",28.0,1%,48 : 52,both
1084,Universidad Politécnica Salesiana,Ecuador,21.4,26.5,20.9,32.5,10.0,11.2,"22,123",23.4,2%,40 : 60,both
1085,Universidad Técnica Particular de Loja,Ecuador,21.4,9.8,17.6,28.2,7.0,11.0,"57,731",29.2,2%,56 : 44,both
1086,Universitas Sebelas Maret,Indonesia,21.4,20.4,39.0,43.4,13.4,14.1,"27,868",16.9,2%,64 : 36,both
1087,Universitas Sumatera Utara,Indonesia,21.4,20.6,21.8,46.6,8.0,11.6,"39,487",19.2,2%,56 : 44,both
1088,Université Mohammed Premier,Morocco,21.4,37.2,21.2,24.2,7.4,15.2,"84,547",82.5,1%,51 : 49,both
1089,Universiti Kuala Lumpur,Malaysia,21.4,26.9,27.7,47.9,8.0,18.9,"14,972",11.4,6%,43 : 57,both
1090,Universiti Teknologi MARA,Malaysia,21.4,31.2,31.0,24.8,10.7,14.6,"60,827",16.0,2%,66 : 34,both
1091,University of Abou Bekr Belkaïd Tlemcen,Algeria,21.4,23.6,20.2,31.5,9.0,15.0,"39,934",16.8,1%,59 : 41,both
1092,University of Babylon,Iraq,21.4,34.6,18.0,19.5,7.3,18.8,"29,288",13.8,0%,55 : 45,both
1093,University of Baghdad,Iraq,21.4,26.9,33.2,23.7,11.5,16.4,"77,080",12.8,0%,59 : 41,both
1094,University of Basrah,Iraq,21.4,31.6,17.9,31.6,7.7,10.4,"50,118",15.7,0%,64 : 36,both
1095,University of Biskra,Algeria,21.4,33.4,19.1,43.2,9.3,14.3,"29,730",18.4,0%,63 : 37,both
1096,University of Brawijaya,Indonesia,21.4,15.7,23.4,30.2,8.5,12.5,"54,657",14.1,1%,60 : 40,both
1097,University of Concepción,Chile,21.4,24.6,26.3,51.0,9.8,11.9,"30,363",17.9,2%,52 : 48,both
1098,University of Craiova,Romania,21.4,31.2,25.7,27.2,10.7,10.9,"16,537",20.8,4%,52 : 48,both
1099,University of Guadalajara,Mexico,21.4,38.1,18.9,35.6,6.8,9.9,"142,714",20.0,0%,55 : 45,both
1100,University of Guanajuato,Mexico,21.4,20.0,29.4,29.7,8.0,15.2,"30,903",20.4,1%,55 : 45,both
1101,University of Ioannina,Greece,21.4,30.3,41.3,31.0,10.4,8.5,"34,419",42.2,3%,45 : 55,both
1102,University of Lodz,Poland,21.4,26.8,19.7,48.6,8.6,9.5,"21,408",14.0,10%,62 : 38,both
1103,University of Mosul,Iraq,21.4,18.5,40.0,22.3,8.2,16.1,"59,475",17.9,0%,51 : 49,both
1104,University of Ostrava,Czechia,21.4,23.8,18.7,41.1,11.3,17.6,"8,938",16.0,11%,70 : 30,both
1105,"University of Santiago, Chile (USACH)",Chile,21.4,21.0,22.8,42.2,9.4,13.3,"25,210",19.8,3%,45 : 55,both
1106,University of Sarajevo,Bosnia and Herzegovina,21.4,25.9,30.7,25.7,9.7,10.6,"22,458",13.5,4%,65 : 35,both
1107,University of Savoie Mont Blanc,France,21.4,23.2,42.2,47.9,11.7,12.2,"13,962",26.9,10%,50 : 50,both
1108,University of Sciences and Technology Houari Boumediene,Algeria,21.4,24.3,34.1,32.4,12.2,12.5,"39,888",20.0,0%,47 : 53,both
1109,University of Silesia in Katowice,Poland,21.4,27.7,25.6,31.4,9.4,10.5,"18,354",11.3,5%,66 : 34,both
1110,University of South Africa,South Africa,21.4,32.2,19.1,35.3,7.5,9.2,"233,279",73.7,1%,74 : 26,both
1111,University of Split,Croatia,21.4,29.1,33.0,27.2,10.9,12.6,"19,113",15.6,3%,58 : 42,both
1112,University of the Balearic Islands,Spain,21.4,28.3,32.0,41.0,8.1,19.8,"12,240",9.4,8%,60 : 40,both
1113,University of the Philippines,Philippines,21.4,25.3,32.3,26.5,11.1,11.5,"54,781",11.1,0%,60 : 40,both
1114,University of Tours,France,21.4,17.9,27.0,66.6,8.3,13.6,"29,924",21.2,12%,61 : 39,both
1115,University of Warmia and Mazury in Olsztyn,Poland,21.4,30.0,24.6,25.8,15.9,10.1,"16,211",18.0,3%,61 : 39,both
1116,"Vietnam National University, Hanoi",Vietnam,21.4,27.0,27.1,47.0,10.8,13.9,"64,921",18.9,0%,61 : 39,both
1117,Vietnam National University (Ho Chi Minh City),Vietnam,21.4,34.5,28.5,30.9,10.0,11.3,"93,371",28.2,1%,47 : 53,both
1118,Vilnius University,Lithuania,21.4,24.1,26.7,40.5,11.6,13.6,"21,338",8.9,11%,63 : 37,both
1119,V.N. Karazin Kharkiv National University,Ukraine,21.4,19.5,27.1,23.5,10.0,21.0,"17,491",8.3,28%,53 : 47,both
1120,Warsaw University of Life Sciences – SGGW,Poland,21.4,35.6,19.2,31.8,10.3,11.1,"16,713",13.7,8%,59 : 41,both
1121,Wuhan Textile University,China,21.4,15.4,39.7,21.9,8.9,10.6,"23,955",15.6,1%,50 : 50,both
1122,Yamaguchi University,Japan,21.4,21.3,36.0,31.4,8.4,15.9,"10,310",10.9,5%,37 : 63,both
