rank,name,country,overall_score,research_qlt_score,industry_score,intl_outlook_score,research_env_score,teaching_score,number_students,student_staff_ratio,intl_students,female_male_ratio,_merge
1,Harvard University,United States,97.5,97.6,97.1,93.7,99.6,96.5,"22,584",10.0,25%,52 : 48,both
2,Stanford University,United States,96.4,98.6,100.0,86.4,95.3,97.0,"16,963",5.9,23%,47 : 53,both
3,Massachusetts Institute of Technology,United States,96.2,97.9,100.0,87.9,93.0,99.0,"11,836",8.0,33%,42 : 58,both
4,University of Oxford,United Kingdom,96.1,92.9,95.7,95.1,99.8,95.7,"22,095",10.8,43%,51 : 49,both
5,"University of California, Berkeley",United States,95.8,98.8,100.0,86.5,98.5,91.2,"42,423",18.7,25%,52 : 48,both
6,University of Cambridge,United Kingdom,95.6,91.1,97.4,95.1,99.6,95.5,"20,980",11.5,38%,49 : 51,both
7,California Institute of Technology,United States,95.5,93.9,100.0,76.8,99.1,97.2,"2,397",6.4,32%,38 : 62,both
8,Princeton University,United States,94.5,97.4,92.6,88.6,93.6,94.7,"8,378",7.8,23%,47 : 53,both
9,National University of Singapore,Singapore,93.4,97.0,100.0,92.5,94.7,86.7,"34,388",21.0,26%,49 : 51,both
10,ETH Zurich,Switzerland,92.6,94.6,81.5,90.8,96.0,90.8,"22,883",15.8,44%,33 : 67,both
11,Peking University,China,92.3,95.1,87.8,55.7,95.7,97.1,"34,981",11.5,15%,,both
12,Imperial College London,United Kingdom,91.9,88.7,92.0,96.2,92.8,92.8,"21,000",12.1,60%,43 : 57,both
13,Tsinghua University,China,91.0,89.5,100.0,34.1,97.7,98.2,"38,289",11.0,9%,,both
14,"Nanyang Technological University, Singapore",Singapore,90.8,96.3,100.0,93.7,90.6,82.1,"26,044",17.1,29%,48 : 52,both
15,Georgia Institute of Technology,United States,90.3,94.8,99.8,78.8,93.7,82.5,"34,116",31.4,31%,34 : 66,both
16,"University of California, Los Angeles",United States,88.8,96.0,95.8,85.7,88.9,80.5,"44,237",9.9,15%,56 : 44,both
17,Delft University of Technology,Netherlands,88.7,81.4,99.8,90.0,94.7,86.0,"20,943",14.5,37%,32 : 68,both
18,Yale University,United States,88.3,91.5,76.6,87.3,86.5,90.6,"14,401",6.2,22%,53 : 47,both
19,University of Michigan-Ann Arbor,United States,86.6,84.7,88.2,73.6,90.2,87.8,"47,787",8.5,18%,52 : 48,both
20,Carnegie Mellon University,United States,86.1,98.0,81.2,77.6,86.2,77.8,"15,312",13.1,46%,44 : 56,both
21,École Polytechnique Fédérale de Lausanne,Switzerland,85.7,85.0,99.1,92.3,83.9,82.7,"12,432",12.5,64%,30 : 70,both
22,Technical University of Munich,Germany,85.0,79.7,100.0,74.3,93.5,79.9,"34,907",41.8,43%,35 : 65,both
23,University of Toronto,Canada,83.1,85.6,90.1,88.6,82.1,78.0,"80,107",25.2,29%,56 : 44,both
24,Cornell University,United States,83.0,90.8,74.3,81.7,80.6,80.5,"25,528",10.5,26%,52 : 48,both
25,University of Illinois at Urbana-Champaign,United States,82.6,80.2,97.9,60.9,88.7,80.0,"50,655",19.7,25%,51 : 49,both
26,Shanghai Jiao Tong University,China,82.4,81.0,99.9,47.8,91.0,78.9,"40,159",12.4,9%,36 : 64,both
27,Zhejiang University,China,82.3,82.0,100.0,49.2,88.5,79.8,"50,206",12.1,15%,,both
28,Columbia University,United States,81.6,89.8,98.6,89.5,74.9,73.6,"30,541",5.9,40%,,both
29,University of Texas at Austin,United States,81.0,92.9,91.0,54.7,80.8,73.6,"50,047",16.6,9%,55 : 45,both
30,Purdue University West Lafayette,United States,80.7,72.6,95.1,74.0,85.6,81.3,"41,612",18.7,20%,42 : 58,both
31,The University of Tokyo,Japan,80.5,55.4,100.0,49.7,93.4,94.6,"26,438",10.4,17%,,both
32,Northwestern University,United States,77.7,94.1,76.4,82.3,70.9,67.9,"19,922",8.0,20%,53 : 47,both
33,The Hong Kong University of Science and Technology,Hong Kong,77.3,95.3,100.0,96.6,68.5,57.2,"9,534",16.5,44%,,both
34,University of Pennsylvania,United States,77.2,87.6,84.0,84.4,73.3,67.2,"22,539",6.8,24%,55 : 45,both
35,Korea Advanced Institute of Science and Technology (KAIST),South Korea,76.7,78.6,100.0,39.4,80.6,74.0,"10,156",11.2,11%,22 : 78,both
36,RWTH Aachen University,Germany,76.5,69.8,100.0,60.2,84.9,72.2,"29,050",37.1,31%,35 : 65,both
37,Johns Hopkins University,United States,75.9,82.9,86.9,74.3,74.9,67.4,"21,735",5.8,32%,55 : 45,both
37,KTH Royal Institute of Technology,Sweden,75.9,78.5,88.5,75.2,75.9,69.9,"13,113",15.6,26%,34 : 66,both
39,University of Hong Kong,Hong Kong,75.2,93.1,82.6,96.2,62.4,63.0,"18,010",18.4,45%,55 : 45,both
40,Seoul National University,South Korea,75.1,69.1,100.0,28.9,82.3,78.8,"25,644",14.2,16%,,both
41,The Hong Kong Polytechnic University,Hong Kong,74.5,96.3,90.3,96.3,61.9,55.9,"20,387",22.3,35%,50 : 50,both
42,"University of California, San Diego",United States,74.3,91.2,100.0,73.7,65.6,59.3,"39,993",11.0,21%,49 : 51,both
43,Fudan University,China,74.2,94.9,99.9,42.0,61.5,68.3,"38,462",12.3,9%,52 : 48,both
43,Kyoto University,Japan,74.2,53.7,98.4,42.5,84.2,85.6,"21,707",9.0,11%,25 : 75,both
45,University of Manchester,United Kingdom,74.0,83.5,73.4,95.3,67.9,65.5,"42,160",15.1,46%,56 : 44,both
46,University of Science and Technology of China,China,73.8,94.3,98.8,36.6,62.6,68.2,"20,888",8.0,5%,,both
47,"University of California, Santa Barbara",United States,73.5,95.4,100.0,83.5,63.0,52.6,"25,442",27.6,17%,55 : 45,both
48,UCL,United Kingdom,73.3,86.2,68.4,96.5,65.2,64.0,"41,935",11.1,61%,60 : 40,both
49,University of British Columbia,Canada,73.2,83.6,87.4,92.5,67.1,60.1,"59,931",19.3,34%,56 : 44,both
50,KU Leuven,Belgium,72.1,79.1,100.0,76.8,71.1,57.0,"50,447",37.5,20%,52 : 48,both
51,Tongji University,China,71.8,79.6,96.0,57.5,70.8,62.0,"31,767",11.3,20%,41 : 59,both
51,UNSW Sydney,Australia,71.8,92.3,97.5,94.5,57.3,53.4,"46,165",35.6,41%,46 : 54,both
51,University of Washington,United States,71.8,89.1,80.8,78.1,63.5,59.2,"49,647",10.0,16%,57 : 43,both
54,Harbin Institute of Technology,China,71.7,77.7,98.4,26.9,74.7,67.2,"31,224",10.6,4%,,both
55,University of Massachusetts,United States,71.2,88.2,87.8,80.8,54.5,64.4,"62,044",12.8,14%,51 : 49,both
56,The Chinese University of Hong Kong,Hong Kong,70.8,96.3,84.6,96.4,53.8,52.4,"18,210",18.6,27%,,both
57,Technical University of Denmark,Denmark,70.7,78.7,98.2,86.6,64.0,57.8,"10,492",8.0,30%,34 : 66,both
58,Nanjing University,China,70.6,95.9,99.9,49.3,57.7,56.5,"33,608",14.6,10%,59 : 41,both
59,City University of Hong Kong,Hong Kong,69.9,97.8,100.0,98.9,47.4,49.5,"8,592",12.5,72%,54 : 46,both
59,Monash University,Australia,69.9,88.0,99.8,93.1,58.3,49.5,"54,821",32.6,37%,55 : 45,both
61,The University of Sydney,Australia,69.8,91.7,93.1,94.5,53.5,51.8,"53,079",27.5,51%,57 : 43,both
62,Tohoku University,Japan,69.7,52.3,100.0,61.9,76.7,72.9,"17,218",12.3,12%,28 : 72,both
63,Duke University,United States,69.3,80.9,100.0,82.0,54.4,61.0,"17,180",4.3,22%,54 : 46,both
64,Texas A&M University,United States,68.8,74.0,78.1,66.3,66.9,63.5,"66,907",21.8,8%,48 : 52,both
65,Politecnico di Milano,Italy,67.5,73.0,90.5,58.4,62.3,63.3,"39,532",24.4,20%,,both
65,Tokyo Institute of Technology,Japan,67.5,47.4,99.9,52.6,76.5,72.5,"9,908",9.9,16%,16 : 84,both
67,Xi’an Jiaotong University,China,67.1,75.6,97.7,27.2,68.6,59.2,"53,183",15.9,6%,35 : 65,both
68,The University of Queensland,Australia,66.8,89.1,98.6,91.0,52.4,44.3,"41,249",37.6,42%,55 : 45,both
69,University of Melbourne,Australia,66.6,73.5,98.1,91.7,57.6,53.5,"50,303",23.6,48%,58 : 42,both
70,Sungkyunkwan University (SKKU),South Korea,66.5,76.8,99.9,55.9,56.1,60.5,"20,416",17.0,21%,48 : 52,both
71,Karlsruhe Institute of Technology,Germany,66.2,74.1,99.9,67.8,64.0,50.8,"20,875",41.3,24%,29 : 71,both
72,Pohang University of Science and Technology (POSTECH),South Korea,66.1,85.9,100.0,39.9,55.2,55.3,"3,245",10.5,8%,,both
73,McGill University,Canada,65.8,68.3,91.6,85.0,59.3,57.5,"30,051",11.3,30%,61 : 39,both
74,Tianjin University,China,65.7,77.0,99.2,50.6,58.9,56.0,"27,081",8.9,15%,,both
74,University of Wisconsin-Madison,United States,65.7,75.6,72.3,71.2,58.7,59.7,"43,549",10.6,14%,,both
76,Penn State (Main campus),United States,65.0,83.5,75.0,63.9,57.1,52.4,"47,253",14.6,15%,47 : 53,both
76,University of Edinburgh,United Kingdom,65.0,80.4,74.2,95.4,52.0,52.4,"37,035",12.2,49%,62 : 38,both
78,University of Waterloo,Canada,64.9,91.4,78.8,85.9,47.4,47.4,"35,370",23.1,22%,47 : 53,both
79,Paris Sciences et Lettres – PSL Research University Paris,France,64.8,67.1,99.6,76.5,53.9,60.9,"16,016",14.9,21%,50 : 50,both
80,Yonsei University (Seoul campus),South Korea,64.6,86.7,99.9,34.9,51.3,54.6,"19,235",14.4,12%,50 : 50,both
81,Eindhoven University of Technology,Netherlands,64.0,73.7,100.0,80.6,55.7,48.4,"10,686",21.0,31%,,both
82,Aalborg University,Denmark,63.7,91.5,85.8,78.8,47.6,42.7,"16,871",14.4,13%,,both
82,Huazhong University of Science and Technology,China,63.7,87.1,98.1,28.5,54.5,49.9,"58,194",14.8,4%,,both
84,Virginia Polytechnic Institute and State University,United States,63.4,87.3,90.2,67.8,50.7,44.2,"37,225",18.5,13%,43 : 57,both
85,Technical University of Berlin,Germany,63.2,78.4,97.2,64.9,55.8,45.7,"20,260",48.2,28%,36 : 64,both
85,"University of California, Davis",United States,63.2,73.1,76.4,79.1,56.4,52.6,"38,873",13.9,17%,59 : 41,both
87,"University of California, Irvine",United States,62.8,92.6,96.3,84.9,44.3,37.2,"35,218",15.5,25%,54 : 46,both
88,University of Alberta,Canada,62.5,74.9,98.9,90.4,49.6,45.9,"34,169",23.9,27%,,both
89,Rice University,United States,62.3,90.4,74.8,87.2,41.1,46.5,"7,994",10.5,30%,43 : 57,both
90,Brown University,United States,61.6,84.1,71.5,74.5,40.0,55.8,"10,476",10.3,20%,,both
91,Wuhan University,China,61.4,91.7,97.4,32.6,41.0,50.1,"49,929",13.8,6%,,both
92,Southeast University,China,61.2,76.7,98.5,39.1,59.7,42.7,"41,806",12.7,4%,35 : 65,both
93,Beihang University,China,61.1,70.3,98.0,32.5,62.2,48.1,"33,486",12.8,4%,,both
94,Chalmers University of Technology,Sweden,61.0,80.4,87.3,70.0,47.2,46.3,"10,083",11.1,17%,33 : 67,both
95,National Taiwan University (NTU),Taiwan,60.9,64.8,100.0,46.6,59.9,50.8,"25,973",13.3,15%,42 : 58,both
96,Institut Polytechnique de Paris,France,60.7,56.5,86.0,90.7,53.6,56.9,"6,062",6.7,43%,24 : 76,both
96,University of Birmingham,United Kingdom,60.7,78.4,95.7,95.5,43.2,42.0,"32,590",14.8,32%,57 : 43,both
96,University of Sheffield,United Kingdom,60.7,71.7,99.2,90.5,49.5,42.7,"28,100",14.9,41%,53 : 47,both
99,Indian Institute of Science,India,60.5,54.6,94.8,29.5,63.8,61.4,"4,648",9.8,1%,26 : 74,both
99,New York University,United States,60.3,90.0,72.9,87.9,44.0,36.9,"49,423",7.4,45%,59 : 41,both
100,King Fahd University of Petroleum and Minerals,Saudi Arabia,60.2,91.0,88.6,88.0,39.0,36.5,"6,222",7.8,25%,18 : 82,both
100,Korea University,South Korea,60.2,81.7,100.0,53.9,45.7,44.6,"21,741",17.3,38%,,both
100,University of Bristol,United Kingdom,60.2,70.4,89.0,90.3,51.7,42.6,"28,730",14.5,33%,55 : 45,both
101,Aalto University,Finland,60.1,79.7,87.2,76.1,39.0,43.9,"14,298",20.3,25%,39 : 61,both
102,Australian National University,Australia,60.1,78.0,74.8,95.7,43.4,42.8,"17,100",14.8,48%,53 : 47,both
103,Beijing Institute of Technology,China,60.1,80.4,96.9,30.0,46.6,43.8,"32,882",12.8,9%,,both
104,Ghent University,Belgium,60.1,71.6,98.7,55.4,48.3,42.9,"38,420",34.3,11%,57 : 43,both
105,North Carolina State University,United States,60.1,78.7,89.6,68.2,42.6,40.9,"32,151",16.4,12%,50 : 50,both
106,Northwestern Polytechnical University,China,60.1,80.8,94.4,44.2,48.9,36.9,"36,448",13.8,4%,24 : 76,both
107,Norwegian University of Science and Technology,Norway,60.1,76.7,77.6,65.2,48.1,48.6,"37,923",14.8,9%,50 : 50,both
108,Ohio State University (Main campus),United States,60.1,79.5,99.9,68.3,45.9,39.5,"55,115",10.5,12%,52 : 48,both
109,The University of Osaka,Japan,60.1,42.7,99.9,41.7,64.2,61.9,"22,186",10.4,11%,32 : 68,both
110,Sichuan University,China,60.1,83.9,99.2,36.4,47.1,39.8,"48,990",15.9,5%,,both
111,TU Dresden,Germany,60.1,69.6,97.0,63.3,48.7,44.3,"21,294",19.8,15%,49 : 51,both
112,University of Adelaide,Australia,60.1,96.3,73.5,94.4,36.2,28.2,"22,577",31.4,30%,50 : 50,both
113,University of Auckland,New Zealand,60.1,81.4,87.8,86.0,40.6,37.2,"34,626",24.4,31%,56 : 44,both
114,"University of Maryland, College Park",United States,60.1,88.8,78.3,50.1,45.4,42.6,"33,914",16.9,9%,50 : 50,both
115,University of Minnesota,United States,60.1,68.4,99.6,57.0,51.8,49.1,"58,835",12.0,9%,55 : 45,both
116,University of Nottingham,United Kingdom,60.1,77.9,77.0,93.6,46.7,42.5,"35,030",16.1,29%,55 : 45,both
117,University of Southampton,United Kingdom,60.1,70.9,75.9,93.8,50.4,43.7,"23,135",14.7,43%,53 : 47,both
118,University of Southern California,United States,60.1,79.3,70.6,73.8,48.1,45.8,"44,180",14.2,27%,54 : 46,both
119,University of Stuttgart,Germany,60.1,64.9,99.5,56.5,54.0,46.6,"14,410",25.1,21%,35 : 65,both
120,University of Technology Sydney,Australia,60.1,97.0,78.1,93.4,34.4,30.1,"28,533",36.6,24%,51 : 49,both
121,University of Wollongong,Australia,60.1,95.5,95.6,98.0,31.7,29.3,"15,249",23.1,24%,55 : 45,both
122,Wageningen University & Research,Netherlands,60.1,84.2,95.4,83.8,38.6,38.0,"15,976",17.4,29%,54 : 46,both
126,Boston University,United States,57.4,73.6,76.2,74.0,37.3,42.2,"28,939",11.7,32%,58 : 42,both
127,Curtin University,Australia,57.4,91.6,85.9,95.5,30.2,28.1,"27,870",19.6,30%,53 : 47,both
128,Deakin University,Australia,57.4,91.7,93.4,95.3,33.2,26.8,"36,438",33.0,19%,60 : 40,both
129,Khalifa University,United Arab Emirates,57.4,90.6,89.0,90.3,32.1,25.2,"3,887",11.5,27%,58 : 42,both
130,King Khalid University,Saudi Arabia,57.4,91.1,57.6,95.0,36.6,31.6,"29,889",7.0,16%,61 : 39,both
131,King’s College London,United Kingdom,57.4,84.9,67.1,97.3,35.4,39.2,"35,360",14.0,53%,64 : 36,both
132,Kyushu University,Japan,57.4,57.2,98.9,53.4,50.1,54.3,"18,342",7.8,13%,29 : 71,both
133,Lomonosov Moscow State University,Russian Federation,57.4,34.3,96.6,51.0,56.2,61.5,"33,056",9.6,37%,49 : 51,both
134,Qatar University,Qatar,57.4,94.5,85.7,95.2,31.0,22.7,"9,701",8.5,36%,,both
135,Queen Mary University of London,United Kingdom,57.4,95.6,71.6,98.6,29.9,30.0,"25,110",15.7,47%,54 : 46,both
136,RMIT University,Australia,57.4,87.4,85.5,94.0,34.6,31.7,"32,149",23.8,35%,49 : 51,both
137,Southern University of Science and Technology (SUSTech),China,57.4,95.8,81.4,64.5,32.9,27.7,"7,350",9.1,1%,,both
138,Technical University of Darmstadt,Germany,57.4,68.3,99.5,61.7,45.9,37.5,"14,153",33.1,24%,33 : 67,both
139,The University of Tennessee-Knoxville,United States,57.4,95.0,87.0,63.3,31.6,26.9,"29,284",17.3,4%,,both
140,TU Wien,Austria,57.4,57.8,97.7,75.2,48.2,40.2,"10,606",17.6,33%,32 : 68,both
141,Ulsan National Institute of Science and Technology (UNIST),South Korea,57.4,89.3,97.5,33.2,34.5,34.5,"3,803",11.6,9%,28 : 72,both
142,Université Paris-Saclay,France,57.4,59.1,76.7,76.6,47.1,55.2,"32,679",15.0,24%,51 : 49,both
143,University of Colorado Boulder,United States,57.4,73.2,80.9,59.6,47.4,44.1,"36,067",16.7,9%,46 : 54,both
144,University of Erlangen-Nuremberg,Germany,57.4,77.0,100.0,66.7,42.1,32.2,"28,219",33.9,15%,51 : 49,both
145,University of Groningen,Netherlands,57.4,74.5,99.9,93.3,39.7,31.8,"32,845",29.1,30%,54 : 46,both
146,University of Leeds,United Kingdom,57.4,73.4,70.0,95.1,44.1,41.3,"35,710",15.1,38%,59 : 41,both
147,University of Macau,Macao,57.4,94.8,90.9,95.6,28.5,27.6,"11,573",19.2,46%,54 : 46,both
148,University of North Carolina at Chapel Hill,United States,57.4,91.1,73.7,62.3,34.0,35.0,"35,049",8.7,9%,60 : 40,both
149,University of Surrey,United Kingdom,57.4,89.7,84.3,97.0,30.2,29.5,"13,520",14.4,33%,54 : 46,both
150,University of Twente,Netherlands,57.4,65.7,91.8,89.7,41.2,37.6,"8,742",11.6,41%,37 : 63,both
151,Arizona State University (Tempe),United States,54.4,77.6,77.8,76.1,31.5,35.6,"50,855",19.8,15%,46 : 54,both
152,Bauman Moscow State Technical University,Russian Federation,54.4,28.8,52.8,57.0,54.9,75.7,"15,858",6.7,19%,44 : 56,both
153,Chongqing University,China,54.4,83.7,91.8,45.7,34.9,31.9,"44,082",16.2,2%,,both
154,East China Normal University,China,54.4,92.2,99.6,34.1,29.6,29.5,"29,374",14.3,8%,63 : 37,both
155,Hanyang University,South Korea,54.4,73.9,100.0,59.5,37.4,36.1,"19,796",13.5,24%,,both
156,Hunan University,China,54.4,96.7,95.5,30.9,29.4,27.7,"35,950",15.2,3%,45 : 55,both
157,King Abdulaziz University,Saudi Arabia,54.4,96.9,73.5,80.3,27.4,25.4,"59,539",13.0,4%,56 : 44,both
158,King Saud University,Saudi Arabia,54.4,85.6,90.3,84.6,31.8,23.0,"46,570",11.5,9%,45 : 55,both
159,Linköping University,Sweden,54.4,93.9,86.7,71.8,32.7,23.9,"14,995",14.8,18%,54 : 46,both
160,Lund University,Sweden,54.4,61.7,91.0,69.1,38.9,42.6,"23,754",10.5,21%,55 : 45,both
161,Michigan State University,United States,54.4,78.0,73.7,73.7,36.3,35.8,"44,672",16.1,10%,53 : 47,both
162,Nankai University,China,54.4,97.1,86.8,41.8,27.2,33.4,"32,171",11.5,6%,,both
163,National Tsing Hua University,Taiwan,54.4,74.3,100.0,35.8,42.8,32.0,"14,408",21.1,13%,41 : 59,both
164,Prince Mohammad Bin Fahd University,Saudi Arabia,54.4,85.1,35.7,91.1,32.9,37.7,"2,462",10.9,17%,47 : 53,both
165,Queensland University of Technology,Australia,54.4,91.0,79.5,79.8,29.2,22.8,"32,490",35.9,14%,54 : 46,both
166,Sharif University of Technology,Iran,54.4,75.4,90.1,30.4,34.8,44.9,"9,491",21.8,1%,25 : 75,both
167,Sorbonne University,France,54.4,61.7,86.4,87.2,38.4,38.2,"40,340",14.1,22%,61 : 39,both
168,South China University of Technology,China,54.4,90.2,98.8,36.8,31.2,32.0,"40,967",12.4,6%,38 : 62,both
169,The University of Western Australia,Australia,54.4,74.6,92.3,96.5,38.2,29.0,"19,214",22.9,26%,51 : 49,both
170,"University of California, Riverside",United States,54.4,91.4,75.1,81.0,27.6,26.8,"25,347",19.7,14%,52 : 48,both
171,University of Electronic Science and Technology of China,China,54.4,83.7,97.0,31.7,38.7,33.6,"38,924",16.4,2%,27 : 73,both
172,University of Liverpool,United Kingdom,54.4,85.9,73.0,97.6,30.7,29.8,"25,735",13.8,30%,55 : 45,both
173,University of Malaya,Malaysia,54.4,73.4,67.6,87.9,34.2,36.6,"17,991",9.1,26%,61 : 39,both
174,University of Notre Dame,United States,54.4,74.9,84.3,70.3,31.0,37.7,"12,860",10.9,13%,47 : 53,both
175,University of Warwick,United Kingdom,54.4,79.2,82.6,94.9,31.8,31.2,"25,490",14.2,45%,50 : 50,both
176,Aarhus University,Denmark,52.1,76.7,97.1,78.6,29.6,28.0,"25,966",12.8,15%,56 : 44,both
177,Kyung Hee University,South Korea,52.1,83.0,93.8,61.5,27.4,26.7,"20,451",17.6,30%,54 : 46,both
178,Lancaster University,United Kingdom,52.1,79.2,71.6,93.5,28.6,28.6,"15,280",13.8,36%,51 : 49,both
179,Macquarie University,Australia,52.1,88.0,90.2,92.9,25.4,19.1,"28,373",50.0,21%,,both
180,McMaster University,Canada,52.1,68.2,92.0,84.9,35.5,32.2,"28,046",29.4,22%,57 : 43,both
181,Nagoya University,Japan,52.1,43.7,99.2,34.9,53.6,48.1,"15,440",13.5,12%,30 : 70,both
182,"Northeastern University, US",United States,52.1,85.6,68.5,84.1,26.3,28.2,"27,229",15.4,37%,51 : 49,both
183,Polytechnic University of Turin,Italy,52.1,79.8,76.0,49.1,36.4,35.0,"30,666",29.6,17%,31 : 69,both
184,Queen’s University Belfast,United Kingdom,52.1,85.5,76.1,98.3,28.2,23.3,"21,110",16.6,43%,58 : 42,both
185,Sapienza University of Rome,Italy,52.1,66.1,95.5,44.1,34.7,40.4,"64,504",27.6,7%,61 : 39,both
186,Sejong University,South Korea,52.1,94.6,88.1,50.4,29.2,19.4,"12,718",20.3,15%,49 : 51,both
187,Swinburne University of Technology,Australia,52.1,93.3,74.2,71.8,27.7,21.8,"13,896",25.8,31%,43 : 57,both
188,Université de Montréal,Canada,52.1,61.0,93.7,85.5,33.4,34.5,"39,359",20.2,23%,,both
189,Universiti Teknologi Petronas,Malaysia,52.1,84.3,76.0,72.7,30.8,28.4,"4,389",13.4,12%,37 : 63,both
190,University College Dublin,Ireland,52.1,84.1,70.4,85.6,30.6,26.6,"24,470",21.2,30%,,both
191,University of Arizona,United States,52.1,65.8,76.2,64.7,44.1,35.5,"47,926",19.6,7%,57 : 43,both
192,University of Calgary,Canada,52.1,73.3,75.3,89.2,32.6,30.9,"34,804",19.7,26%,53 : 47,both
193,University of Delaware,United States,52.1,72.2,99.0,70.7,33.0,32.6,"21,379",16.4,11%,58 : 42,both
194,University of Florida,United States,52.1,70.0,80.2,54.4,39.2,39.0,"47,534",15.9,10%,56 : 44,both
195,University of Freiburg,Germany,52.1,67.6,100.0,66.0,34.1,30.5,"20,268",36.9,18%,54 : 46,both
196,University of Glasgow,United Kingdom,52.1,73.3,68.6,96.2,34.3,32.8,"36,240",15.1,46%,59 : 41,both
197,University of Luxembourg,Luxembourg,52.1,91.6,68.8,89.4,28.0,22.1,"5,860",22.1,52%,54 : 46,both
198,University of Oulu,Finland,52.1,84.0,73.4,62.3,31.9,29.2,"10,857",20.7,8%,55 : 45,both
199,University of Strathclyde,United Kingdom,52.1,66.2,80.4,90.6,33.4,32.6,"20,970",16.3,27%,51 : 49,both
200,Vanderbilt University,United States,52.1,74.1,68.5,67.2,30.3,40.4,"12,863",3.8,18%,55 : 45,both
200,Western University,Canada,52.1,77.5,99.3,88.1,29.9,22.9,"31,227",32.7,24%,56 : 44,both
201,Al Ain University,United Arab Emirates,49.9,69.0,18.4,98.7,34.2,35.1,"2,546",12.1,61%,52 : 48,both
202,Beijing University of Chemical Technology,China,49.9,92.3,93.9,24.4,23.5,23.0,"25,350",19.9,1%,37 : 63,both
203,Brunel University of London,United Kingdom,49.9,84.6,54.3,97.2,20.5,21.0,"14,630",18.3,46%,45 : 55,both
204,Cardiff University,United Kingdom,49.9,77.1,70.3,94.1,29.2,24.6,"28,930",14.6,27%,59 : 41,both
205,Case Western Reserve University,United States,49.9,74.4,73.6,71.5,28.8,29.5,"11,334",9.1,27%,51 : 49,both
206,Colorado School of Mines,United States,49.9,64.8,78.1,38.2,39.5,38.0,"6,868",18.3,8%,32 : 68,both
207,Daegu Gyeongbuk Institute of Science and Technology (DGIST),South Korea,49.9,77.8,91.9,30.6,29.9,31.9,892,7.6,4%,37 : 63,both
208,Dalian University of Technology,China,49.9,73.5,95.7,33.7,34.1,30.0,"39,871",15.5,4%,34 : 66,both
209,Dartmouth College,United States,49.9,71.9,79.5,65.7,25.1,39.6,"6,691",8.0,17%,48 : 52,both
210,Drexel University,United States,49.9,90.0,71.9,75.5,19.9,25.4,"16,688",10.6,16%,51 : 49,both
211,Durham University,United Kingdom,49.9,75.9,68.4,93.5,25.0,26.2,"21,065",13.7,33%,54 : 46,both
212,Edith Cowan University,Australia,49.9,96.5,51.1,98.0,18.9,17.4,"17,012",29.5,26%,63 : 37,both
213,George Washington University,United States,49.9,77.6,64.3,72.6,21.9,32.9,"21,768",12.3,17%,61 : 39,both
214,Griffith University,Australia,49.9,86.2,66.8,89.0,21.5,21.0,"30,328",26.3,17%,60 : 40,both
215,Heriot-Watt University,United Kingdom,49.9,61.2,89.0,94.1,31.9,29.3,"10,140",18.8,43%,38 : 62,both
216,Hokkaido University,Japan,49.9,47.1,92.5,37.5,46.6,42.4,"17,687",8.2,10%,29 : 71,both
217,IMT Atlantique,France,49.9,64.0,92.4,77.9,28.4,30.6,"1,381",7.7,38%,30 : 70,both
218,Koç University,Turkey,49.9,85.0,90.8,50.3,29.6,22.3,"6,847",21.0,11%,49 : 51,both
219,Lebanese American University,Lebanon,49.9,89.7,31.8,75.8,24.6,27.6,"7,451",12.6,15%,52 : 48,both
220,Leibniz University Hannover,Germany,49.9,65.7,97.7,58.8,36.7,28.7,"18,700",37.5,16%,44 : 56,both
221,Loughborough University,United Kingdom,49.9,70.5,70.0,83.6,24.3,31.3,"16,420",14.3,25%,40 : 60,both
222,Memorial University of Newfoundland,Canada,49.9,81.0,82.7,91.1,27.6,21.4,"16,294",15.3,27%,54 : 46,both
223,National Yang Ming Chiao Tung University (NYCU Taiwan),Taiwan,49.9,56.5,100.0,41.0,37.3,36.4,"17,736",15.4,8%,36 : 64,both
224,Newcastle University,United Kingdom,49.9,69.6,85.2,91.8,31.8,27.9,"24,885",14.4,26%,53 : 47,both
225,"Soochow University, China",China,49.9,95.6,98.7,27.9,26.8,19.0,"46,951",15.5,2%,51 : 49,both
226,Stony Brook University,United States,49.9,77.1,67.9,81.7,25.2,25.7,"25,528",10.3,18%,54 : 46,both
227,Sun Yat-sen University,China,49.9,90.2,89.0,30.0,23.7,24.5,"63,317",15.1,5%,47 : 53,both
228,Trinity College Dublin,Ireland,49.9,74.3,66.5,87.8,29.1,25.9,"19,659",23.2,39%,62 : 38,both
229,Ulm University,Germany,49.9,77.2,95.2,60.9,29.8,25.2,"10,316",24.4,14%,52 : 48,both
230,Université Grenoble Alpes,France,49.9,59.6,71.6,68.2,34.7,38.8,"51,333",18.5,17%,53 : 47,both
231,Universiti Kebangsaan Malaysia,Malaysia,49.9,74.1,47.1,87.3,22.1,34.4,"19,655",10.4,26%,55 : 45,both
232,University at Buffalo,United States,49.9,78.9,78.9,83.3,28.3,26.0,"27,530",17.5,15%,46 : 54,both
233,University of Bath,United Kingdom,49.9,71.6,69.4,89.9,30.0,26.1,"15,200",15.7,30%,45 : 55,both
234,"University of California, Santa Cruz",United States,49.9,81.3,73.5,77.5,24.0,21.2,"19,782",24.1,10%,46 : 54,both
235,University of Central Florida,United States,49.9,65.8,95.3,46.7,35.2,31.3,"62,862",38.1,5%,57 : 43,both
236,University of Exeter,United Kingdom,49.9,82.9,60.9,96.8,25.6,26.1,"29,310",16.9,29%,53 : 47,both
237,University of Houston,United States,49.9,79.2,73.8,91.8,22.5,22.9,"46,645",24.5,16%,53 : 47,both
238,University of Illinois Chicago,United States,49.9,76.4,74.0,66.3,28.8,27.2,"28,912",11.4,20%,55 : 45,both
239,University of Nebraska-Lincoln,United States,49.9,79.9,69.3,75.3,22.1,25.5,"24,593",17.2,8%,50 : 50,both
240,University of Newcastle,Australia,49.9,71.6,87.2,86.4,25.8,23.5,"22,945",31.3,16%,58 : 42,both
241,University of Padua,Italy,49.9,70.3,97.3,43.4,34.8,31.6,"48,458",29.0,9%,57 : 43,both
242,University of Saskatchewan,Canada,49.9,80.7,80.6,81.8,22.1,23.4,"18,056",18.4,22%,55 : 45,both
243,University of Sharjah,United Arab Emirates,49.9,96.7,39.9,97.0,20.2,15.1,"12,484",17.9,49%,67 : 33,both
244,University of South Florida,United States,49.9,72.4,89.6,86.1,27.6,22.2,"39,710",19.3,14%,,both
245,University of Sussex,United Kingdom,49.9,88.7,61.8,97.6,20.0,22.3,"18,250",17.5,34%,55 : 45,both
246,University of Tehran,Iran,49.9,83.0,64.5,33.2,34.2,33.9,"55,389",27.8,2%,46 : 54,both
247,University of Virginia (Main campus),United States,49.9,69.7,79.7,63.3,31.5,33.9,"26,228",9.0,12%,54 : 46,both
248,Uppsala University,Sweden,49.9,74.6,78.0,74.5,30.7,28.8,"24,313",12.6,18%,59 : 41,both
249,Vrije Universiteit Brussel,Belgium,49.9,68.0,92.1,73.4,28.1,25.9,"15,481",35.0,24%,58 : 42,both
250,Washington University in St Louis,United States,49.9,70.8,68.1,77.3,30.9,36.5,"15,303",7.9,27%,52 : 48,both
250,Xiamen University,China,49.9,90.2,84.7,34.5,24.9,25.0,"46,212",15.4,2%,,both
251,Anna University,India,46.6,81.1,56.2,21.9,27.6,32.5,"11,855",12.8,1%,42 : 58,both
252,Charles Darwin University,Australia,46.6,88.2,28.8,94.4,20.0,21.5,"7,107",23.7,26%,71 : 29,both
253,Chung-Ang University,South Korea,46.6,65.5,95.8,41.6,31.0,25.8,"18,205",22.0,24%,,both
254,Concordia University,Canada,46.6,76.8,70.2,86.4,25.1,21.6,"36,586",34.2,33%,50 : 50,both
255,Donghua University,China,46.6,85.6,81.1,35.8,17.6,25.7,"23,469",13.5,7%,43 : 57,both
256,Florida International University,United States,46.6,83.4,62.3,61.5,22.8,20.3,"35,021",21.9,8%,58 : 42,both
257,Florida State University,United States,46.6,71.1,73.3,73.3,31.2,20.0,"41,180",25.5,7%,58 : 42,both
258,Illinois Institute of Technology,United States,46.6,76.1,67.3,75.4,25.2,24.4,"6,082",12.3,39%,38 : 62,both
259,Imam Abdulrahman Bin Faisal University,Saudi Arabia,46.6,84.2,23.8,85.6,20.4,28.1,"24,964",11.4,5%,85 : 15,both
260,Iowa State University,United States,46.6,68.8,87.4,46.2,26.9,30.4,"27,342",16.9,8%,46 : 54,both
261,Iran University of Science and Technology,Iran,46.6,78.7,83.8,27.9,29.3,24.4,"13,273",28.1,2%,38 : 62,both
262,Jinan University (China),China,46.6,91.4,70.4,48.3,19.5,17.2,"38,472",15.3,27%,56 : 44,both
263,Jouf University,Saudi Arabia,46.6,84.9,27.0,89.8,23.6,22.7,"17,820",9.2,3%,54 : 46,both
264,LUT University,Finland,46.6,80.3,70.1,59.9,22.4,23.2,"5,851",34.0,22%,35 : 65,both
265,Middle East Technical University,Turkey,46.6,45.5,88.7,42.8,39.5,42.8,"16,155",21.9,13%,48 : 52,both
266,Murdoch University,Australia,46.6,74.0,63.6,92.8,21.8,26.3,"13,747",28.2,40%,,both
267,Northumbria University,United Kingdom,46.6,94.4,44.7,98.4,19.0,14.9,"23,705",16.2,23%,56 : 44,both
268,Prince Sultan University (PSU),Saudi Arabia,46.6,92.7,31.2,93.2,19.1,15.3,"5,407",14.0,10%,56 : 44,both
269,Qassim University,Saudi Arabia,46.6,64.5,28.4,87.8,31.0,37.2,"35,951",9.5,8%,66 : 34,both
270,Sant’Anna School of Advanced Studies – Pisa,Italy,46.6,63.5,88.1,57.6,26.2,33.2,838,7.4,23%,40 : 60,both
271,Shenzhen University,China,46.6,94.4,58.1,38.7,24.4,21.1,"35,576",13.9,1%,49 : 51,both
272,Sunway University,Malaysia,46.6,91.6,31.6,89.1,19.4,17.0,"4,693",10.0,18%,52 : 48,both
273,SUNY Binghamton University,United States,46.6,71.8,74.9,50.1,27.2,28.6,"18,497",20.7,8%,51 : 49,both
274,Technion Israel Institute of Technology,Israel,46.6,55.4,72.2,68.9,39.5,31.2,"15,267",22.1,13%,40 : 60,both
275,United Arab Emirates University,United Arab Emirates,46.6,81.5,70.5,90.0,23.6,17.7,"9,024",13.9,18%,73 : 27,both
276,Université Catholique de Louvain,Belgium,46.6,59.7,92.6,72.5,31.0,29.8,"27,440",39.9,20%,55 : 45,both
277,Université du Québec,Canada,46.6,66.1,83.0,84.6,25.9,24.2,"50,418",17.4,12%,57 : 43,both
278,Universiti Teknologi Malaysia,Malaysia,46.6,66.0,58.2,68.5,25.4,34.2,"18,192",11.1,31%,46 : 54,both
279,University of Aberdeen,United Kingdom,46.6,66.6,74.2,97.1,22.5,26.0,"13,455",15.5,40%,57 : 43,both
280,University of Bayreuth,Germany,46.6,61.7,98.8,43.6,30.1,30.6,"7,655",20.7,15%,45 : 55,both
281,University of Bologna,Italy,46.6,68.3,79.5,48.2,29.3,33.4,"76,955",24.2,14%,57 : 43,both
282,University of Galway,Ireland,46.6,74.2,84.6,64.1,24.2,21.9,"16,039",26.0,18%,61 : 39,both
283,University of Kentucky,United States,46.6,73.7,78.1,59.3,25.4,24.3,"27,322",11.0,3%,59 : 41,both
284,University of Leicester,United Kingdom,46.6,82.9,62.7,98.3,21.3,18.2,"14,825",14.8,38%,52 : 48,both
285,University of New Brunswick UNB,Canada,46.6,90.2,68.2,88.9,18.1,13.8,"8,708",15.9,18%,54 : 46,both
286,University of Pittsburgh-Pittsburgh campus,United States,46.6,71.9,70.9,53.7,27.9,29.3,"27,456",5.5,10%,55 : 45,both
287,University of Rochester,United States,46.6,51.8,93.9,80.8,28.7,30.5,"10,470",8.3,37%,51 : 49,both
288,University of São Paulo,Brazil,46.6,45.8,77.3,39.2,43.5,42.4,"82,374",13.9,2%,48 : 52,both
289,University of South Australia,Australia,46.6,77.1,90.0,89.7,20.6,18.8,"21,490",27.6,18%,60 : 40,both
290,University of Southern Queensland,Australia,46.6,94.1,44.4,89.0,18.9,16.3,"10,808",24.6,15%,63 : 37,both
291,University of Texas at Arlington,United States,46.6,80.9,74.9,70.4,22.4,21.5,"38,927",32.8,15%,62 : 38,both
292,University of Texas at Dallas,United States,46.6,85.7,75.2,61.4,19.7,22.6,"27,266",23.8,17%,44 : 56,both
293,University of Utah,United States,46.6,63.1,77.6,46.4,33.2,29.0,"32,540",13.1,9%,50 : 50,both
294,University of Victoria,Canada,46.6,79.3,61.8,89.6,22.7,20.6,"17,573",24.9,19%,57 : 43,both
295,University of York,United Kingdom,46.6,69.0,65.7,94.1,23.8,25.3,"20,135",15.3,31%,57 : 43,both
296,Waseda University,Japan,46.6,51.6,74.0,52.5,34.3,39.4,"45,453",14.3,12%,39 : 61,both
297,Washington State University,United States,46.6,73.2,75.3,74.4,27.0,24.9,"27,562",18.0,6%,55 : 45,both
298,Xidian University,China,46.6,69.8,90.9,25.5,31.6,27.7,"38,844",14.6,1%,25 : 75,both
299,Yangzhou University,China,46.6,88.4,83.3,39.1,21.2,19.5,"30,134",12.4,10%,66 : 34,both
301,Abu Dhabi University,United Arab Emirates,44.6,53.0,20.2,96.5,33.0,39.2,"2,344",10.7,60%,50 : 50,both
302,Ajman University,United Arab Emirates,44.6,81.2,21.3,99.0,20.1,19.5,"4,535",13.7,81%,57 : 43,both
303,American University of the Middle East,Kuwait,44.6,70.6,20.4,83.6,23.7,33.6,"5,049",12.4,14%,63 : 37,both
304,Amirkabir University of Technology,Iran,44.6,69.6,72.9,41.8,28.1,29.7,"9,638",20.8,3%,34 : 66,both
305,Aston University,United Kingdom,44.6,80.2,59.1,93.3,20.5,15.9,"13,850",19.5,30%,48 : 52,both
306,Auburn University,United States,44.6,74.0,70.9,59.9,22.2,21.6,"28,249",18.3,8%,51 : 49,both
307,Autonomous University of Madrid,Spain,44.6,66.3,87.0,57.1,22.6,19.2,"30,249",13.3,16%,62 : 38,both
308,Carleton University,Canada,44.6,73.1,70.4,77.5,19.9,16.2,"28,811",28.3,22%,50 : 50,both
309,Centrale Nantes,France,44.6,57.6,76.3,81.4,25.0,28.6,"1,696",14.3,38%,25 : 75,both
310,"China University of Petroleum, Beijing",China,44.6,68.7,93.1,30.3,30.3,21.6,"18,763",18.3,6%,,both
311,Chulalongkorn University,Thailand,44.6,59.9,85.1,42.5,29.6,32.9,"35,032",13.1,4%,56 : 44,both
312,"City, University of London",United Kingdom,44.6,70.1,60.0,96.0,22.0,21.0,"16,415",18.7,46%,58 : 42,both
313,Dublin City University,Ireland,44.6,72.2,75.0,74.2,24.0,16.4,"14,735",28.4,12%,58 : 42,both
314,Duy Tan University,Vietnam,44.6,94.3,26.3,54.6,16.5,17.6,"22,050",22.3,1%,64 : 36,both
315,East China University of Science and Technology,China,44.6,69.9,95.6,24.2,24.4,29.0,"31,832",18.7,2%,44 : 56,both
316,Edinburgh Napier University,United Kingdom,44.6,85.1,30.5,97.2,15.1,13.5,"13,325",21.5,34%,53 : 47,both
317,Flinders University,Australia,44.6,67.5,61.7,93.0,22.0,16.9,"15,324",31.1,33%,65 : 35,both
318,Free University of Bozen-Bolzano,Italy,44.6,86.5,26.4,67.1,17.2,26.0,"4,109",8.7,16%,66 : 34,both
319,Fuzhou University,China,44.6,84.0,77.8,33.3,17.2,18.7,"43,102",17.8,1%,39 : 61,both
320,George Mason University,United States,44.6,83.7,57.4,63.7,20.8,13.6,"32,428",17.2,11%,53 : 47,both
321,Graz University of Technology,Austria,44.6,52.0,85.8,70.7,22.2,32.5,"6,627",8.3,25%,26 : 74,both
322,Gwangju Institute of Science and Technology (GIST),South Korea,44.6,55.9,90.8,39.3,29.9,32.5,"1,838",9.8,9%,27 : 73,both
323,Imam Mohammad Ibn Saud Islamic University,Saudi Arabia,44.6,66.9,21.7,68.7,25.7,36.9,"40,918",10.5,5%,39 : 61,both
324,Indiana University,United States,44.6,67.1,96.7,77.9,21.4,19.5,"66,622",12.5,12%,54 : 46,both
325,Istanbul Technical University,Turkey,44.6,45.5,86.2,40.6,35.0,32.8,"19,081",19.4,13%,43 : 57,both
326,Jiangnan University,China,44.6,70.3,90.6,24.5,23.7,24.6,"31,809",12.1,1%,,both
327,Jiangsu University,China,44.6,85.0,76.2,46.6,18.9,21.8,"35,403",9.3,6%,43 : 57,both
328,Johannes Kepler University of Linz,Austria,44.6,60.3,98.4,59.1,28.6,26.0,"7,352",22.0,18%,50 : 50,both
329,King Faisal University,Saudi Arabia,44.6,88.5,38.3,78.7,18.9,14.7,"30,867",15.2,2%,62 : 38,both
330,Kyungpook National University (KNU),South Korea,44.6,55.7,97.8,46.5,29.6,23.1,"17,849",19.6,16%,47 : 53,both
331,Lovely Professional University,India,44.6,94.7,20.7,58.9,17.8,18.9,"32,990",14.8,8%,27 : 73,both
332,Manchester Metropolitan University,United Kingdom,44.6,86.3,45.6,95.5,16.0,15.6,"32,145",18.0,18%,58 : 42,both
333,Missouri University of Science and Technology,United States,44.6,72.1,85.8,65.6,23.9,19.9,"7,163",21.3,11%,24 : 76,both
334,Mizzou - University of Missouri,United States,44.6,66.6,69.6,67.1,21.9,21.8,"26,392",12.5,3%,56 : 44,both
335,Mohammed VI Polytechnic University,Morocco,44.6,73.1,54.8,60.0,26.0,24.3,"2,092",9.5,3%,44 : 56,both
336,Nanjing Normal University,China,44.6,86.8,79.3,23.3,17.1,16.3,"33,441",13.8,2%,70 : 30,both
337,Nanjing Tech University,China,44.6,79.4,77.2,35.1,16.6,21.3,"38,374",12.8,3%,,both
338,Nanjing University of Aeronautics and Astronautics,China,44.6,55.8,84.0,23.0,31.8,33.6,"34,805",15.1,2%,,both
339,National Cheng Kung University (NCKU),Taiwan,44.6,46.7,99.3,36.8,35.0,31.1,"21,420",15.8,12%,37 : 63,both
340,National Taiwan University of Science and Technology (Taiwan Tech),Taiwan,44.6,63.2,85.4,50.0,28.8,26.0,"9,123",18.6,18%,30 : 70,both
341,Near East University,Northern Cyprus,44.6,81.5,53.6,92.8,20.2,14.9,"22,184",29.1,86%,48 : 52,both
342,New Jersey Institute of Technology,United States,44.6,72.9,63.1,88.4,17.4,18.1,"9,987",15.0,25%,28 : 72,both
343,"Northeastern University, China",China,44.6,65.0,86.8,34.6,27.8,25.8,"40,783",13.0,2%,,both
344,Paderborn University,Germany,44.6,59.5,92.5,56.1,28.6,21.9,"15,728",51.3,13%,50 : 50,both
345,Peter the Great St Petersburg Polytechnic University,Russian Federation,44.6,54.1,63.4,63.2,28.3,38.3,"16,418",9.9,32%,43 : 57,both
346,Pompeu Fabra University,Spain,44.6,73.7,67.1,83.6,20.6,23.5,"12,662",22.3,17%,62 : 38,both
347,Prince Sattam Bin Abdulaziz University,Saudi Arabia,44.6,91.1,27.7,77.1,19.8,20.6,"26,566",11.7,2%,64 : 36,both
348,Pusan National University,South Korea,44.6,51.8,98.9,34.1,31.9,27.1,"17,421",17.0,11%,53 : 47,both
349,Qingdao University,China,44.6,96.9,69.9,25.6,16.6,14.2,"41,848",15.4,2%,51 : 49,both
350,Rensselaer Polytechnic Institute,United States,44.6,58.4,82.1,71.9,26.1,29.8,"7,141",16.3,19%,31 : 69,both
351,Ruhr University Bochum,Germany,44.6,64.4,66.7,59.6,25.4,27.4,"31,388",18.8,19%,49 : 51,both
352,Rutgers University–New Brunswick,United States,44.6,72.5,70.3,66.0,26.2,22.5,"46,848",11.2,16%,53 : 47,both
353,Sabancı University,Turkey,44.6,71.4,77.5,56.3,25.2,23.7,"3,738",19.9,11%,37 : 63,both
354,Shanghai University,China,44.6,71.4,91.9,31.9,30.4,22.4,"38,849",13.1,6%,50 : 50,both
355,Simon Fraser University,Canada,44.6,72.7,83.9,89.1,20.4,18.8,"27,262",30.5,31%,54 : 46,both
356,South China Normal University,China,44.6,87.8,73.1,36.1,20.8,14.3,"34,597",18.9,4%,,both
357,Stevens Institute of Technology,United States,44.6,77.3,62.4,71.6,19.3,19.2,"7,281",20.7,34%,29 : 71,both
358,Swansea University,United Kingdom,44.6,73.0,59.3,90.1,22.0,23.7,"18,360",16.7,23%,48 : 52,both
359,Taif University,Saudi Arabia,44.6,91.8,26.9,79.3,19.1,12.3,"39,303",17.9,3%,56 : 44,both
360,Tampere University,Finland,44.6,66.3,90.0,52.5,26.2,22.4,"16,895",19.2,8%,53 : 47,both
361,Temple University,United States,44.6,86.4,64.7,58.1,15.9,19.1,"32,761",11.8,6%,57 : 43,both
362,The University of Texas at San Antonio,United States,44.6,80.4,56.6,48.9,21.9,18.7,"27,811",28.0,3%,53 : 47,both
363,The University of Tulsa,United States,44.6,79.5,61.1,62.4,14.6,24.3,"3,853",11.2,11%,49 : 51,both
364,Ton Duc Thang University,Vietnam,44.6,96.3,33.1,63.9,18.0,12.3,"27,483",18.2,1%,58 : 42,both
365,TU Braunschweig,Germany,44.6,57.0,79.9,57.5,25.4,30.8,"15,245",18.4,15%,42 : 58,both
366,TU Dortmund University,Germany,44.6,56.9,81.0,52.4,35.2,26.1,"18,232",54.1,15%,49 : 51,both
367,Tufts University,United States,44.6,70.4,76.7,61.6,21.8,25.1,"12,647",11.0,17%,58 : 42,both
368,Umm Al-Qura University,Saudi Arabia,44.6,88.3,27.6,76.5,16.8,17.9,"32,557",12.2,8%,54 : 46,both
369,Universitat Autònoma de Barcelona (UAB),Spain,44.6,66.1,79.1,69.1,25.3,23.2,"32,795",13.1,15%,61 : 39,both
370,Université Laval,Canada,44.6,49.7,97.2,81.8,29.6,24.9,"30,211",17.8,17%,59 : 41,both
371,Universiti Brunei Darussalam,Brunei Darussalam,44.6,75.9,33.3,80.1,25.5,19.6,"3,473",11.3,10%,65 : 35,both
372,Universiti Putra Malaysia,Malaysia,44.6,67.6,54.3,69.1,23.3,28.4,"23,581",12.4,30%,64 : 36,both
373,Universiti Sains Malaysia,Malaysia,44.6,70.0,61.3,59.3,23.7,30.4,"25,623",12.3,34%,63 : 37,both
374,University of Antwerp,Belgium,44.6,71.1,74.7,64.0,30.3,19.6,"16,398",32.3,18%,57 : 43,both
375,University of Barcelona,Spain,44.6,58.7,67.8,61.9,29.8,29.9,"45,402",15.2,12%,64 : 36,both
376,University of Bradford,United Kingdom,44.6,76.6,58.2,95.0,18.1,16.6,"10,230",20.7,38%,56 : 44,both
377,University of Connecticut,United States,44.6,63.6,74.3,70.4,23.9,21.0,"28,524",11.6,11%,53 : 47,both
378,University of Duisburg-Essen,Germany,44.6,60.3,87.0,64.3,29.4,24.9,"40,639",38.1,20%,49 : 51,both
379,University of Guelph,Canada,44.6,73.1,67.7,65.4,21.2,20.0,"22,115",26.5,11%,59 : 41,both
380,University of Johannesburg,South Africa,44.6,67.7,62.2,84.4,23.5,19.7,"31,430",26.2,14%,56 : 44,both
381,University of L’Aquila,Italy,44.6,75.6,85.9,43.1,28.5,17.2,"18,553",23.9,6%,53 : 47,both
382,University of Liège,Belgium,44.6,52.7,97.9,74.9,33.5,23.4,"24,237",32.5,21%,58 : 42,both
383,University of Lisbon,Portugal,44.6,64.9,70.2,52.9,26.6,25.6,"49,161",17.7,20%,54 : 46,both
384,University of Naples Federico II,Italy,44.6,80.9,72.2,31.2,24.1,23.9,"55,334",19.2,2%,56 : 44,both
385,University of Ottawa,Canada,44.6,59.2,67.5,88.6,28.2,25.6,"40,289",28.4,28%,56 : 44,both
386,University of Pavia,Italy,44.6,62.9,91.9,54.8,25.2,21.5,"16,889",30.1,11%,60 : 40,both
387,University of Plymouth,United Kingdom,44.6,80.9,50.4,82.1,22.0,13.8,"15,540",16.6,18%,60 : 40,both
388,University of Porto,Portugal,44.6,61.4,63.2,48.7,30.7,30.6,"37,143",16.9,19%,55 : 45,both
389,University of Rome II – Tor Vergata,Italy,44.6,68.6,67.9,51.6,18.1,28.7,"17,756",24.1,21%,60 : 40,both
390,University of Salerno,Italy,44.6,78.9,63.0,38.1,20.4,20.8,"19,060",24.1,3%,57 : 43,both
391,University of Siegen,Germany,44.6,72.7,63.2,69.8,23.8,22.3,"10,258",36.2,12%,57 : 43,both
392,University of South Carolina-Columbia,United States,44.6,77.5,69.6,70.4,17.5,24.8,"33,101",16.4,5%,57 : 43,both
393,University of Southern Denmark,Denmark,44.6,74.6,78.4,79.8,14.7,20.4,"17,572",9.5,14%,53 : 47,both
394,University of Tabriz,Iran,44.6,89.6,42.6,46.9,18.8,16.6,"21,199",23.6,7%,51 : 49,both
395,University of Tartu,Estonia,44.6,57.6,82.6,79.7,21.0,24.4,"9,449",8.6,13%,67 : 33,both
396,University of Tasmania,Australia,44.6,64.7,63.9,92.3,22.7,18.8,"14,344",18.9,29%,60 : 40,both
397,University of Trento,Italy,44.6,72.0,64.5,60.4,17.9,27.3,"14,213",17.6,9%,52 : 48,both
398,University of Windsor,Canada,44.6,74.3,71.7,86.0,21.9,18.2,"15,179",35.4,38%,,both
399,Western Sydney University,Australia,44.6,79.8,42.6,87.2,19.7,14.7,"33,215",34.8,22%,59 : 41,both
400,Yeungnam University,South Korea,44.6,89.8,58.7,69.3,16.9,14.6,"18,876",15.1,5%,50 : 50,both
401,Ajou University,South Korea,41.2,51.3,87.4,37.2,28.7,24.5,"7,763",15.9,15%,40 : 60,both
402,Applied Science Private University,Jordan,41.2,84.1,21.5,85.9,11.6,14.5,"3,776",10.7,24%,53 : 47,both
403,Aswan University,Egypt,41.2,87.1,25.2,50.4,16.4,13.6,"35,637",43.1,1%,56 : 44,both
404,Babol Noshirvani University of Technology,Iran,41.2,90.0,29.1,26.9,14.7,17.6,"5,768",26.1,2%,35 : 65,both
405,Bangor University,United Kingdom,41.2,56.8,63.5,97.3,24.1,21.3,"8,545",15.4,26%,60 : 40,both
406,Beirut Arab University,Lebanon,41.2,57.9,19.5,82.9,26.1,32.5,"4,167",10.4,21%,45 : 55,both
407,Bilkent University,Turkey,41.2,46.8,91.6,48.2,27.5,24.1,"8,503",15.3,5%,48 : 52,both
408,Boğaziçi University,Turkey,41.2,65.7,57.6,42.1,20.1,24.9,"12,651",28.3,3%,45 : 55,both
409,China University of Petroleum (East China),China,41.2,70.3,83.3,23.1,22.4,20.3,"29,854",17.0,2%,33 : 67,both
410,"Colorado State University, Fort Collins",United States,41.2,56.0,86.3,55.5,25.1,23.7,"28,016",17.2,4%,56 : 44,both
411,COMSATS University Islamabad,Pakistan,41.2,90.6,35.6,50.6,13.0,17.6,"33,879",15.5,1%,38 : 62,both
412,Constructor University,Germany,41.2,52.5,78.9,96.2,21.3,16.1,"1,685",21.7,88%,42 : 58,both
413,Dalhousie University,Canada,41.2,67.0,69.8,87.9,19.7,15.8,"17,757",14.7,28%,53 : 47,both
414,De Montfort University,United Kingdom,41.2,78.2,41.5,97.5,10.7,13.3,"22,275",18.3,42%,55 : 45,both
415,École Centrale de Lyon,France,41.2,47.4,78.2,71.3,25.7,30.8,"2,287",16.5,24%,27 : 73,both
416,École Nationale des Travaux Publics de l'État (ENTPE),France,41.2,44.8,78.5,77.0,27.2,22.2,790,15.5,16%,43 : 57,both
417,Egypt-Japan University of Science and Technology (E-JUST),Egypt,41.2,74.6,35.0,47.3,19.9,23.2,"2,602",25.5,4%,25 : 75,both
418,ENSTA Bretagne,France,41.2,51.3,81.9,59.9,21.8,25.1,687,8.7,15%,25 : 75,both
419,Ewha Womans University,South Korea,41.2,55.3,95.8,32.2,28.4,17.6,"13,916",16.4,16%,100 : 0,both
420,Federation University Australia,Australia,41.2,66.5,42.8,92.1,15.9,18.3,"8,663",19.4,40%,60 : 40,both
421,Florida Agricultural and Mechanical University,United States,41.2,65.1,53.2,53.4,23.2,23.2,"8,679",15.4,1%,67 : 33,both
422,Government College University Faisalabad,Pakistan,41.2,91.3,21.7,49.5,17.9,11.7,"21,210",25.6,0%,45 : 55,both
423,Guangdong University of Technology,China,41.2,87.9,73.5,27.2,13.8,13.0,"52,318",18.1,0%,27 : 73,both
424,Guangzhou University,China,41.2,90.7,44.3,30.4,13.4,13.2,"38,183",14.7,0%,41 : 59,both
425,Hiroshima University,Japan,41.2,37.7,91.9,52.2,30.5,32.8,"14,775",8.1,11%,38 : 62,both
426,Isfahan University of Technology,Iran,41.2,64.4,81.7,33.3,20.5,24.1,"10,028",22.8,1%,40 : 60,both
427,İstinye University,Turkey,41.2,82.2,15.8,88.7,15.4,13.5,"7,056",20.5,16%,64 : 36,both
428,ITMO University,Russian Federation,41.2,40.2,79.1,74.5,30.0,28.8,"11,007",14.7,18%,33 : 67,both
429,Jamia Millia Islamia,India,41.2,88.1,34.2,38.6,12.3,24.9,"10,374",11.7,5%,52 : 48,both
430,Jeonbuk National University,South Korea,41.2,69.8,80.4,32.4,21.3,18.1,"20,352",20.3,8%,46 : 54,both
431,Konkuk University,South Korea,41.2,55.3,96.5,50.1,27.5,17.9,"11,501",23.4,20%,,both
432,Lehigh University,United States,41.2,52.6,68.3,76.0,20.4,30.3,"6,768",11.5,16%,46 : 54,both
433,Liverpool John Moores University,United Kingdom,41.2,77.5,35.6,92.5,13.2,12.6,"23,725",18.2,15%,55 : 45,both
434,Louisiana State University,United States,41.2,66.5,65.3,46.8,19.6,21.8,"32,512",20.6,4%,56 : 44,both
435,Majmaah University,Saudi Arabia,41.2,76.9,28.6,75.7,17.1,19.8,"12,882",11.6,2%,43 : 57,both
436,Massey University,New Zealand,41.2,60.2,80.6,87.9,19.1,17.5,"16,035",15.9,27%,65 : 35,both
437,Mississippi State University,United States,41.2,77.2,55.1,60.0,19.3,18.8,"21,056",14.4,4%,53 : 47,both
438,Montpellier University,France,41.2,58.8,69.4,62.1,24.1,22.0,"40,361",20.3,16%,55 : 45,both
439,Moscow Institute of Physics and Technology (MIPT),Russian Federation,41.2,35.5,68.9,49.6,34.8,33.9,"6,190",11.9,22%,,both
440,Nanjing Forestry University,China,41.2,91.4,48.6,29.0,13.4,16.4,"33,835",16.9,1%,,both
441,National Institute of Applied Sciences of Lyon (INSA Lyon),France,41.2,41.2,81.4,66.8,26.9,34.2,"6,219",12.7,27%,37 : 63,both
442,National Research Nuclear University MEPhI,Russian Federation,41.2,35.9,68.3,71.4,33.0,33.0,"5,002",9.9,29%,46 : 54,both
443,National Technical University of Athens,Greece,41.2,57.3,48.7,32.8,26.9,31.3,"13,478",20.0,5%,34 : 66,both
444,Nazarbayev University,Kazakhstan,41.2,66.4,55.0,74.9,21.4,14.4,"6,045",14.5,3%,52 : 48,both
445,Nottingham Trent University,United Kingdom,41.2,82.9,37.3,92.7,11.5,12.7,"34,740",15.1,24%,55 : 45,both
446,Ontario Tech University,Canada,41.2,78.9,47.8,69.8,18.4,15.3,"9,537",30.2,10%,43 : 57,both
447,Queen’s University,Canada,41.2,54.7,72.2,68.0,23.3,25.1,"28,034",26.5,17%,58 : 42,both
448,Saveetha Institute of Medical and Technical Sciences,India,41.2,91.1,19.3,63.6,12.1,14.4,"12,468",10.0,7%,48 : 52,both
449,Shoolini University of Biotechnology and Management Sciences,India,41.2,86.2,19.3,64.1,12.8,18.1,"3,552",16.4,1%,56 : 44,both
450,Southwest Jiaotong University,China,41.2,61.3,75.5,22.3,25.2,24.2,"44,270",15.2,1%,37 : 63,both
451,Swedish University of Agricultural Sciences,Sweden,41.2,66.7,75.5,52.5,18.7,16.8,"4,393",4.6,8%,71 : 29,both
452,Tel Aviv University,Israel,41.2,55.6,85.9,46.5,29.1,21.5,"24,033",22.8,7%,58 : 42,both
453,Texas Tech University,United States,41.2,59.6,59.5,72.7,19.4,24.5,"37,331",21.1,6%,50 : 50,both
454,The Islamia University of Bahawalpur,Pakistan,41.2,91.3,22.2,49.5,16.9,10.3,"65,016",48.7,0%,41 : 59,both
455,The University of Alabama,United States,41.2,67.9,61.8,52.1,21.5,18.5,"35,247",21.0,3%,57 : 43,both
456,Tomsk State University,Russian Federation,41.2,36.0,65.5,76.9,31.5,30.8,"7,996",11.6,37%,,both
457,Toronto Metropolitan University,Canada,41.2,68.1,62.7,65.7,19.4,16.5,"38,884",41.9,10%,55 : 45,both
458,Universitat Politècnica de Catalunya,Spain,41.2,49.2,66.8,55.9,29.1,33.1,"23,979",10.1,13%,29 : 71,both
459,Université Libre de Bruxelles,Belgium,41.2,53.0,63.8,68.5,30.5,24.8,"32,121",55.5,29%,56 : 44,both
460,Universiti Tenaga Nasional (UNITEN),Malaysia,41.2,72.3,59.0,60.5,15.1,18.3,"4,236",9.4,20%,32 : 68,both
461,University College Cork,Ireland,41.2,62.0,66.1,80.2,20.5,23.4,"19,307",21.0,20%,59 : 41,both
462,University of Arkansas,United States,41.2,60.8,66.6,49.6,24.5,22.9,"26,280",19.6,4%,56 : 44,both
463,University of Bremen,Germany,41.2,56.2,67.3,58.1,26.7,26.5,"11,768",20.2,14%,56 : 44,both
464,University of Campinas,Brazil,41.2,48.5,65.6,36.1,32.1,36.0,"33,332",19.8,3%,46 : 54,both
465,University of Coimbra,Portugal,41.2,60.5,77.4,48.2,24.8,20.5,"22,687",19.9,18%,57 : 43,both
466,University of Cyprus,Cyprus,41.2,63.3,71.6,66.2,18.2,19.0,"7,002",20.4,13%,62 : 38,both
467,University of Florence,Italy,41.2,62.5,85.7,41.9,24.7,21.6,"40,415",22.4,11%,57 : 43,both
468,University of Genoa,Italy,41.2,61.4,73.3,50.2,21.4,27.2,"20,489",17.8,8%,59 : 41,both
469,University of Georgia (USA),United States,41.2,64.8,81.3,55.7,25.8,17.5,"38,399",15.9,7%,59 : 41,both
470,University of Ha’il,Saudi Arabia,41.2,82.3,25.1,83.3,12.0,15.9,"20,102",11.1,4%,63 : 37,both
471,University of Huddersfield,United Kingdom,41.2,61.9,51.9,93.5,22.5,21.7,"13,685",18.5,28%,59 : 41,both
472,University of Hull,United Kingdom,41.2,69.1,63.9,94.1,18.9,13.6,"12,625",18.3,31%,55 : 45,both
473,University of Iceland,Iceland,41.2,66.4,79.7,54.5,24.3,18.0,"10,045",17.0,12%,68 : 32,both
474,University of Innsbruck,Austria,41.2,52.5,79.5,83.6,19.8,20.9,"14,546",22.6,50%,55 : 45,both
475,University of Iowa,United States,41.2,58.9,88.1,60.7,22.9,23.3,"28,098",10.7,5%,56 : 44,both
476,University of Kashan,Iran,41.2,86.7,37.0,34.1,15.3,17.1,"8,476",25.2,6%,57 : 43,both
477,University of Kiel,Germany,41.2,64.2,51.0,68.9,24.2,24.0,"29,036",23.6,9%,54 : 46,both
478,University of Klagenfurt,Austria,41.2,76.9,39.0,84.8,13.1,23.5,"3,458",9.6,32%,64 : 36,both
479,University of Limerick,Ireland,41.2,59.1,70.9,75.4,21.9,17.3,"14,485",27.1,18%,51 : 49,both
480,University of Messina,Italy,41.2,73.6,54.1,35.5,19.4,23.0,"13,445",21.4,3%,63 : 37,both
481,University of Miami,United States,41.2,59.2,62.5,77.9,17.3,21.9,"18,354",10.8,13%,54 : 46,both
482,University of Milan-Bicocca,Italy,41.2,65.4,64.3,50.9,20.1,24.6,"29,952",27.5,5%,62 : 38,both
483,University of Minho,Portugal,41.2,57.9,76.8,44.1,25.2,24.8,"21,765",21.0,13%,55 : 45,both
484,University of Mons,Belgium,41.2,57.5,65.7,67.0,22.8,23.2,"8,604",29.8,19%,56 : 44,both
485,University of North Carolina at Charlotte,United States,41.2,70.3,63.9,45.1,20.1,19.0,"26,172",20.1,7%,50 : 50,both
486,University of Pisa,Italy,41.2,71.2,68.2,38.2,21.2,23.8,"30,876",19.0,7%,52 : 48,both
487,University of Portsmouth,United Kingdom,41.2,74.7,46.4,95.9,12.3,15.1,"22,700",15.8,32%,48 : 52,both
488,University of Regina,Canada,41.2,71.2,40.7,77.7,16.3,19.1,"13,245",24.0,27%,63 : 37,both
489,University of Salford,United Kingdom,41.2,74.6,47.8,89.9,11.4,14.3,"20,825",21.3,27%,55 : 45,both
490,University of Tabuk,Saudi Arabia,41.2,88.5,29.0,81.5,17.9,10.5,"19,888",12.3,3%,32 : 68,both
491,University of the West of Scotland,United Kingdom,41.2,79.6,49.1,97.5,12.8,14.8,"14,205",23.7,31%,61 : 39,both
492,University of Toledo,United States,41.2,71.8,71.1,66.3,16.8,16.9,"14,982",16.2,9%,54 : 46,both
493,University of Tsukuba,Japan,41.2,47.3,76.6,46.5,33.3,30.8,"15,383",12.2,16%,38 : 62,both
494,University of Tuscia,Italy,41.2,72.7,60.1,27.5,25.6,24.7,"5,915",20.0,5%,51 : 49,both
495,University of Vaasa,Finland,41.2,87.1,24.2,74.5,17.2,15.6,"4,092",18.4,4%,52 : 48,both
496,UPES,India,41.2,84.2,19.2,43.6,19.4,26.4,"9,443",9.5,0%,31 : 69,both
497,Victoria University,Australia,41.2,74.4,66.6,85.2,15.7,10.3,"13,529",37.3,20%,58 : 42,both
498,Wenzhou University,China,41.2,89.7,41.9,35.7,15.4,12.7,"26,331",19.3,3%,51 : 49,both
499,Zhejiang Normal University,China,41.2,94.1,64.0,36.1,13.8,12.1,"30,951",12.4,4%,,both
500,Zhejiang University of Technology,China,41.2,74.0,81.2,29.9,17.1,16.1,"37,637",15.0,7%,,both
501,Åbo Akademi University,Finland,38.2,48.4,72.6,75.1,23.2,23.2,"5,835",17.8,14%,60 : 40,both
502,Ain Shams University,Egypt,38.2,59.1,40.9,61.3,25.7,21.7,"169,073",14.6,7%,50 : 50,both
503,Air University,Pakistan,38.2,85.0,51.5,49.6,12.7,11.0,"9,192",13.7,0%,37 : 63,both
504,Akdeniz University,Turkey,38.2,74.0,55.5,31.7,17.9,12.5,"45,402",34.2,4%,44 : 56,both
505,Al-Azhar University,Egypt,38.2,79.6,23.5,51.0,16.0,16.3,"270,123",21.6,9%,42 : 58,both
506,Aligarh Muslim University,India,38.2,80.9,28.1,40.0,12.9,21.5,"19,237",11.6,1%,42 : 58,both
507,"Amity University, Noida",India,38.2,85.0,23.2,38.1,11.2,19.6,"28,507",15.6,12%,52 : 48,both
508,Bahçeşehir University,Turkey,38.2,81.2,33.2,71.3,12.1,9.9,"19,003",46.6,24%,50 : 50,both
509,Bar-Ilan University,Israel,38.2,48.4,98.6,42.3,23.2,17.4,"19,524",18.9,5%,60 : 40,both
510,Beni-Suef University,Egypt,38.2,84.1,29.1,55.6,16.4,7.7,"84,041",37.7,0%,45 : 55,both
511,Cairo University,Egypt,38.2,60.5,38.3,48.2,18.9,27.0,"172,478",25.9,6%,60 : 40,both
512,Central Queensland University,Australia,38.2,70.0,39.8,76.1,17.1,12.1,"12,201",24.1,19%,64 : 36,both
513,Chitkara University,India,38.2,94.1,18.2,30.3,13.5,15.4,"16,862",14.6,3%,42 : 58,both
514,CY Cergy Paris University,France,38.2,50.4,65.4,72.9,27.9,15.8,"16,490",19.7,25%,51 : 49,both
515,Duzce University,Turkey,38.2,78.6,56.4,33.1,17.1,13.6,"22,287",34.7,8%,47 : 53,both
516,Eastern Mediterranean University,Northern Cyprus,38.2,80.5,31.3,81.2,9.5,14.8,"13,353",24.4,75%,44 : 56,both
517,École des Mines de Saint-Étienne,France,38.2,31.8,78.7,61.1,24.9,35.9,"1,057",9.0,24%,27 : 73,both
518,Empress Catherine II Saint Petersburg Mining University,Russian Federation,38.2,68.7,48.6,42.2,13.8,24.0,"9,544",14.8,12%,41 : 59,both
519,Federal University of Rio de Janeiro,Brazil,38.2,36.0,84.2,34.4,30.1,31.6,"54,201",15.3,1%,55 : 45,both
520,Future University in Egypt,Egypt,38.2,84.3,16.4,64.6,9.6,15.9,"8,212",9.6,11%,43 : 57,both
521,Gachon University,South Korea,38.2,63.3,68.9,43.9,15.8,20.4,"19,066",26.6,19%,51 : 49,both
522,GLA University,India,38.2,86.3,17.7,31.2,13.1,16.8,"12,764",14.7,0%,26 : 74,both
523,Hamburg University of Technology,Germany,38.2,47.5,78.8,55.0,22.6,26.9,"4,482",27.5,24%,26 : 74,both
524,Harbin Engineering University,China,38.2,54.2,85.1,23.7,29.3,19.8,"33,294",18.9,2%,23 : 77,both
525,Hasselt University,Belgium,38.2,42.0,87.0,56.6,26.5,20.4,"5,770",28.9,15%,49 : 51,both
526,Ibn Tofaïl University,Morocco,38.2,76.7,26.8,33.7,17.6,18.8,"71,561",90.8,2%,61 : 39,both
527,Imam Khomeini International University,Iran,38.2,80.4,22.4,30.1,14.3,19.6,"8,405",24.6,8%,54 : 46,both
528,Indian Institute of Technology Guwahati,India,38.2,54.9,46.6,29.0,23.5,28.6,"8,587",17.9,1%,24 : 76,both
529,Indian Institute of Technology Indore,India,38.2,66.0,36.4,32.4,21.5,26.0,"2,091",11.9,0%,22 : 78,both
530,Inha University,South Korea,38.2,52.7,86.1,32.7,21.3,21.9,"15,423",17.9,8%,45 : 55,both
531,"International Institute of Information Technology, Hyderabad",India,38.2,74.9,37.2,42.1,12.5,20.1,"1,997",18.0,7%,22 : 78,both
532,James Cook University,Australia,38.2,62.4,53.9,85.5,15.0,17.6,"9,165",15.6,11%,67 : 33,both
533,Jazan University,Saudi Arabia,38.2,80.1,23.2,88.4,12.6,13.9,"22,268",11.9,3%,65 : 35,both
534,Jeju National University,South Korea,38.2,68.0,51.7,48.9,20.0,19.2,"10,056",16.0,5%,53 : 47,both
535,Kafrelsheikh University,Egypt,38.2,84.2,20.4,51.1,8.1,17.8,"75,622",29.8,2%,55 : 45,both
536,Keio University,Japan,38.2,34.8,78.6,37.8,29.2,31.3,"33,718",10.0,9%,36 : 64,both
537,KIIT University,India,38.2,69.1,39.3,46.2,11.5,26.2,"24,851",12.2,10%,49 : 51,both
538,Lakehead University,Canada,38.2,70.2,43.6,64.4,16.0,13.0,"8,603",24.9,21%,58 : 42,both
539,Mansoura University,Egypt,38.2,84.6,41.9,52.9,11.5,12.8,"185,564",40.8,6%,52 : 48,both
540,Minia University,Egypt,38.2,84.7,25.3,50.7,8.6,18.6,"67,781",15.4,1%,57 : 43,both
541,Montanuniversität Leoben,Austria,38.2,47.1,71.6,69.1,19.6,26.9,"2,191",7.4,17%,26 : 74,both
542,Nanjing University of Information Science and Technology,China,38.2,76.7,50.4,33.9,13.6,16.3,"37,168",16.1,3%,,both
543,National Sun Yat-Sen University,Taiwan,38.2,51.2,96.7,39.5,26.3,19.9,"8,559",12.0,10%,43 : 57,both
544,National University of Science and Technology (MISiS),Russian Federation,38.2,42.2,68.9,59.1,25.6,28.7,"7,259",12.6,19%,41 : 59,both
545,National University of Sciences and Technology,Pakistan,38.2,74.0,35.6,54.3,15.0,21.0,"12,636",9.6,4%,37 : 63,both
546,National Yunlin University of Science and Technology,Taiwan,38.2,67.8,80.7,40.8,21.6,12.4,"9,204",22.0,5%,42 : 58,both
547,Northern Border University,Saudi Arabia,38.2,73.3,21.7,78.0,12.4,16.7,"13,803",11.8,6%,52 : 48,both
548,North-West University,South Africa,38.2,72.3,61.1,50.2,17.8,15.7,"40,397",27.3,2%,62 : 38,both
549,Northwest University (China),China,38.2,67.4,75.6,22.8,13.6,20.8,"29,021",14.6,1%,55 : 45,both
550,NOVA University of Lisbon,Portugal,38.2,66.2,60.6,40.5,21.5,18.9,"23,369",18.4,24%,51 : 49,both
551,Oklahoma State University,United States,38.2,59.7,60.5,69.4,16.5,17.7,"21,851",14.4,5%,52 : 48,both
552,Parthenope University of Naples,Italy,38.2,84.9,29.4,29.8,15.8,17.5,"12,563",33.1,2%,42 : 58,both
553,PMAS Arid Agriculture University Rawalpindi,Pakistan,38.2,81.3,19.1,49.9,12.5,20.1,"11,277",36.4,0%,41 : 59,both
554,Polytechnic University of Bari,Italy,38.2,75.4,57.0,37.7,18.0,15.1,"10,524",43.7,1%,31 : 69,both
555,Polytechnic University of Valencia,Spain,38.2,49.5,67.9,50.8,22.7,24.7,"29,166",15.2,15%,42 : 58,both
556,Riphah International University,Pakistan,38.2,88.9,17.8,50.4,15.1,12.7,"26,155",17.3,0%,55 : 45,both
557,Robert Gordon University,United Kingdom,38.2,71.8,41.5,93.6,11.0,15.0,"10,040",19.7,29%,61 : 39,both
558,Rovira i Virgili University,Spain,38.2,59.9,59.7,62.9,15.1,19.7,"13,971",13.1,13%,60 : 40,both
559,Shiraz University of Technology,Iran,38.2,76.9,34.8,37.8,14.0,18.8,"1,614",14.9,0%,39 : 61,both
560,Siksha ‘O’ Anusandhan,India,38.2,67.3,33.3,24.6,18.0,32.6,"11,259",10.0,3%,57 : 43,both
561,Stellenbosch University,South Africa,38.2,59.6,73.7,48.3,20.4,22.9,"24,979",25.5,7%,57 : 43,both
562,Sukkur IBA University,Pakistan,38.2,81.1,20.2,50.3,19.7,16.0,"5,504",19.9,0%,30 : 70,both
563,Sultan Qaboos University,Oman,38.2,58.4,49.9,77.2,18.3,19.2,"6,937",8.3,4%,50 : 50,both
564,Syracuse University,United States,38.2,59.2,63.9,60.5,16.7,24.4,"19,621",14.9,20%,54 : 46,both
565,Taibah University,Saudi Arabia,38.2,78.8,25.4,77.6,16.3,10.9,"57,535",24.2,2%,61 : 39,both
566,Tallinn University of Technology,Estonia,38.2,64.8,42.6,58.0,15.0,22.7,"7,728",10.1,13%,40 : 60,both
567,Tashkent Institute of Irrigation and Agricultural Mechanisation,Uzbekistan,38.2,81.6,41.3,35.3,10.7,22.8,"5,216",6.8,5%,36 : 64,both
568,Tecnológico de Monterrey,Mexico,38.2,65.3,64.2,58.8,16.7,18.4,"17,986",16.0,14%,43 : 57,both
569,Thapar Institute of Engineering and Technology,India,38.2,79.3,25.4,32.4,12.4,22.5,"9,135",15.0,2%,35 : 65,both
570,Tomsk Polytechnic University,Russian Federation,38.2,34.1,60.2,71.1,27.9,31.7,"8,810",10.1,33%,32 : 68,both
571,University of Aveiro,Portugal,38.2,62.4,61.5,43.6,23.4,20.2,"13,711",16.1,11%,54 : 46,both
572,University of Calabria,Italy,38.2,76.5,54.6,43.1,16.3,16.8,"9,324",13.8,6%,55 : 45,both
573,"University of California, Merced",United States,38.2,69.3,63.3,57.6,16.1,17.2,"9,011",19.7,8%,48 : 52,both
574,University of Canterbury,New Zealand,38.2,52.6,57.2,78.6,18.1,25.1,"15,960",20.8,16%,53 : 47,both
575,University of Derby,United Kingdom,38.2,77.7,23.3,85.6,8.5,14.8,"15,655",14.9,21%,60 : 40,both
576,University of Dundee,United Kingdom,38.2,55.4,55.4,94.3,15.1,18.8,"15,145",19.5,31%,64 : 36,both
577,University of Greenwich,United Kingdom,38.2,70.2,41.7,97.7,13.1,15.4,"19,330",23.9,52%,56 : 44,both
578,University of Gujrat,Pakistan,38.2,87.5,19.4,47.5,15.7,10.5,"18,571",37.4,0%,65 : 35,both
579,University of Hawai’i at Mānoa,United States,38.2,60.4,63.4,76.4,16.5,14.6,"15,692",12.3,10%,59 : 41,both
580,University of Jaén,Spain,38.2,81.9,26.8,58.5,11.4,16.9,"13,457",16.3,7%,57 : 43,both
581,University of Kaiserslautern,Germany,38.2,50.5,82.3,50.8,22.3,24.8,"12,095",28.0,13%,50 : 50,both
582,University of Kansas,United States,38.2,52.7,78.9,61.8,20.6,19.8,"23,598",9.5,7%,54 : 46,both
583,University of Lorraine,France,38.2,55.9,64.3,74.2,17.4,22.0,"62,161",20.6,15%,54 : 46,both
584,University of Management and Technology,Pakistan,38.2,85.8,21.2,54.5,11.0,12.3,"24,107",20.3,2%,52 : 48,both
585,University of Manitoba,Canada,38.2,61.5,62.6,62.2,20.2,19.3,"30,343",29.7,22%,54 : 46,both
586,University of Siena,Italy,38.2,59.8,62.5,44.5,19.7,23.0,"10,438",16.8,10%,63 : 37,both
587,University of the Punjab,Pakistan,38.2,76.2,25.8,53.4,15.1,18.0,"30,994",23.7,1%,57 : 43,both
588,UWE Bristol (University of the West of England),United Kingdom,38.2,71.9,35.7,89.7,12.8,11.7,"29,680",16.8,29%,52 : 48,both
589,University of the Witwatersrand,South Africa,38.2,49.4,78.0,69.9,24.1,20.2,"27,858",24.9,6%,59 : 41,both
590,University of Toulouse,France,38.2,46.6,62.2,62.6,23.7,31.2,"109,715",24.1,16%,56 : 44,both
591,University of Tunis El Manar,Tunisia,38.2,41.3,70.6,59.8,22.0,30.9,"19,015",8.7,8%,75 : 25,both
592,University of Wuppertal,Germany,38.2,52.9,74.6,46.6,21.9,22.5,"13,701",31.5,10%,56 : 44,both
593,Urmia University,Iran,38.2,80.7,35.5,36.7,16.9,14.8,"13,281",26.5,14%,49 : 51,both
594,Virginia Commonwealth University,United States,38.2,48.0,95.4,40.4,23.4,22.7,"25,537",10.5,4%,64 : 36,both
595,VIT University,India,38.2,71.6,29.7,39.8,16.2,22.9,"38,187",13.4,5%,30 : 70,both
596,Worcester Polytechnic Institute,United States,38.2,66.0,66.5,52.6,16.7,20.7,"6,272",13.6,14%,38 : 62,both
597,Xi’an Jiaotong-Liverpool University,China,38.2,76.0,35.2,72.7,13.5,17.0,"20,820",19.2,3%,53 : 47,both
598,York University,Canada,38.2,63.6,52.5,85.9,17.4,15.2,"42,331",27.8,28%,55 : 45,both
599,Zagazig University,Egypt,38.2,85.9,25.3,49.9,8.8,13.6,"169,641",23.3,3%,52 : 48,both
601,AGH University of Krakow,Poland,35.7,37.4,53.9,30.0,21.0,28.8,"18,279",11.6,4%,34 : 66,both
602,Aix-Marseille University,France,35.7,38.2,59.9,80.2,13.6,19.7,"72,381",15.5,15%,60 : 40,both
603,Al-Baha University,Saudi Arabia,35.7,68.4,18.9,77.2,7.6,16.1,"18,262",12.9,2%,57 : 43,both
604,Alexandria University,Egypt,35.7,63.1,40.0,50.0,17.0,18.4,"199,537",20.6,5%,60 : 40,both
605,American University in Cairo,Egypt,35.7,57.7,36.6,62.0,18.1,15.5,"6,068",14.1,7%,58 : 42,both
606,American University of Sharjah,United Arab Emirates,35.7,62.9,39.6,83.3,16.1,14.3,"5,024",12.8,74%,54 : 46,both
607,"Amity University, Gurugram",India,35.7,74.0,17.3,33.2,10.9,16.5,"5,683",15.2,1%,50 : 50,both
608,Aristotle University of Thessaloniki,Greece,35.7,57.8,57.8,33.0,16.4,17.7,"48,660",17.6,5%,58 : 42,both
609,Arts et Métiers,France,35.7,42.8,63.5,62.1,18.0,22.9,"6,140",16.7,13%,18 : 82,both
610,Assiut University,Egypt,35.7,71.0,27.3,52.9,11.5,20.6,"96,739",16.5,6%,40 : 60,both
611,Atatürk University,Turkey,35.7,60.8,29.1,42.3,17.0,13.9,"42,757",26.1,9%,41 : 59,both
612,Auckland University of Technology,New Zealand,35.7,50.3,35.2,85.5,15.1,21.8,"17,888",16.4,45%,61 : 39,both
613,Babeş-Bolyai University,Romania,35.7,67.0,39.0,40.4,15.9,13.1,"42,557",20.4,4%,64 : 36,both
614,Bahauddin Zakariya University,Pakistan,35.7,82.5,13.1,49.6,12.3,13.8,"18,672",18.5,0%,40 : 60,both
615,Bahria University,Pakistan,35.7,81.0,21.9,49.4,9.6,10.9,"21,123",20.8,1%,48 : 52,both
616,Bangladesh University of Engineering and Technology,Bangladesh,35.7,61.2,28.6,29.8,13.7,19.0,"6,040",12.2,0%,23 : 77,both
617,Bartin University,Turkey,35.7,81.7,20.5,49.8,10.7,11.0,"11,985",27.4,10%,45 : 55,both
618,Baylor University,United States,35.7,47.4,56.7,47.9,16.5,18.9,"20,958",18.3,6%,61 : 39,both
619,Ben-Gurion University of the Negev,Israel,35.7,50.8,66.5,31.3,20.7,21.3,"16,767",20.8,2%,52 : 48,both
620,Benha University,Egypt,35.7,79.8,21.1,48.7,8.3,12.0,"109,804",30.0,2%,47 : 53,both
621,"Birla Institute of Technology and Science, Pilani",India,35.7,67.4,33.0,25.8,14.2,23.0,"15,852",15.9,3%,19 : 81,both
622,Birmingham City University,United Kingdom,35.7,75.6,18.5,94.4,8.4,12.8,"25,145",17.2,28%,63 : 37,both
623,Cankaya University,Turkey,35.7,81.5,19.9,50.2,11.2,10.2,"7,113",26.2,1%,46 : 54,both
624,Capital University of Science and Technology,Pakistan,35.7,84.9,18.3,48.1,10.9,13.5,"6,363",25.9,0%,36 : 64,both
625,Carlos III University of Madrid,Spain,35.7,52.5,51.2,53.1,17.2,24.2,"18,013",10.7,16%,47 : 53,both
626,Chang Gung University,Taiwan,35.7,44.1,88.9,29.9,21.7,17.4,"7,113",12.1,5%,50 : 50,both
627,Changsha University of Science and Technology,China,35.7,66.1,54.5,26.8,12.6,11.1,"38,593",17.5,1%,35 : 65,both
628,Chengdu University,China,35.7,84.8,28.0,27.6,9.8,13.1,"25,627",15.6,2%,55 : 45,both
629,Chiang Mai University,Thailand,35.7,43.4,69.3,31.9,21.5,17.8,"34,379",13.5,4%,61 : 39,both
630,Chonnam National University,South Korea,35.7,56.3,73.4,29.7,21.7,20.8,"18,258",13.5,7%,50 : 50,both
631,Chungnam National University,South Korea,35.7,40.1,89.6,22.8,24.1,20.2,"20,399",19.7,4%,46 : 54,both
632,Chung Yuan Christian University,Taiwan,35.7,46.4,75.9,37.5,17.8,13.7,"15,224",31.4,7%,47 : 53,both
633,Claude Bernard University Lyon 1,France,35.7,44.7,66.0,69.8,13.9,22.4,"27,088",12.7,15%,55 : 45,both
634,Complutense University of Madrid,Spain,35.7,45.3,62.2,45.0,19.4,26.7,"59,049",10.8,12%,63 : 37,both
635,Coventry University,United Kingdom,35.7,66.8,30.9,94.4,11.2,15.5,"31,065",14.9,51%,49 : 51,both
636,Cyprus International University,Northern Cyprus,35.7,79.7,17.2,74.3,7.5,10.6,"14,232",22.5,70%,47 : 53,both
637,Daffodil International University (DIU),Bangladesh,35.7,87.5,17.9,47.3,9.5,8.3,"16,905",21.8,5%,37 : 63,both
638,École Nationale des Ponts et Chaussées - Institut Polytechnique de Paris,France,35.7,45.0,34.8,62.2,19.9,30.9,"2,014",7.2,39%,32 : 68,both
639,Far Eastern Federal University,Russian Federation,35.7,36.4,31.5,49.8,22.8,30.3,"15,822",12.9,21%,59 : 41,both
640,Fayoum University,Egypt,35.7,77.7,20.8,47.5,8.2,16.5,"47,899",15.9,0%,63 : 37,both
641,Ferdowsi University of Mashhad,Iran,35.7,65.9,44.3,31.8,18.6,17.5,"22,692",28.6,8%,54 : 46,both
642,Florida Atlantic University,United States,35.7,62.0,51.4,71.3,13.0,13.4,"23,818",19.4,9%,66 : 34,both
643,Gdańsk University of Technology,Poland,35.7,57.9,43.5,38.4,16.7,16.8,"14,179",19.8,7%,39 : 61,both
644,Gorgan University of Agricultural Sciences and Natural Resources,Iran,35.7,74.7,22.9,37.0,7.6,17.9,"3,964",21.7,1%,46 : 54,both
645,Hakim Sabzevari University,Iran,35.7,76.5,22.3,41.0,9.8,7.7,"12,049",26.0,3%,54 : 46,both
646,IMT Nord Europe,France,35.7,27.8,61.4,70.1,21.8,29.0,"1,592",17.5,18%,25 : 75,both
647,Indian Institute of Technology Patna,India,35.7,68.2,24.6,21.5,14.2,20.7,"2,839",19.9,0%,19 : 81,both
648,Institut Agro,France,35.7,33.7,50.2,59.6,21.5,27.9,"2,651",9.2,15%,56 : 44,both
649,Institute of Chemical Technology,India,35.7,53.1,55.9,19.5,14.8,23.6,"2,919",18.6,0%,37 : 63,both
650,"International Islamic University, Islamabad",Pakistan,35.7,79.9,21.5,49.8,11.0,15.1,"24,924",22.2,6%,57 : 43,both
651,Islamic University of Madinah,Saudi Arabia,35.7,63.6,19.0,99.4,9.6,15.0,"16,233",18.7,78%,2 : 98,both
652,Jashore University of Science and Technology,Bangladesh,35.7,77.1,16.6,49.6,7.9,14.3,"4,491",14.4,0%,35 : 65,both
653,Jawaharlal Nehru Technological University Anantapur (JNTUA),India,35.7,80.0,19.1,21.0,11.8,18.4,"6,385",19.2,1%,44 : 56,both
654,Jaypee University of Information Technology,India,35.7,76.6,30.4,35.8,15.2,18.0,"1,826",19.0,2%,27 : 73,both
655,Jordan University of Science and Technology,Jordan,35.7,54.4,64.2,48.5,17.1,15.0,"20,254",13.8,21%,34 : 66,both
656,Kalasalingam Academy of Research and Education,India,35.7,73.8,18.6,50.7,7.7,18.4,"5,332",4.4,10%,55 : 45,both
657,Kansas State University,United States,35.7,56.1,59.9,55.7,15.9,20.8,"18,732",13.9,5%,54 : 46,both
658,Kazan Federal University,Russian Federation,35.7,46.2,43.5,61.0,22.4,29.9,"22,498",10.7,33%,63 : 37,both
659,Khwaja Fareed University of Engineering and Information Technology,Pakistan,35.7,82.0,16.5,51.6,10.4,9.1,"11,334",22.2,0%,44 : 56,both
660,King Mongkut’s University of Technology Thonburi,Thailand,35.7,56.7,59.7,40.9,15.6,16.8,"14,866",19.7,5%,45 : 55,both
661,KL University,India,35.7,77.6,18.7,27.3,9.9,19.3,"16,650",13.6,3%,42 : 58,both
662,K.N. Toosi University of Technology,Iran,35.7,64.0,37.8,34.4,14.2,18.1,"8,099",21.3,2%,34 : 66,both
663,Kobe University,Japan,35.7,32.8,87.0,34.6,20.9,22.8,"15,403",10.2,7%,35 : 65,both
664,Lahore University of Management Sciences,Pakistan,35.7,65.6,29.5,47.5,14.6,21.0,"4,736",13.3,2%,43 : 57,both
665,Lebanese University,Lebanon,35.7,25.7,23.4,62.0,23.7,40.0,"45,248",14.6,16%,70 : 30,both
666,Leuphana University of Lüneburg,Germany,35.7,63.8,25.1,49.7,19.3,17.7,"7,721",25.8,9%,63 : 37,both
667,Lorestan University,Iran,35.7,72.9,23.9,28.0,10.5,14.1,"9,259",23.7,2%,58 : 42,both
668,Malaviya National Institute of Technology,India,35.7,71.4,22.0,20.4,12.1,16.7,"5,515",19.7,0%,27 : 73,both
669,Manipal University Jaipur,India,35.7,66.1,28.9,28.4,13.4,15.1,"9,680",14.2,5%,45 : 55,both
670,Marche Polytechnic University,Italy,35.7,62.1,49.6,32.6,13.1,17.3,"11,315",21.6,5%,47 : 53,both
671,Menoufia University,Egypt,35.7,78.2,22.8,49.1,8.3,11.7,"115,583",26.5,1%,46 : 54,both
672,Ming Chi University of Technology,Taiwan,35.7,53.2,72.6,35.5,19.8,9.9,"4,384",18.6,3%,26 : 74,both
673,Multimedia University,Malaysia,35.7,42.4,55.1,63.3,17.8,27.5,"9,057",14.8,10%,45 : 55,both
674,Nantes Université,France,35.7,49.6,62.2,56.6,13.0,16.4,"36,711",18.4,10%,57 : 43,both
675,National and Kapodistrian University of Athens,Greece,35.7,70.5,59.2,56.5,15.3,9.2,"67,550",32.0,12%,60 : 40,both
676,National Central University,Taiwan,35.7,30.5,93.1,35.2,24.2,25.6,"11,174",9.9,8%,36 : 64,both
677,National Chung Hsing University,Taiwan,35.7,40.6,81.7,32.7,23.1,16.9,"15,403",13.1,7%,42 : 58,both
678,National Institute of Technology Rourkela,India,35.7,63.5,44.5,22.8,16.7,22.0,"7,816",19.1,3%,17 : 83,both
679,National Institute of Technology Silchar,India,35.7,68.6,19.4,22.4,11.7,21.4,"4,885",12.9,2%,20 : 80,both
680,National Taipei University of Technology,Taiwan,35.7,45.6,79.9,38.4,21.2,19.2,"9,746",15.5,11%,28 : 72,both
681,National Taiwan Normal University,Taiwan,35.7,39.1,74.8,30.6,26.6,14.9,"10,891",12.2,14%,,both
682,National University of Computer and Emerging Sciences,Pakistan,35.7,73.8,22.3,49.4,8.8,12.0,"15,934",23.5,3%,22 : 78,both
683,Necmettin Erbakan University,Turkey,35.7,67.2,19.8,40.0,7.4,19.1,"18,951",12.4,13%,52 : 48,both
684,North China Electric Power University,China,35.7,55.2,81.0,22.4,17.9,15.7,"36,176",19.1,3%,40 : 60,both
685,Northeast Agricultural University,China,35.7,76.6,29.8,18.8,8.7,11.5,"29,363",21.6,1%,55 : 45,both
686,Northern Illinois University,United States,35.7,66.0,56.8,78.4,11.1,11.2,"13,145",15.2,7%,54 : 46,both
687,North South University,Bangladesh,35.7,82.9,19.3,39.7,8.9,17.2,"16,938",18.3,0%,43 : 57,both
688,Obuda University,Hungary,35.7,61.9,21.8,50.3,18.9,13.6,"7,718",23.0,8%,21 : 79,both
689,Ohio University (Main campus),United States,35.7,47.8,68.0,46.1,19.1,21.1,"20,512",21.3,4%,58 : 42,both
690,Oxford Brookes University,United Kingdom,35.7,65.8,29.4,87.1,11.3,12.9,"13,040",12.8,27%,57 : 43,both
691,Ozyegin University,Turkey,35.7,55.0,65.1,44.2,19.6,14.6,"6,221",25.8,10%,45 : 55,both
692,Panjab University,India,35.7,68.4,26.7,22.0,13.9,15.9,"17,591",16.8,1%,63 : 37,both
693,Pontifical Catholic University of Rio de Janeiro (PUC-Rio),Brazil,35.7,38.7,70.2,38.2,24.5,24.2,"12,241",18.8,1%,50 : 50,both
694,Pontificia Universidad Católica de Chile,Chile,35.7,44.2,49.5,59.6,18.1,18.0,"31,720",15.6,5%,,both
695,Port Said University,Egypt,35.7,66.7,42.7,46.6,9.5,9.4,"31,596",34.8,0%,56 : 44,both
696,Rochester Institute of Technology,United States,35.7,59.6,57.1,37.6,15.2,15.4,"14,757",16.1,12%,36 : 64,both
697,Selçuk University,Turkey,35.7,55.9,51.2,35.2,15.3,16.2,"28,732",21.1,6%,44 : 56,both
698,Shahid Beheshti University,Iran,35.7,65.0,55.3,27.7,17.4,15.6,"27,279",21.8,1%,55 : 45,both
699,​Shahid Chamran University of Ahvaz,Iran,35.7,67.5,55.3,28.4,16.2,15.0,"14,268",24.0,3%,56 : 44,both
700,Shahrekord University,Iran,35.7,75.9,21.1,22.5,12.8,10.2,"7,147",20.0,0%,56 : 44,both
701,Shanghai Normal University,China,35.7,74.6,56.4,21.9,15.2,12.9,"29,846",14.8,2%,69 : 31,both
702,Shantou University,China,35.7,71.3,47.5,41.5,14.7,10.7,"20,004",16.1,1%,50 : 50,both
703,Sharda University,India,35.7,68.0,27.1,46.5,13.3,20.3,"12,064",12.7,12%,44 : 56,both
704,Shiraz University,Iran,35.7,60.8,57.5,28.9,19.5,18.1,"14,908",21.2,3%,55 : 45,both
705,Shri Mata Vaishno Devi University,India,35.7,80.4,21.7,27.5,11.8,10.3,"2,947",20.5,0%,37 : 63,both
706,Sogang University,South Korea,35.7,44.2,91.3,22.4,24.2,22.4,"9,747",24.1,17%,46 : 54,both
707,Sohag University,Egypt,35.7,78.7,21.9,50.9,9.4,8.3,"67,363",24.9,0%,55 : 45,both
708,South Dakota State University,United States,35.7,64.2,39.6,51.1,13.9,14.1,"10,549",20.2,5%,56 : 44,both
709,South Valley University  (Egypt),Egypt,35.7,82.7,24.3,49.9,12.8,12.3,"61,711",32.9,0%,58 : 42,both
710,SRM Institute of Science and Technology,India,35.7,65.6,23.3,30.0,11.1,20.3,"52,953",13.6,2%,37 : 63,both
711,Suez University,Egypt,35.7,77.0,28.2,51.5,8.4,11.6,"17,830",19.3,2%,56 : 44,both
712,Sumy State University,Ukraine,35.7,75.3,25.2,41.3,11.9,9.8,"8,253",13.5,16%,41 : 59,both
713,Symbiosis International University,India,35.7,77.9,19.0,45.7,10.6,20.5,"16,659",13.0,7%,47 : 53,both
714,Taipei Medical University,Taiwan,35.7,42.0,61.5,58.1,22.2,22.7,"6,137",9.0,11%,59 : 41,both
715,Tanta University,Egypt,35.7,85.0,27.2,50.4,8.7,13.8,"133,134",21.5,1%,53 : 47,both
716,Technical University of Madrid,Spain,35.7,44.5,59.1,49.1,20.5,26.8,"39,695",15.9,16%,34 : 66,both
717,Technische Universität Ilmenau,Germany,35.7,36.5,67.4,64.1,20.7,25.1,"4,877",18.4,34%,29 : 71,both
718,Teesside University,United Kingdom,35.7,65.2,25.5,95.5,10.2,10.9,"15,860",20.6,37%,56 : 44,both
719,The Catholic University of Korea,South Korea,35.7,39.6,86.3,35.7,27.1,16.7,"7,263",17.6,11%,62 : 38,both
720,Tokyo Medical and Dental University (TMDU),Japan,35.7,27.4,88.8,49.0,23.3,20.0,"2,920",4.2,12%,52 : 48,both
721,Tokyo University of Agriculture and Technology,Japan,35.7,32.4,79.8,31.6,27.6,22.5,"5,884",15.9,7%,35 : 65,both
722,Tokyo University of Science,Japan,35.7,31.1,78.8,27.2,25.8,22.5,"17,783",23.7,4%,25 : 75,both
723,Tunghai University,Taiwan,35.7,72.8,48.4,41.6,16.6,11.3,"15,438",20.8,9%,55 : 45,both
724,Ulster University,United Kingdom,35.7,53.9,47.3,82.5,11.4,18.4,"18,805",18.3,12%,57 : 43,both
725,Umeå University,Sweden,35.7,60.0,60.4,59.8,21.2,8.7,"13,648",9.9,8%,62 : 38,both
726,Universidade Federal de Santa Catarina,Brazil,35.7,38.0,76.7,36.5,19.5,23.4,"36,540",15.1,2%,49 : 51,both
727,Universidade Federal do Rio Grande do Sul,Brazil,35.7,47.5,54.3,36.9,15.5,22.7,"40,297",14.4,1%,52 : 48,both
728,Université Côte d'Azur,France,35.7,48.9,68.0,77.6,18.9,17.1,"33,085",21.4,20%,56 : 44,both
729,Université de Bretagne Occidentale,France,35.7,52.6,59.4,77.4,19.0,15.1,"22,380",30.2,11%,59 : 41,both
730,Université de Poitiers,France,35.7,31.0,47.6,66.4,22.0,25.7,"29,514",28.9,12%,57 : 43,both
731,Université Djillali Liabès de Sidi Bel-Abbès,Algeria,35.7,69.2,18.6,41.1,9.8,21.6,"27,880",18.9,1%,58 : 42,both
732,Université Mohammed Premier,Morocco,35.7,71.7,23.5,35.7,15.9,15.5,"84,547",82.5,1%,51 : 49,both
733,Université Polytechnique Hauts-de-France,France,35.7,44.6,64.1,75.1,11.6,15.9,"13,991",30.2,12%,47 : 53,both
734,Universiti Malaysia Pahang Al-Sultan Abdullah (UMPSA),Malaysia,35.7,64.7,30.2,45.9,14.0,21.3,"8,152",13.1,8%,47 : 53,both
735,Universiti Malaysia Terengganu (UMT),Malaysia,35.7,70.0,33.9,55.9,19.2,11.5,"10,370",17.0,7%,69 : 31,both
736,Universiti Teknologi Brunei,Brunei Darussalam,35.7,58.7,27.9,70.6,12.5,21.8,"1,305",6.2,7%,59 : 41,both
737,University of Alaska Fairbanks,United States,35.7,48.3,44.9,76.4,18.6,20.0,"2,771",8.3,6%,55 : 45,both
738,University of Alicante,Spain,35.7,53.7,67.5,44.8,16.8,18.2,"22,503",14.0,8%,59 : 41,both
739,University of Beira Interior,Portugal,35.7,63.1,42.3,50.9,14.7,18.5,"8,179",17.2,20%,53 : 47,both
740,University of Bisha,Saudi Arabia,35.7,77.3,18.6,81.2,9.5,12.5,"13,187",11.9,2%,63 : 37,both
741,University of Bordeaux,France,35.7,44.1,66.6,63.1,20.9,17.7,"50,941",21.3,15%,60 : 40,both
742,University of Brescia,Italy,35.7,54.4,54.6,40.1,13.4,19.7,"9,457",22.6,5%,52 : 48,both
743,University of Brighton,United Kingdom,35.7,54.3,43.7,94.3,14.8,14.2,"14,725",16.6,22%,61 : 39,both
744,University of Cagliari,Italy,35.7,55.7,59.6,41.3,13.6,20.4,"14,084",15.4,2%,62 : 38,both
745,University of Cape Town,South Africa,35.7,39.7,62.0,76.6,19.7,24.3,"21,021",13.0,13%,55 : 45,both
746,University of Central Punjab,Pakistan,35.7,75.1,18.7,49.9,9.2,15.5,"16,677",24.1,0%,36 : 64,both
747,University of Colorado Denver/Anschutz Medical Campus,United States,35.7,44.0,62.8,58.1,19.8,14.2,"19,567",4.0,8%,58 : 42,both
748,University of Córdoba,Spain,35.7,68.3,48.4,54.9,15.3,15.4,"17,798",12.2,12%,58 : 42,both
749,University of Crete,Greece,35.7,51.6,60.9,43.0,21.1,14.8,"13,797",24.9,4%,64 : 36,both
750,University of Dhaka,Bangladesh,35.7,77.1,23.6,43.1,8.9,9.4,"194,187",12.5,3%,59 : 41,both
751,"University of Engineering and Technology, Taxila",Pakistan,35.7,76.5,19.4,47.9,10.1,14.4,"5,505",20.6,2%,21 : 79,both
752,University of Ferrara,Italy,35.7,52.0,58.7,41.7,17.3,17.7,"24,119",34.0,4%,62 : 38,both
753,University of Franche-Comté,France,35.7,46.4,65.5,74.9,15.9,24.6,"24,095",31.0,13%,59 : 41,both
754,University of Girona,Spain,35.7,53.7,54.2,53.1,12.7,15.3,"14,186",20.6,14%,58 : 42,both
755,University of Granada,Spain,35.7,61.4,57.7,54.8,15.6,20.0,"56,877",14.9,12%,60 : 40,both
756,University of Guilan,Iran,35.7,72.6,29.5,26.7,15.8,14.8,"18,681",33.7,1%,58 : 42,both
757,University of Hertfordshire,United Kingdom,35.7,65.2,35.9,96.9,8.7,13.2,"23,060",17.4,54%,48 : 52,both
758,University of Jeddah,Saudi Arabia,35.7,69.6,22.0,77.3,16.4,11.0,"29,558",15.3,2%,66 : 34,both
759,University of KwaZulu-Natal,South Africa,35.7,57.3,42.8,64.7,21.0,19.6,"34,156",30.9,2%,61 : 39,both
760,University of Lahore,Pakistan,35.7,71.7,18.0,54.7,7.6,13.3,"23,972",13.0,3%,39 : 61,both
761,University of Lille,France,35.7,42.7,68.2,77.1,21.3,22.8,"79,077",30.9,14%,61 : 39,both
762,University of Lleida,Spain,35.7,52.0,49.3,47.7,18.8,14.9,"9,543",16.7,10%,59 : 41,both
763,"University of Maryland, Baltimore County",United States,35.7,60.9,60.5,58.9,13.8,20.1,"12,186",17.6,17%,46 : 54,both
764,University of Memphis,United States,35.7,56.1,47.3,41.1,15.1,20.5,"16,008",14.4,7%,61 : 39,both
765,University of Modena and Reggio Emilia,Italy,35.7,62.2,64.1,35.8,13.6,16.4,"20,370",23.3,5%,54 : 46,both
766,University of Mohaghegh Ardabili,Iran,35.7,85.6,22.0,39.0,10.7,10.9,"14,051",35.2,3%,54 : 46,both
767,University of Palermo,Italy,35.7,58.6,48.9,35.1,15.4,13.8,"36,146",38.6,2%,56 : 44,both
768,University of Parma,Italy,35.7,57.4,63.7,42.2,15.0,13.2,"31,192",32.6,7%,59 : 41,both
769,University of Patras,Greece,35.7,71.2,56.3,33.1,16.7,15.4,"29,906",27.6,6%,52 : 48,both
770,University of Pretoria,South Africa,35.7,45.9,51.1,58.9,17.4,17.0,"35,826",20.3,6%,60 : 40,both
771,University of Rajshahi,Bangladesh,35.7,79.7,25.3,36.0,11.7,11.4,"22,189",21.2,0%,35 : 65,both
772,University of Rennes 1,France,35.7,49.8,65.8,63.6,16.1,22.9,"27,656",18.5,11%,54 : 46,both
773,University of Rhode Island,United States,35.7,61.1,56.1,59.6,16.4,17.6,"15,800",17.2,3%,58 : 42,both
774,University of Rome III,Italy,35.7,59.3,65.5,39.8,20.1,18.6,"33,599",45.0,5%,61 : 39,both
775,University of Salento,Italy,35.7,61.9,61.1,35.6,11.7,13.9,"14,383",22.6,2%,63 : 37,both
776,University of Sannio,Italy,35.7,61.1,45.5,29.6,11.4,20.0,"2,685",12.9,3%,49 : 51,both
777,University of Sargodha,Pakistan,35.7,68.7,22.9,49.8,16.7,13.6,"21,945",29.0,0%,57 : 43,both
778,University of Seoul,South Korea,35.7,45.9,47.0,32.2,21.6,26.5,"9,927",14.3,7%,42 : 58,both
779,University of Seville,Spain,35.7,52.8,66.5,42.7,19.9,17.2,"58,252",18.4,10%,57 : 43,both
780,University of South Africa,South Africa,35.7,72.5,23.0,62.0,13.5,12.0,"233,279",73.7,1%,74 : 26,both
781,University of South Wales,United Kingdom,35.7,48.4,57.5,92.3,10.8,11.9,"16,130",16.5,26%,52 : 48,both
782,University of Stavanger,Norway,35.7,66.3,26.7,79.0,9.9,21.0,"11,435",9.7,14%,58 : 42,both
783,University of Sulaimani,Iraq,35.7,83.5,17.4,42.3,8.9,15.3,"25,079",12.4,0%,60 : 40,both
784,University of Texas at El Paso,United States,35.7,50.3,52.6,58.8,26.3,17.1,"16,926",21.7,6%,56 : 44,both
785,University of the Basque Country,Spain,35.7,62.2,58.2,45.6,13.2,18.3,"41,749",14.9,5%,60 : 40,both
786,University of the Sunshine Coast,Australia,35.7,52.9,29.0,68.1,19.5,12.8,"10,988",28.4,14%,70 : 30,both
787,University of Trieste,Italy,35.7,51.5,62.3,52.3,16.7,22.0,"17,589",24.9,7%,57 : 43,both
788,University of Udine,Italy,35.7,69.4,54.0,40.7,12.2,16.4,"12,130",17.2,5%,55 : 45,both
789,University of Ulsan,South Korea,35.7,57.3,63.7,26.5,19.8,18.2,"11,901",10.7,3%,46 : 54,both
790,University of Valencia,Spain,35.7,59.5,64.5,50.9,19.6,13.7,"50,437",13.9,14%,59 : 41,both
791,University of Vigo,Spain,35.7,51.8,57.8,45.9,14.4,15.4,"17,545",15.0,6%,51 : 49,both
792,University of Waikato,New Zealand,35.7,49.9,56.1,84.1,15.4,19.9,"10,117",19.9,27%,62 : 38,both
793,University of Wyoming,United States,35.7,61.4,57.7,39.7,15.5,21.9,"9,817",13.8,4%,52 : 48,both
794,Wake Forest University,United States,35.7,55.1,77.8,44.4,12.4,22.0,"8,366",4.1,10%,55 : 45,both
795,Wayne State University,United States,35.7,53.6,73.7,57.2,14.5,22.4,"21,340",12.6,5%,60 : 40,both
796,Western Michigan University,United States,35.7,68.3,43.1,59.7,10.7,15.6,"15,111",20.0,8%,54 : 46,both
797,Yıldız Technical University,Turkey,35.7,50.6,65.0,42.8,16.8,17.7,"20,928",22.6,13%,43 : 57,both
798,Yuan Ze University,Taiwan,35.7,50.3,84.3,44.7,18.7,13.5,"6,450",22.2,10%,43 : 57,both
799,Zhejiang Gongshang University,China,35.7,73.8,40.9,37.3,12.2,18.6,"18,820",12.6,5%,58 : 42,both
800,Zhejiang Sci-Tech University,China,35.7,59.3,75.0,23.8,15.8,11.7,"28,628",15.8,2%,47 : 53,both
801,Abdelmalek Essaâdi University,Morocco,30.4,61.6,23.6,31.4,15.3,14.3,"117,968",85.8,1%,53 : 47,both
802,Al-Balqa Applied University,Jordan,30.4,63.9,19.8,47.7,8.4,8.2,"24,118",23.9,3%,59 : 41,both
803,Alzahra University,Iran,30.4,50.2,28.7,21.6,18.2,16.5,"10,105",28.5,2%,100 : 0,both
804,Al-Zaytoonah University of Jordan,Jordan,30.4,60.3,17.5,49.0,10.4,10.1,"8,663",27.0,31%,49 : 51,both
805,American International University – Bangladesh,Bangladesh,30.4,74.8,24.9,29.9,8.5,10.9,"10,909",20.7,1%,24 : 76,both
806,American University of Beirut,Lebanon,30.4,40.3,59.8,51.0,13.2,20.4,"8,100",8.5,19%,49 : 51,both
807,Azarbaijan Shahid Madani University,Iran,30.4,66.7,23.4,31.7,11.6,9.8,"6,822",16.4,2%,61 : 39,both
808,Belgorod State National Research University,Russian Federation,30.4,26.7,50.5,37.5,20.5,24.9,"15,545",17.2,23%,59 : 41,both
809,Bharath Institute of Higher Education and Research,India,30.4,57.4,19.2,41.0,6.6,14.2,"22,742",13.6,2%,56 : 44,both
810,Birla Institute of Technology,India,30.4,56.0,27.4,20.2,12.5,14.1,"6,110",19.5,0%,27 : 73,both
811,Bolu Abant Izzet Baysal University,Turkey,30.4,65.6,19.6,48.0,7.9,10.0,"24,605",24.1,13%,56 : 44,both
812,Bozok University,Turkey,30.4,64.9,20.2,47.6,6.9,16.5,"14,885",15.9,9%,50 : 50,both
813,BRAC University,Bangladesh,30.4,64.2,18.9,28.0,11.3,8.5,"16,494",18.3,0%,43 : 57,both
814,Brno University of Technology,Czechia,30.4,41.3,36.7,55.3,16.6,21.6,"17,834",15.1,26%,28 : 72,both
815,Bu-Ali Sina University,Iran,30.4,58.8,35.3,24.1,15.6,11.8,"10,659",22.4,1%,60 : 40,both
816,Budapest University of Technology and Economics,Hungary,30.4,40.5,54.9,38.6,16.3,20.1,"18,440",16.8,14%,30 : 70,both
817,Campus Bio-Medico University of Rome,Italy,30.4,48.0,33.7,25.3,14.1,15.9,"2,438",13.9,2%,61 : 39,both
818,Changzhou University,China,30.4,56.8,59.8,20.6,12.2,16.3,"24,055",14.8,1%,,both
819,Chittagong University of Engineering & Technology,Bangladesh,30.4,72.2,21.0,31.9,7.6,7.6,"5,935",17.6,0%,23 : 77,both
820,Christ University,India,30.4,69.4,17.3,24.3,9.2,12.7,"30,965",18.8,1%,51 : 49,both
821,Chungbuk National University,South Korea,30.4,41.4,58.9,25.1,20.8,18.7,"12,764",13.9,7%,44 : 56,both
822,Clarkson University,United States,30.4,34.3,67.0,54.1,13.8,20.1,"3,811",14.8,10%,35 : 65,both
823,Covenant University,Nigeria,30.4,45.2,49.4,50.4,14.8,10.3,"8,542",17.0,0%,41 : 59,both
824,Cyprus University of Technology,Cyprus,30.4,47.7,27.0,60.2,13.8,17.7,"3,592",17.1,14%,57 : 43,both
825,Czech Technical University in Prague,Czechia,30.4,28.4,49.6,50.2,17.8,27.1,"15,526",8.6,20%,30 : 70,both
826,Czech University of Life Sciences Prague (CZU),Czechia,30.4,39.8,39.8,60.2,11.6,17.9,"18,465",18.0,28%,49 : 51,both
827,Delhi Technological University,India,30.4,61.3,29.3,20.1,13.8,16.3,"15,127",23.8,3%,18 : 82,both
828,Democritus University of Thrace,Greece,30.4,56.6,30.0,28.8,11.1,12.4,"22,339",38.1,4%,57 : 43,both
829,DIT University,India,30.4,76.4,15.7,27.3,8.3,9.1,"4,859",20.4,3%,27 : 73,both
830,Dr B.R. Ambedkar National Institute of Technology Jalandhar,India,30.4,64.9,19.9,18.9,12.6,16.4,"5,247",21.6,0%,24 : 76,both
831,Erciyes University,Turkey,30.4,57.0,42.4,30.2,11.7,12.7,"48,245",33.6,6%,47 : 53,both
832,Federal University of São Carlos,Brazil,30.4,43.5,45.0,32.8,15.0,19.6,"20,250",14.2,1%,50 : 50,both
833,Federal University of Technology Akure,Nigeria,30.4,53.1,18.1,49.9,8.7,12.0,"19,186",21.9,0%,27 : 73,both
834,Firat University,Turkey,30.4,74.6,25.5,33.4,7.8,9.6,"38,169",23.8,6%,65 : 35,both
835,Florida Institute of Technology,United States,30.4,40.2,40.7,58.0,12.3,17.5,"6,270",20.2,22%,48 : 52,both
836,Fujian Agriculture and Forestry University,China,30.4,71.1,32.0,28.3,8.7,10.3,"32,192",18.1,1%,52 : 48,both
837,Gabriele d‘Annunzio University,Italy,30.4,50.7,35.8,33.7,15.5,12.2,"22,405",29.6,2%,65 : 35,both
838,Georgia Southern University,United States,30.4,54.8,35.3,42.8,10.9,7.8,"21,448",18.3,3%,59 : 41,both
839,German Jordanian University,Jordan,30.4,46.8,21.6,69.7,8.6,11.9,"3,045",10.1,16%,39 : 61,both
840,Ghulam Ishaq Khan Institute of Engineering Sciences and Technology,Pakistan,30.4,57.3,25.0,50.7,12.0,13.7,"2,171",17.1,0%,12 : 88,both
841,Guru Ghasidas Vishwavidyalaya,India,30.4,65.4,18.9,21.5,7.9,11.5,"9,878",23.0,0%,38 : 62,both
842,Hacettepe University,Turkey,30.4,39.9,74.3,30.2,15.5,13.1,"42,712",23.4,3%,59 : 41,both
843,Hellenic Open University,Greece,30.4,59.9,16.0,29.1,6.3,15.3,"20,265",7.0,1%,59 : 41,both
844,HSE University,Russian Federation,30.4,39.1,42.8,39.6,14.9,14.8,"36,596",19.6,12%,,both
845,Huaqiao University,China,30.4,49.5,38.4,49.8,10.7,11.8,"34,465",17.5,20%,50 : 50,both
846,Hungarian University of Agriculture and Life Sciences,Hungary,30.4,53.1,18.4,63.9,9.3,20.4,"9,202",10.9,15%,53 : 47,both
847,Ibn Khaldoun University,Algeria,30.4,60.6,15.9,37.6,6.6,11.8,"27,301",24.1,0%,64 : 36,both
848,Immanuel Kant Baltic Federal University,Russian Federation,30.4,18.9,51.1,76.1,16.8,28.6,"6,514",16.9,19%,59 : 41,both
849,Incheon National University,South Korea,30.4,48.7,47.5,27.1,16.0,14.3,"17,305",21.1,3%,38 : 62,both
850,Indian Institute of Technology Gandhinagar,India,30.4,35.2,30.8,28.1,19.1,21.9,"2,014",13.4,1%,28 : 72,both
851,Indian Institute of Technology Mandi,India,30.4,47.3,23.5,29.2,12.0,18.6,"2,288",13.2,1%,25 : 75,both
852,Indian Institute of Technology Ropar,India,30.4,49.8,28.5,23.3,16.4,26.4,"2,616",15.4,1%,24 : 76,both
853,Indraprastha Institute of Information Technology Delhi,India,30.4,50.5,28.0,39.8,9.9,19.5,"2,858",22.7,5%,20 : 80,both
854,ISCTE-University Institute of Lisbon,Portugal,30.4,62.5,29.4,36.0,13.7,10.5,"10,680",25.9,17%,52 : 48,both
855,Istanbul Medipol University,Turkey,30.4,53.4,29.1,62.1,9.2,8.7,"25,201",32.4,23%,65 : 35,both
856,Jadavpur University,India,30.4,50.4,46.7,19.9,15.4,23.9,"12,952",18.9,0%,30 : 70,both
857,Jaume I University,Spain,30.4,51.3,50.8,42.8,12.8,15.1,"12,050",14.8,10%,58 : 42,both
858,Jiangsu Normal University,China,30.4,61.3,42.3,27.5,13.3,10.5,"27,758",14.6,1%,,both
859,Karabük University,Turkey,30.4,61.1,17.4,48.9,7.6,9.3,"46,066",40.1,27%,41 : 59,both
860,Karunya Institute of Technology and Sciences,India,30.4,65.3,22.0,25.6,11.4,16.4,"7,625",15.0,0%,37 : 63,both
861,Kaunas University of Technology,Lithuania,30.4,47.1,40.9,45.0,11.9,17.9,"7,618",13.2,9%,35 : 65,both
862,Kharazmi University,Iran,30.4,56.4,30.3,32.3,14.3,13.8,"12,871",17.2,4%,54 : 46,both
863,Khon Kaen University,Thailand,30.4,59.6,38.2,29.6,13.6,14.8,"32,679",17.1,2%,62 : 38,both
864,Khulna University,Bangladesh,30.4,60.1,20.7,40.6,9.6,14.5,"6,524",12.6,0%,43 : 57,both
865,Khulna University of Engineering and Technology (KUET),Bangladesh,30.4,69.6,20.0,33.9,8.3,9.1,"7,103",17.5,0%,20 : 80,both
866,King Mongkut's University of Technology North Bangkok,Thailand,30.4,62.3,43.9,32.8,11.4,11.7,"27,846",22.7,0%,40 : 60,both
867,Kingston University,United Kingdom,30.4,51.8,38.1,94.6,9.3,11.1,"15,800",20.4,44%,59 : 41,both
868,Kookmin University,South Korea,30.4,30.8,77.7,25.3,19.0,12.9,"16,080",18.1,12%,50 : 50,both
869,Kyushu Institute of Technology (Kyutech),Japan,30.4,34.0,56.4,38.3,15.3,19.8,"5,619",15.9,5%,14 : 86,both
870,Ladoke Akintola University of Technology,Nigeria,30.4,61.9,19.6,41.5,7.1,8.4,"33,331",48.5,0%,50 : 50,both
871,Landmark University,Nigeria,30.4,65.5,20.3,38.3,12.6,8.8,"3,243",14.5,0%,33 : 67,both
872,London South Bank University,United Kingdom,30.4,52.3,26.2,93.3,9.8,12.3,"14,565",17.0,38%,56 : 44,both
873,Maharishi Markandeshwar University (MMU),India,30.4,68.7,17.0,29.7,7.2,15.7,"10,646",12.4,7%,43 : 57,both
874,Mahidol University,Thailand,30.4,37.8,47.0,36.6,17.4,14.0,"28,570",7.5,5%,63 : 37,both
875,Manav Rachna International Institute of Research and Studies,India,30.4,56.9,17.6,21.5,8.5,24.6,"4,686",11.0,1%,48 : 52,both
876,Manipal Academy of Higher Education,India,30.4,45.6,31.7,38.6,11.7,17.2,"23,947",8.6,12%,47 : 53,both
877,Mirpur University of Science and Technology,Pakistan,30.4,62.5,16.7,49.9,7.5,7.7,"13,312",37.2,0%,51 : 49,both
878,Mohammed V University of Rabat,Morocco,30.4,55.6,41.1,30.3,14.1,19.5,"87,176",38.9,3%,55 : 45,both
879,Moscow Aviation Institute,Russian Federation,30.4,26.0,48.3,35.7,18.7,29.8,"15,552",12.3,12%,26 : 74,both
880,Moulay Ismail University,Morocco,30.4,68.7,21.4,29.4,13.7,12.0,"80,794",72.0,0%,54 : 46,both
881,Mutah University,Jordan,30.4,59.1,26.8,50.5,11.1,12.9,"10,123",14.2,19%,56 : 44,both
882,Nagoya Institute of Technology,Japan,30.4,26.8,68.3,34.0,18.7,17.2,"5,736",16.2,5%,17 : 83,both
883,National Autonomous University of Mexico,Mexico,30.4,28.3,67.2,52.9,19.3,18.8,"175,968",16.5,5%,52 : 48,both
884,National Chin-Yi University of Technology,Taiwan,30.4,36.6,51.1,36.5,22.0,11.8,"7,574",22.7,8%,31 : 69,both
885,National Chung Cheng University,Taiwan,30.4,40.4,75.9,24.7,17.3,15.7,"9,145",16.3,4%,45 : 55,both
886,National Dong Hwa University,Taiwan,30.4,35.3,59.2,45.3,24.9,14.9,"10,011",18.2,9%,52 : 48,both
887,"National Institute of Technology, Raipur",India,30.4,66.4,21.1,17.9,9.5,17.0,"5,306",19.4,0%,24 : 76,both
888,"National Institute of Technology, Tiruchirappalli",India,30.4,51.8,30.2,22.6,16.0,26.2,"7,385",17.8,2%,24 : 76,both
889,National Textile University,Pakistan,30.4,54.9,20.0,44.9,10.5,12.1,"4,125",20.6,0%,28 : 72,both
890,New Mexico State University (Main campus),United States,30.4,37.4,56.2,49.7,18.6,18.5,"11,900",15.7,5%,58 : 42,both
891,Nnamdi Azikiwe University,Nigeria,30.4,61.1,17.3,31.1,6.8,13.4,"42,246",15.9,0%,55 : 45,both
892,Norwegian University of Life Sciences,Norway,30.4,44.9,31.6,63.8,9.6,19.7,"6,860",7.1,10%,56 : 44,both
893,Novosibirsk State University,Russian Federation,30.4,32.2,51.1,37.5,27.9,22.2,"7,196",6.7,21%,,both
894,Oakland University,United States,30.4,39.5,54.0,56.0,13.5,17.1,"13,744",15.8,4%,58 : 42,both
895,Old Dominion University,United States,30.4,49.1,41.0,42.8,13.4,18.9,"17,943",16.5,3%,57 : 43,both
896,Opole University of Technology,Poland,30.4,49.9,19.5,39.1,11.1,15.6,"4,740",14.1,8%,29 : 71,both
897,Osaka Metropolitan University,Japan,30.4,27.5,79.7,24.8,17.2,18.1,"15,750",11.5,4%,37 : 63,both
898,Osmania University,India,30.4,46.1,26.5,25.4,11.8,20.2,"10,097",23.0,3%,40 : 60,both
899,Polytechnic Institute of Porto,Portugal,30.4,53.7,26.6,28.5,10.2,12.9,"20,294",17.4,6%,47 : 53,both
900,Pondicherry University,India,30.4,49.0,54.6,27.3,18.3,18.2,"9,199",21.3,0%,45 : 55,both
901,Pontifícia Universidade Católica do Paraná,Brazil,30.4,53.8,29.0,32.4,9.1,15.7,"11,675",13.8,1%,55 : 45,both
902,Portland State University,United States,30.4,40.2,53.5,54.9,17.9,17.2,"17,841",20.2,6%,58 : 42,both
903,Prince of Songkla University,Thailand,30.4,45.2,54.8,34.6,16.2,12.9,"33,413",12.9,2%,69 : 31,both
904,Public University of Navarre,Spain,30.4,43.8,43.5,41.3,10.0,17.7,"8,413",11.5,7%,52 : 48,both
905,Rajshahi University of Engineering and Technology,Bangladesh,30.4,64.8,16.9,37.2,7.4,9.9,"6,148",16.4,0%,28 : 72,both
906,Razi University,Iran,30.4,57.3,42.8,30.8,14.5,15.0,"11,014",23.6,4%,60 : 40,both
907,Recep Tayyip Erdoğan University,Turkey,30.4,69.0,18.5,28.6,9.3,8.1,"13,047",17.1,4%,72 : 28,both
908,Reykjavík University,Iceland,30.4,47.1,24.4,61.8,14.3,13.7,"2,979",23.9,6%,44 : 56,both
909,Riga Technical University,Latvia,30.4,36.1,51.3,59.0,18.1,19.4,"10,907",31.3,26%,35 : 65,both
910,Ritsumeikan University,Japan,30.4,42.5,48.4,39.1,14.8,17.0,"35,421",17.7,9%,37 : 63,both
911,RUDN University,Russian Federation,30.4,46.4,29.5,75.8,17.8,14.1,"26,040",18.2,33%,58 : 42,both
912,Sahand University of Technology,Iran,30.4,57.9,37.8,26.8,10.4,17.5,"5,400",27.3,2%,43 : 57,both
913,Saint Louis University,United States,30.4,36.1,42.9,51.6,15.2,18.9,"11,075",7.3,6%,61 : 39,both
914,Sakarya University,Turkey,30.4,74.0,24.4,37.4,8.5,9.8,"38,659",23.8,9%,51 : 49,both
915,Salahaddin University–Erbil,Iraq,30.4,59.6,17.2,39.5,7.1,13.9,"35,896",15.8,1%,39 : 61,both
916,San Diego State University,United States,30.4,52.0,57.0,44.8,9.5,13.8,"31,770",26.8,5%,58 : 42,both
917,Sathyabama Institute of Science and Technology,India,30.4,55.6,19.8,28.8,9.1,16.7,"16,555",11.9,4%,50 : 50,both
918,Semnan University,Iran,30.4,66.0,26.7,24.7,11.8,16.8,"14,702",22.9,3%,53 : 47,both
919,Seoul National University of Science and Technology (SeoulTech),South Korea,30.4,35.7,51.9,25.8,18.0,21.7,"8,569",12.9,11%,37 : 63,both
920,Shahid Bahonar University of Kerman,Iran,30.4,59.4,27.4,27.0,14.3,15.4,"13,458",22.5,1%,60 : 40,both
921,Shahrood University of Technology,Iran,30.4,57.6,22.2,34.3,12.2,17.0,"8,778",21.3,5%,45 : 55,both
922,Sheffield Hallam University,United Kingdom,30.4,43.9,36.0,90.5,9.1,16.3,"26,060",17.1,18%,55 : 45,both
923,Shinshu University,Japan,30.4,36.7,69.6,41.4,15.6,13.3,"10,605",10.4,3%,32 : 68,both
924,Shiv Nadar University,India,30.4,46.5,21.0,40.6,6.3,23.4,"2,881",9.2,2%,39 : 61,both
925,Siberian Federal University,Russian Federation,30.4,33.7,53.4,49.8,14.9,17.3,"9,377",18.1,13%,50 : 50,both
926,Sidi Mohamed Ben Abdellah University,Morocco,30.4,67.5,20.2,29.3,12.0,16.3,"99,073",57.4,1%,50 : 50,both
927,Silesian University of Technology,Poland,30.4,40.4,31.3,31.0,14.3,20.5,"16,622",11.2,5%,31 : 69,both
928,Soonchunhyang University,South Korea,30.4,45.7,43.6,37.3,12.5,12.5,"8,847",18.8,6%,51 : 49,both
929,Southern Federal University,Russian Federation,30.4,34.8,58.1,47.9,18.7,17.6,"20,855",12.9,13%,56 : 44,both
930,Southern Illinois University Carbondale,United States,30.4,49.3,52.1,47.7,10.9,19.6,"9,415",12.3,6%,52 : 48,both
931,Southwest Petroleum University,China,30.4,47.2,72.0,22.3,13.1,13.7,"40,801",19.2,1%,34 : 66,both
932,Suez Canal University,Egypt,30.4,59.9,34.6,53.1,9.2,11.1,"48,764",14.1,1%,55 : 45,both
933,Tamkang University,Taiwan,30.4,51.2,43.6,38.2,9.5,10.8,"22,492",18.1,8%,47 : 53,both
934,Texas State University,United States,30.4,48.7,43.9,69.5,14.6,12.8,"30,792",19.9,1%,61 : 39,both
935,Thammasat University,Thailand,30.4,37.7,47.3,40.6,19.9,18.1,"29,481",10.9,2%,64 : 36,both
936,The Hashemite University,Jordan,30.4,63.1,26.1,64.9,9.5,10.5,"18,207",21.5,17%,62 : 38,both
937,The Open University,United Kingdom,30.4,50.3,29.7,65.7,7.5,14.9,"83,185",30.9,9%,66 : 34,both
938,The University of Electro-Communications,Japan,30.4,30.4,56.3,36.4,16.1,18.9,"4,654",14.7,5%,13 : 87,both
939,The University of Jordan,Jordan,30.4,60.8,27.7,57.3,10.1,13.1,"25,265",10.6,23%,69 : 31,both
940,Toyohashi University of Technology (TUT),Japan,30.4,25.4,71.7,42.6,15.3,22.5,"1,986",10.5,14%,13 : 87,both
941,Toyota Technological Institute,Japan,30.4,43.4,58.6,32.3,14.0,18.8,508,10.0,1%,8 : 92,both
942,UiT The Arctic University of Norway,Norway,30.4,48.0,30.4,67.4,10.1,17.6,"15,578",10.7,8%,59 : 41,both
943,Universidade Estadual Paulista (Unesp),Brazil,30.4,39.1,45.5,39.8,18.6,26.3,"36,463",12.6,4%,51 : 49,both
944,Universidade Federal do Ceará (UFC),Brazil,30.4,43.0,55.6,35.1,13.8,15.5,"40,383",19.5,1%,45 : 55,both
945,Universitas Gadjah Mada,Indonesia,30.4,27.7,54.3,35.5,16.8,21.6,"42,964",8.5,4%,58 : 42,both
946,Universitat Ramon Llull,Spain,30.4,59.3,46.2,50.6,9.8,9.8,"16,113",20.6,23%,46 : 54,both
947,Université Chouaïb Doukkali,Morocco,30.4,52.4,24.5,33.2,18.7,10.6,"27,031",38.0,2%,58 : 42,both
948,Université d’Orléans,France,30.4,36.8,45.8,66.0,11.4,13.8,"18,293",19.7,14%,50 : 50,both
949,Université Hassan II de Casablanca,Morocco,30.4,64.5,19.6,28.8,7.7,12.5,"126,408",34.9,2%,54 : 46,both
950,Universiti Tunku Abdul Rahman (UTAR),Malaysia,30.4,48.5,35.8,43.2,13.0,14.2,"16,339",12.8,10%,56 : 44,both
951,University of Alcalá,Spain,30.4,44.6,48.4,53.3,12.0,15.9,"16,794",11.6,18%,58 : 42,both
952,University of Al-Qadisiyah,Iraq,30.4,59.1,16.0,37.5,6.5,14.7,"24,634",14.5,0%,52 : 48,both
953,University of Azad Jammu and Kashmir,Pakistan,30.4,61.1,17.8,49.9,13.1,12.0,"6,532",23.7,0%,64 : 36,both
954,University of Bergamo,Italy,30.4,56.1,41.6,34.9,11.5,12.6,"21,445",47.8,6%,62 : 38,both
955,University of Campania Luigi Vanvitelli,Italy,30.4,55.0,39.5,28.4,8.1,16.6,"32,690",26.9,2%,46 : 54,both
956,University of Castilla-La Mancha,Spain,30.4,51.5,43.2,47.2,11.1,20.8,"25,094",13.9,9%,57 : 43,both
957,"University of Chemistry and Technology, Prague",Czechia,30.4,34.2,49.0,55.8,13.3,22.7,"4,505",9.5,29%,57 : 43,both
958,University of Chile,Chile,30.4,44.4,43.2,53.9,13.0,16.5,"39,966",16.9,3%,51 : 49,both
959,University of Chittagong,Bangladesh,30.4,58.7,26.1,57.8,7.8,13.4,"29,339",25.0,0%,39 : 61,both
960,University of Clermont Auvergne,France,30.4,40.0,62.7,72.8,13.2,14.6,"36,541",21.0,15%,58 : 42,both
961,"University of Engineering and Technology, Peshawar",Pakistan,30.4,58.2,22.0,49.6,8.7,17.2,"11,862",27.8,1%,9 : 91,both
962,University of Engineering & Technology (UET) Lahore,Pakistan,30.4,49.9,21.4,51.3,9.4,16.1,"12,720",12.5,2%,29 : 71,both
963,University of Ilorin,Nigeria,30.4,62.0,17.6,40.2,7.2,10.3,"48,837",36.3,0%,48 : 52,both
964,University of Indonesia,Indonesia,30.4,28.8,55.0,60.5,18.0,28.7,"39,882",7.8,18%,74 : 26,both
965,University of Isfahan,Iran,30.4,61.0,37.8,31.4,12.4,15.5,"17,385",24.1,8%,58 : 42,both
966,University of Kurdistan,Iran,30.4,65.0,28.2,33.4,12.5,9.7,"12,131",30.3,5%,55 : 45,both
967,University of Ljubljana,Slovenia,30.4,39.1,65.5,39.3,14.0,18.4,"39,010",13.2,9%,60 : 40,both
968,University of Lucknow,India,30.4,65.1,23.4,29.4,11.1,13.4,"18,768",26.1,2%,48 : 52,both
969,University of Malta,Malta,30.4,43.6,28.1,43.3,10.9,20.6,"9,966",12.2,17%,61 : 39,both
970,University of Maragheh,Iran,30.4,69.6,23.8,38.9,13.2,6.6,"3,598",23.5,3%,56 : 44,both
971,University of Mascara,Algeria,30.4,59.2,7.5,47.1,6.8,11.7,"20,688",21.1,0%,62 : 38,both
972,University of Mazandaran,Iran,30.4,64.1,33.6,26.9,13.8,8.5,"12,336",28.1,4%,63 : 37,both
973,University of Monastir,Tunisia,30.4,54.8,29.7,47.4,13.9,18.8,"21,342",9.4,1%,69 : 31,both
974,University of Mysore,India,30.4,52.8,30.6,37.7,15.5,13.6,"10,260",23.4,7%,33 : 67,both
975,University of Navarra,Spain,30.4,29.2,66.5,49.8,18.8,23.9,"12,424",14.7,29%,54 : 46,both
976,"University of Nevada, Las Vegas",United States,30.4,39.9,48.8,41.7,17.3,15.2,"27,489",23.9,3%,58 : 42,both
977,University of Qom,Iran,30.4,54.3,23.1,42.9,11.3,11.9,"11,223",38.4,30%,43 : 57,both
978,University of Rouen Normandie,France,30.4,36.4,55.6,58.9,15.4,9.8,"31,760",24.9,14%,60 : 40,both
979,University of Salamanca,Spain,30.4,48.4,39.3,48.8,13.4,14.9,"25,098",14.6,16%,61 : 39,both
980,University of Santiago de Compostela,Spain,30.4,44.5,50.4,50.8,12.6,22.5,"24,832",14.3,8%,62 : 38,both
981,University of Savoie Mont Blanc,France,30.4,41.5,62.3,51.9,13.3,12.3,"13,962",26.9,10%,50 : 50,both
982,University of Sfax,Tunisia,30.4,47.2,34.7,46.2,12.4,18.8,"32,390",12.5,3%,67 : 33,both
983,University of Shanghai for Science and Technology,China,30.4,49.9,38.3,25.3,8.7,15.8,"27,612",10.6,1%,45 : 55,both
984,University of Szeged,Hungary,30.4,37.1,55.5,55.5,18.0,15.6,"19,881",12.3,20%,56 : 44,both
985,University of Technology of Compiègne,France,30.4,29.2,50.1,79.1,10.5,22.8,"4,296",15.9,19%,41 : 59,both
986,University of the Balearic Islands,Spain,30.4,45.0,35.6,49.2,13.1,14.4,"12,240",9.4,8%,60 : 40,both
987,University of Zaragoza,Spain,30.4,43.3,66.7,41.3,13.2,18.6,"28,232",11.1,8%,54 : 46,both
988,Ural Federal University,Russian Federation,30.4,42.0,34.2,49.5,18.7,13.7,"29,811",15.6,16%,52 : 48,both
989,"Vels Institute of Science, Technology and Advanced Studies (VISTAS)",India,30.4,67.0,16.3,21.7,8.5,19.0,"15,625",20.3,0%,32 : 68,both
990,"Vietnam National University, Hanoi",Vietnam,30.4,37.5,29.3,63.4,13.8,17.3,"64,921",18.9,0%,61 : 39,both
991,Vinayaka Mission’s Research Foundation,India,30.4,68.6,15.7,20.3,6.4,14.1,"13,458",8.2,0%,40 : 60,both
992,VSB - Technical University of Ostrava,Czechia,30.4,34.3,32.0,47.0,16.9,21.0,"11,490",15.3,13%,34 : 66,both
993,Warsaw University of Technology,Poland,30.4,30.5,50.4,31.0,21.8,25.3,"22,996",10.9,8%,32 : 68,both
994,Wrocław University of Science and Technology,Poland,30.4,35.7,51.8,29.6,16.2,17.7,"21,269",18.9,7%,33 : 67,both
995,Wuhan Textile University,China,30.4,64.3,48.5,24.4,10.3,14.1,"23,955",15.6,1%,50 : 50,both
996,Xiangtan University,China,30.4,62.9,48.7,21.7,11.1,10.2,"36,578",20.5,0%,49 : 51,both
997,Yanshan University,China,30.4,46.2,46.5,21.2,11.0,16.9,"39,528",13.0,1%,37 : 63,both
998,Yarmouk University,Jordan,30.4,62.8,27.0,58.7,9.1,9.7,"23,499",21.5,13%,57 : 43,both
999,Yasouj University,Iran,30.4,58.6,25.8,22.8,12.8,7.8,"5,873",25.6,1%,56 : 44,both
1000,Yazd University,Iran,30.4,50.5,26.3,36.1,11.8,14.5,"13,649",29.9,3%,57 : 43,both
1000,Yokohama National University,Japan,30.4,24.9,80.5,35.0,19.1,26.2,"9,568",13.7,8%,28 : 72,both
1000,ZHAW Zurich University of Applied Sciences,Switzerland,30.4,43.8,41.5,62.9,11.1,17.3,"10,946",12.2,11%,52 : 48,both
1000,Zewail City of Science and Technology,Egypt,30.4,53.2,27.6,36.8,12.4,16.1,"1,094",10.0,0%,47 : 53,both
1001,Acharya Nagarjuna University,India,25.5,35.0,22.1,27.1,8.5,24.5,"6,220",7.6,7%,32 : 68,both
1002,Al-Farabi Kazakh National University,Kazakhstan,25.5,22.8,17.4,72.1,8.1,20.0,"19,546",4.8,28%,53 : 47,both
1003,Al-Nahrain University,Iraq,25.5,48.7,17.6,27.0,7.9,15.9,"7,404",7.0,0%,58 : 42,both
1004,Ankara University,Turkey,25.5,44.2,31.6,35.1,10.1,14.6,"11,319",6.7,6%,56 : 44,both
1005,Ankara Yildirim Beyazit University,Turkey,25.5,49.2,18.0,36.7,8.6,10.9,"23,081",22.3,11%,56 : 44,both
1006,An-Najah National University,Palestine,25.5,44.5,25.9,64.7,9.3,8.2,"24,995",24.5,12%,66 : 34,both
1007,"Arab Academy for Science, Technology and Maritime Transport",Egypt,25.5,39.6,20.4,50.1,9.7,17.1,"35,916",12.6,9%,32 : 68,both
1008,Arak University,Iran,25.5,41.1,26.5,29.8,11.9,9.2,"6,722",16.2,12%,58 : 42,both
1009,Atılım University,Turkey,25.5,39.9,22.1,51.5,7.5,10.6,"9,249",12.9,9%,41 : 59,both
1010,Badji Mokhtar University – Annaba,Algeria,25.5,26.3,19.1,37.2,8.0,21.1,"33,857",10.0,2%,71 : 29,both
1011,Baku State University,Azerbaijan,25.5,22.4,20.3,41.9,14.0,17.2,"22,120",12.6,2%,61 : 39,both
1012,"Balochistan University of Information Technology, Engineering and Management Sciences (BUITEMS)",Pakistan,25.5,53.8,16.7,50.2,7.9,11.2,"11,687",17.0,0%,25 : 75,both
1013,Institut Teknologi Bandung,Indonesia,25.5,33.6,31.9,37.4,16.1,20.4,"28,650",16.3,4%,44 : 56,both
1014,Bayero University,Nigeria,25.5,52.7,17.2,49.9,7.1,11.4,"37,377",22.3,0%,37 : 63,both
1015,Belarusian State University,Belarus,25.5,18.2,64.5,52.5,13.7,17.3,"23,445",7.9,22%,58 : 42,both
1016,BINUS University,Indonesia,25.5,31.9,21.3,32.4,18.4,15.4,"15,211",14.1,4%,41 : 59,both
1017,Botswana International University of Science and Technology (BIUST),Botswana,25.5,40.9,17.4,74.9,10.1,12.7,"2,231",10.4,10%,36 : 64,both
1018,B. S. Abdur Rahman Crescent Institute of Science and Technology,India,25.5,47.5,22.5,25.3,7.7,17.3,"8,863",17.0,0%,30 : 70,both
1019,Bursa Uludağ University,Turkey,25.5,37.2,25.7,29.4,8.8,12.2,"37,309",21.6,10%,50 : 50,both
1020,Chaoyang University of Technology,Taiwan,25.5,36.9,49.1,42.0,16.4,9.5,"13,287",34.8,6%,59 : 41,both
1021,Chiba University,Japan,25.5,22.7,65.1,36.2,12.7,21.3,"13,711",8.3,6%,38 : 62,both
1022,Chosun University,South Korea,25.5,32.6,77.5,25.1,13.7,12.8,"19,747",25.2,3%,48 : 52,both
1023,Cochin University of Science and Technology,India,25.5,30.2,36.3,23.5,14.1,24.4,"4,485",14.8,2%,57 : 43,both
1024,Cracow University of Technology,Poland,25.5,35.9,28.7,28.1,12.3,17.8,"12,501",11.0,5%,38 : 62,both
1025,Cukurova University,Turkey,25.5,38.6,33.9,28.7,8.9,12.0,"36,514",16.6,4%,45 : 55,both
1026,Damghan University,Iran,25.5,51.5,22.1,26.9,10.1,8.7,"4,749",15.8,0%,62 : 38,both
1027,Dankook University,South Korea,25.5,30.8,57.4,22.3,15.6,11.9,"26,348",24.3,5%,54 : 46,both
1028,Don State Technical University,Russian Federation,25.5,45.9,18.1,33.6,8.5,14.3,"26,066",13.0,12%,,both
1029,Durban University of Technology,South Africa,25.5,47.1,21.3,48.5,9.7,14.0,"26,594",33.4,1%,56 : 44,both
1030,Ege University,Turkey,25.5,34.8,46.2,28.8,10.6,14.6,"31,178",20.0,4%,54 : 46,both
1031,Federal University of Espírito Santo,Brazil,25.5,35.4,25.9,32.8,8.9,13.8,"27,464",15.0,1%,54 : 46,both
1032,Federal University of Minas Gerais,Brazil,25.5,31.3,48.5,31.7,14.4,23.1,"43,286",14.2,1%,56 : 44,both
1033,Federal University of Pelotas,Brazil,25.5,42.0,25.7,23.5,9.8,11.6,"23,543",18.1,0%,56 : 44,both
1034,Universidade Federal de Pernambuco,Brazil,25.5,23.8,36.0,27.8,8.6,19.8,"35,655",12.9,0%,51 : 49,both
1035,Federal University of Santa Maria,Brazil,25.5,44.9,29.9,29.4,8.8,21.0,"29,075",12.9,0%,54 : 46,both
1036,"Federal University of Technology, Minna",Nigeria,25.5,52.9,17.2,42.7,6.9,9.1,"25,004",23.6,0%,24 : 76,both
1037,Federal University of Uberlândia,Brazil,25.5,24.7,56.5,26.0,12.3,18.9,"24,277",13.3,1%,52 : 48,both
1038,Federico Santa María Technical University,Chile,25.5,36.2,41.8,53.2,9.8,8.5,"23,753",31.0,2%,25 : 75,both
1039,Feng Chia University,Taiwan,25.5,29.2,51.0,34.0,13.0,12.3,"20,054",23.3,6%,41 : 59,both
1040,Fu Jen Catholic University,Taiwan,25.5,29.8,75.8,31.0,16.2,10.3,"19,251",30.2,5%,59 : 41,both
1041,Gauhati University,India,25.5,38.1,34.4,21.6,15.3,18.1,"6,827",16.9,0%,53 : 47,both
1042,Gaziantep University,Turkey,25.5,40.7,20.7,41.0,8.0,10.4,"34,279",38.7,12%,36 : 64,both
1043,Gazi University,Turkey,25.5,42.1,32.7,23.4,10.2,15.0,"43,838",18.4,3%,49 : 51,both
1044,Gebze Technical University,Turkey,25.5,39.9,38.0,33.8,14.1,11.7,"10,469",34.0,2%,38 : 62,both
1045,Gifu University,Japan,25.5,17.2,55.2,32.3,12.2,15.7,"7,108",14.4,4%,38 : 62,both
1046,GITAM University,India,25.5,39.0,17.1,24.9,9.0,17.0,"25,876",12.5,1%,38 : 62,both
1047,Glasgow Caledonian University,United Kingdom,25.5,33.9,29.1,81.6,8.4,12.4,"15,255",24.0,21%,58 : 42,both
1048,GMR Institute of Technology,India,25.5,45.2,16.7,22.4,7.4,11.8,"3,911",16.1,0%,27 : 73,both
1049,Guru Jambheshwar University of Science and Technology,India,25.5,58.9,19.1,19.8,10.1,10.6,"7,094",19.7,0%,38 : 62,both
1050,Gyeongsang National University,South Korea,25.5,38.3,54.1,25.9,13.6,16.7,"16,273",12.2,2%,44 : 56,both
1051,Hanoi University of Science and Technology,Vietnam,25.5,32.6,40.8,34.8,15.6,15.9,"37,561",34.8,0%,20 : 80,both
1052,Hassiba Benbouali University of Chlef,Algeria,25.5,35.2,26.7,38.6,7.6,12.4,"29,074",20.5,1%,69 : 31,both
1053,Helwan University,Egypt,25.5,42.5,22.0,45.0,7.3,15.3,"153,363",22.4,2%,56 : 44,both
1054,Hindustan Institute of Technology and Science,India,25.5,47.5,17.4,24.8,7.5,16.2,"7,321",11.7,2%,43 : 57,both
1055,Hongik University,South Korea,25.5,28.4,60.7,25.6,16.2,14.0,"16,028",17.5,10%,57 : 43,both
1056,Hosei University,Japan,25.5,37.8,44.4,30.1,10.4,13.4,"28,423",37.2,5%,39 : 61,both
1057,Indian Institute of Science Education and Research Bhopal,India,25.5,33.9,22.9,26.8,16.0,14.3,"2,053",14.2,0%,36 : 64,both
1058,Indira Gandhi Delhi Technical University for Women,India,25.5,40.7,17.0,17.9,8.3,11.6,"3,375",37.5,0%,100 : 0,both
1059,Institute of Space Technology,Pakistan,25.5,48.3,10.7,48.8,8.0,12.2,"2,301",12.2,0%,29 : 71,both
1060,Institut Teknologi Sepuluh Nopember,Indonesia,25.5,23.1,34.3,41.4,10.5,20.7,"19,974",6.2,7%,42 : 58,both
1061,International Hellenic University,Greece,25.5,47.7,21.8,28.7,7.0,6.7,"58,482",33.0,3%,44 : 56,both
1062,Istanbul University-Cerrahpaşa,Turkey,25.5,33.7,28.3,27.7,10.1,13.3,"22,381",17.7,5%,42 : 58,both
1063,Jönköping University,Sweden,25.5,41.0,18.6,49.5,9.7,13.8,"6,765",13.2,12%,60 : 40,both
1064,Kagawa University,Japan,25.5,25.7,41.9,35.0,9.5,14.2,"6,321",9.8,2%,42 : 58,both
1065,Kanazawa University,Japan,25.5,27.1,60.5,33.2,14.4,19.8,"10,229",9.8,6%,37 : 63,both
1066,Kangwon National University,South Korea,25.5,37.5,54.3,23.1,17.4,13.9,"20,159",19.9,3%,41 : 59,both
1067,Karadeniz Technical University,Turkey,25.5,42.4,37.9,26.8,9.8,11.5,"24,284",11.2,7%,49 : 51,both
1068,Karpagam Academy of Higher Education,India,25.5,55.0,16.4,24.7,7.5,15.0,"9,800",13.7,0%,30 : 70,both
1069,Kasetsart University,Thailand,25.5,35.3,38.7,29.3,10.0,12.6,"69,973",18.1,1%,62 : 38,both
1070,King Mongkut’s Institute of Technology Ladkrabang,Thailand,25.5,24.2,68.0,35.1,18.4,14.1,"25,883",22.3,2%,51 : 49,both
1071,Kochi University of Technology,Japan,25.5,21.3,57.9,36.9,10.7,17.1,"2,580",19.2,2%,24 : 76,both
1072,Konya Technical University,Turkey,25.5,48.0,6.6,24.0,8.5,10.7,"10,490",21.9,4%,27 : 73,both
1073,Kumamoto University,Japan,25.5,22.9,66.4,43.7,14.2,18.9,"9,291",9.1,6%,38 : 62,both
1074,Kuwait University,Kuwait,25.5,27.3,31.4,55.9,8.6,16.5,"27,141",15.8,13%,70 : 30,both
1075,Kwame Nkrumah University of Science and Technology,Ghana,25.5,36.5,32.6,47.2,8.5,10.9,"75,325",48.3,1%,39 : 61,both
1076,Kyoto Institute of Technology,Japan,25.5,18.3,60.1,31.1,14.0,21.2,"3,954",14.2,5%,29 : 71,both
1077,L.N. Gumilyov Eurasian National University,Kazakhstan,25.5,49.4,16.1,53.6,9.1,8.6,"19,964",13.8,4%,48 : 52,both
1078,Lobachevsky State University of Nizhni Novgorod,Russian Federation,25.5,14.9,46.9,38.5,13.3,19.9,"20,096",10.1,13%,52 : 48,both
1079,Lodz University of Technology,Poland,25.5,30.2,46.0,31.3,12.3,16.9,"10,887",12.2,5%,39 : 61,both
1080,Londrina State University,Brazil,25.5,26.1,30.8,28.3,8.9,18.9,"19,455",10.0,1%,59 : 41,both
1081,Lublin University of Technology,Poland,25.5,40.3,24.8,39.6,12.3,15.8,"7,124",12.1,14%,28 : 72,both
1082,Mapúa University,Philippines,25.5,41.9,17.7,21.5,7.9,9.5,"8,601",23.6,1%,33 : 67,both
1083,Marmara University,Turkey,25.5,40.5,41.4,27.3,9.6,11.8,"66,083",30.3,5%,51 : 49,both
1084,"Mehran University of Engineering and Technology, Jamshoro, Pakistan",Pakistan,25.5,41.1,18.8,49.5,8.4,12.1,"9,276",20.8,0%,24 : 76,both
1085,Mendel University in Brno,Czechia,25.5,31.5,20.1,55.0,9.7,16.3,"8,773",15.6,17%,55 : 45,both
1086,Miguel Hernández University of Elche,Spain,25.5,28.3,49.9,39.5,11.1,10.3,"11,967",16.1,9%,50 : 50,both
1087,Montana State University,United States,25.5,24.1,52.3,37.5,14.6,14.2,"14,097",17.0,2%,48 : 52,both
1088,Moscow Polytechnic University,Russian Federation,25.5,51.1,20.1,33.9,12.0,13.0,"11,537",16.8,13%,38 : 62,both
1089,Moscow Power Engineering Institute,Russian Federation,25.5,20.6,46.1,37.3,15.8,21.8,"14,402",20.0,14%,34 : 66,both
1090,Nagaoka University of Technology,Japan,25.5,18.8,55.2,39.6,13.8,24.5,"2,127",10.2,12%,12 : 88,both
1091,Nagasaki University,Japan,25.5,21.5,46.8,38.3,11.4,13.7,"8,713",6.6,4%,38 : 62,both
1092,"State University ""Kyiv Aviation Institute""",Ukraine,25.5,40.5,17.2,31.3,7.0,14.9,"13,142",9.7,5%,40 : 60,both
1093,National Ilan University,Taiwan,25.5,27.7,46.0,33.6,12.9,9.3,"5,641",23.8,2%,36 : 64,both
1094,"National Institute of Applied Sciences, Strasbourg (INSA Strasbourg)",France,25.5,34.6,41.2,66.7,10.7,13.4,"2,176",51.2,13%,38 : 62,both
1095,National Institute of Technology Delhi,India,25.5,47.7,17.4,24.7,8.9,16.9,"1,140",13.4,3%,49 : 51,both
1096,National Institute of Technology Srinagar,India,25.5,42.1,17.2,24.7,9.4,16.5,"3,689",14.1,0%,0 : 100,both
1097,National Institute of Technology Warangal,India,25.5,46.6,22.5,26.1,11.1,18.6,"7,392",21.3,6%,21 : 79,both
1098,National Kaohsiung University of Science and Technology,Taiwan,25.5,39.3,51.4,26.7,15.4,11.7,"28,443",33.9,2%,36 : 64,both
1099,National Research University of Electronic Technology (MIET),Russian Federation,25.5,10.0,46.0,26.0,14.1,28.4,"5,550",10.4,6%,26 : 74,both
1100,National Taiwan Ocean University,Taiwan,25.5,27.9,58.8,24.6,16.5,13.7,"8,322",16.0,8%,32 : 68,both
1101,National University of Distance Education (UNED),Spain,25.5,29.2,38.5,29.6,11.2,18.5,"71,981",57.6,4%,56 : 44,both
1102,National University of Life and Environmental Sciences of Ukraine,Ukraine,25.5,54.0,15.8,26.3,6.6,10.4,"20,345",15.3,0%,39 : 61,both
1103,Niğde Ömer Halisdemir University,Turkey,25.5,44.4,20.3,33.0,7.9,11.9,"16,366",20.2,7%,53 : 47,both
1104,Nile University,Egypt,25.5,41.1,29.8,31.2,10.1,15.9,"3,468",14.0,1%,35 : 65,both
1105,Okayama University,Japan,25.5,28.2,69.9,34.6,14.5,15.9,"13,042",10.4,8%,40 : 60,both
1106,Ondokuz Mayis University,Turkey,25.5,39.0,22.4,39.6,8.2,16.1,"36,976",16.9,14%,50 : 50,both
1107,Payame Noor University,Iran,25.5,50.7,22.9,25.1,7.3,8.3,"458,263",133.4,0%,60 : 40,both
1108,Persian Gulf University,Iran,25.5,52.6,22.1,43.9,10.9,10.1,"4,654",20.3,5%,56 : 44,both
1109,Plekhanov Russian University of Economics,Russian Federation,25.5,40.2,18.0,42.0,10.2,16.6,"13,642",8.6,13%,54 : 46,both
1110,Polytechnic University of Bucharest,Romania,25.5,29.1,34.9,44.0,9.9,13.4,"28,360",21.9,32%,36 : 64,both
1111,Polytechnic University of Timişoara,Romania,25.5,47.7,29.6,23.7,8.4,13.5,"11,774",17.0,3%,38 : 62,both
1112,Pontifical Catholic University of Rio Grande do Sul (PUCRS),Brazil,25.5,19.6,58.5,34.3,16.5,17.0,"11,915",20.1,1%,52 : 48,both
1113,Pontifical Catholic University of Valparaíso,Chile,25.5,27.4,33.5,55.1,8.9,9.4,"18,179",24.2,1%,43 : 57,both
1114,Poznań University of Life Sciences,Poland,25.5,29.5,33.2,28.9,11.1,16.8,"6,044",8.4,9%,59 : 41,both
1115,Poznan University of Technology,Poland,25.5,40.0,38.1,26.2,12.4,18.8,"14,071",12.8,8%,32 : 68,both
1116,Pukyong National University,South Korea,25.5,37.2,45.4,26.3,13.1,19.9,"16,635",14.5,8%,47 : 53,both
1117,Reshetnev Siberian State University of Science and Technology,Russian Federation,25.5,49.0,15.9,21.2,6.6,13.7,"15,638",18.1,3%,39 : 61,both
1118,REVA University,India,25.5,56.2,16.8,20.9,6.7,10.4,"15,190",20.5,1%,33 : 67,both
1119,Rowan University,United States,25.5,36.7,36.9,55.3,13.3,14.3,"17,115",13.5,4%,49 : 51,both
1120,Saitama University,Japan,25.5,20.2,50.4,36.1,12.5,13.0,"8,312",15.3,6%,32 : 68,both
1121,Samara National Research University (Samara University),Russian Federation,25.5,23.0,40.1,52.7,14.8,25.9,"9,266",10.4,11%,47 : 53,both
1122,Sechenov University,Russian Federation,25.5,35.4,20.5,61.5,8.2,15.7,"19,556",10.0,26%,68 : 32,both
1123,Shibaura Institute of Technology,Japan,25.5,23.3,41.2,44.2,13.8,16.8,"9,128",30.8,5%,18 : 82,both
1124,Shizuoka University,Japan,25.5,23.5,68.9,38.1,14.0,15.6,"9,901",14.9,4%,30 : 70,both
1125,Sichuan University of Science and Engineering,China,25.5,37.7,34.3,21.6,8.7,8.5,"45,377",22.3,1%,48 : 52,both
1126,Sikkim Manipal University,India,25.5,46.7,16.0,21.4,7.2,15.0,"4,077",12.2,1%,42 : 58,both
1127,Silpakorn University,Thailand,25.5,33.3,38.5,27.9,14.3,8.5,"26,892",22.9,3%,69 : 31,both
1128,Sivas Cumhuriyet University,Turkey,25.5,50.9,19.2,52.7,9.4,10.9,"33,405",31.3,10%,52 : 48,both
1129,Slovak University of Technology in Bratislava,Slovakia,25.5,22.0,33.8,40.3,10.5,18.5,"10,976",14.7,16%,31 : 69,both
1130,Sofia University,Bulgaria,25.5,22.9,40.3,34.9,9.0,16.9,"21,855",7.5,7%,66 : 34,both
1131,Soongsil University,South Korea,25.5,29.9,52.4,22.6,15.4,14.6,"16,685",22.3,11%,47 : 53,both
1132,Sophia University,Japan,25.5,15.8,58.6,38.8,10.9,17.3,"13,078",12.8,10%,61 : 39,both
1133,Srinakharinwirot University,Thailand,25.5,41.2,26.4,21.7,9.2,13.9,"28,685",18.9,2%,68 : 32,both
1134,Sri Venkateswara University,India,25.5,36.8,25.7,31.1,9.4,19.9,"7,491",15.9,0%,50 : 50,both
1135,Ştefan cel Mare University of Suceava,Romania,25.5,42.3,18.7,33.8,10.7,11.1,"8,908",23.1,16%,59 : 41,both
1136,St Petersburg Electrotechnical University (LETI),Russian Federation,25.5,23.5,43.0,41.1,15.4,18.8,"8,890",13.9,20%,31 : 69,both
1137,Süleyman Demirel University,Turkey,25.5,53.4,23.0,27.1,7.5,12.4,"34,894",28.9,5%,51 : 49,both
1138,Suranaree University of Technology,Thailand,25.5,31.1,50.3,30.3,15.3,14.4,"13,977",26.0,1%,53 : 47,both
1139,Taras Shevchenko National University of Kyiv,Ukraine,25.5,26.9,38.8,40.7,17.5,16.5,"26,028",10.4,6%,58 : 42,both
1140,Technical University of Cluj-Napoca,Romania,25.5,37.6,29.3,26.8,10.5,12.7,"18,044",19.9,3%,37 : 63,both
1141,Technical University of Crete,Greece,25.5,44.6,36.3,34.8,9.2,10.2,"6,907",32.0,4%,31 : 69,both
1142,Technical University of Liberec,Czechia,25.5,25.9,28.2,54.3,11.8,21.6,"5,155",10.9,10%,57 : 43,both
1143,Technological University Dublin,Ireland,25.5,39.1,34.6,62.7,8.7,12.4,"20,396",18.6,18%,43 : 57,both
1144,Telkom University,Indonesia,25.5,32.2,21.6,50.7,7.8,15.0,"18,936",16.1,8%,37 : 63,both
1145,Tezpur University,India,25.5,39.0,30.8,20.0,10.0,17.0,"4,498",13.1,0%,47 : 53,both
1146,The British University in Egypt,Egypt,25.5,54.9,17.8,30.5,7.4,13.7,"10,853",14.7,3%,49 : 51,both
1147,TOBB University of Economics and Technology,Turkey,25.5,46.1,33.8,42.5,10.8,10.3,"5,196",13.3,1%,47 : 53,both
1148,Tokai University,Japan,25.5,32.2,43.8,36.2,11.4,12.5,"28,585",16.3,5%,28 : 72,both
1149,Tokyo Metropolitan University,Japan,25.5,27.7,61.9,32.3,13.5,19.6,"8,823",10.4,6%,39 : 61,both
1150,Tomas Bata University in Zlín,Czechia,25.5,30.3,32.5,38.4,13.0,12.3,"9,234",19.4,12%,56 : 44,both
1151,Transilvania University of Brașov,Romania,25.5,36.9,24.5,31.7,8.9,10.7,"20,058",23.8,1%,52 : 48,both
1152,Tribhuvan University,Nepal,25.5,45.0,16.6,49.5,6.4,7.6,"483,765",31.9,0%,52 : 48,both
1153,Unisinos University,Brazil,25.5,29.6,28.5,37.1,11.0,16.9,"9,338",20.4,0%,53 : 47,both
1154,Universidad Andrés Bello (UNAB),Chile,25.5,44.6,23.3,57.9,7.5,8.7,"47,619",18.0,3%,54 : 46,both
1155,Universidade Federal de São Paulo (UNIFESP),Brazil,25.5,28.0,47.6,30.5,15.8,15.0,"20,000",11.8,1%,60 : 40,both
1156,Universidade Federal do ABC (UFABC),Brazil,25.5,35.9,24.6,36.2,10.7,9.8,"21,548",28.2,1%,36 : 64,both
1157,Universidade Federal do Paraná (UFPR),Brazil,25.5,31.3,39.0,35.6,11.7,16.3,"32,845",11.9,7%,56 : 44,both
1158,Universidade Lusófona,Portugal,25.5,35.8,18.9,66.0,7.3,15.4,"11,773",9.7,17%,55 : 45,both
1159,Universidad San Francisco de Quito,Ecuador,25.5,35.0,17.7,53.6,8.0,15.2,"7,924",9.4,2%,49 : 51,both
1160,Universitas Airlangga,Indonesia,25.5,35.9,19.6,66.1,9.5,17.0,"30,217",7.3,4%,65 : 35,both
1161,Universitas Padjadjaran,Indonesia,25.5,20.7,35.8,66.8,10.1,23.5,"32,629",9.0,3%,62 : 38,both
1162,Universitas Pendidikan Indonesia,Indonesia,25.5,40.2,32.1,28.9,11.4,10.1,"36,637",19.1,1%,61 : 39,both
1163,Universitas Sebelas Maret,Indonesia,25.5,33.3,46.0,48.2,13.7,12.5,"27,868",16.9,2%,64 : 36,both
1164,Université 8 Mai 1945 Guelma,Algeria,25.5,41.9,16.7,37.8,8.7,16.8,"17,135",17.0,1%,70 : 30,both
1165,Université de Gabès,Tunisia,25.5,40.8,19.6,43.8,9.1,16.8,"14,514",14.3,1%,74 : 26,both
1166,Université de Skikda,Algeria,25.5,58.5,16.1,41.4,6.5,10.3,"29,453",27.1,0%,70 : 30,both
1167,Université Hassan 1er,Morocco,25.5,37.7,18.6,29.8,10.4,23.3,"35,228",58.2,2%,52 : 48,both
1168,Université Sultan Moulay Slimane,Morocco,25.5,44.8,17.4,25.1,15.2,6.9,"41,727",58.3,1%,54 : 46,both
1169,Universiti Malaysia Kelantan,Malaysia,25.5,39.6,35.2,39.5,12.2,11.7,"9,393",19.9,5%,71 : 29,both
1170,Universiti Malaysia Perlis,Malaysia,25.5,25.0,26.7,38.0,10.0,17.7,"11,116",12.9,4%,47 : 53,both
1171,Universiti Malaysia Sarawak (UNIMAS),Malaysia,25.5,26.0,47.1,59.9,11.1,20.0,"12,296",15.8,13%,70 : 30,both
1172,Universiti Teknologi MARA,Malaysia,25.5,33.5,32.2,26.5,13.0,18.4,"60,827",16.0,2%,66 : 34,both
1173,Universiti Tun Hussein Onn Malaysia (UTHM),Malaysia,25.5,30.3,21.9,42.4,9.7,16.2,"15,035",15.8,7%,55 : 45,both
1174,University of A Coruña,Spain,25.5,30.1,30.4,39.4,9.1,19.6,"15,383",12.5,6%,52 : 48,both
1175,University of Algarve,Portugal,25.5,35.7,26.9,61.1,9.2,16.5,"9,294",15.3,18%,55 : 45,both
1176,University of Almería,Spain,25.5,41.2,43.2,42.1,11.8,12.7,"13,015",17.1,12%,56 : 44,both
1177,University of Anbar,Iraq,25.5,50.7,18.3,43.6,7.5,15.8,"28,185",12.7,1%,55 : 45,both
1178,University of Antioquia,Colombia,25.5,26.9,44.1,38.6,17.0,10.6,"37,067",18.1,0%,51 : 49,both
1179,HES-SO University of Applied Sciences and Arts of Western Switzerland,Switzerland,25.5,26.6,27.0,73.0,8.4,16.3,"17,909",6.3,29%,54 : 46,both
1180,University of Babylon,Iraq,25.5,41.3,16.8,24.0,7.0,16.8,"29,288",13.8,0%,55 : 45,both
1181,University of Baghdad,Iraq,25.5,38.6,23.3,26.5,9.5,19.3,"77,080",12.8,0%,59 : 41,both
1182,University of Béjaïa,Algeria,25.5,35.7,19.5,44.1,8.0,9.9,"40,823",23.7,1%,61 : 39,both
1183,University of Birjand,Iran,25.5,44.4,20.3,29.8,9.6,7.3,"12,345",34.1,5%,54 : 46,both
1184,University of Biskra,Algeria,25.5,36.4,17.9,37.1,8.1,14.5,"29,730",18.4,0%,63 : 37,both
1185,University of Brasília,Brazil,25.5,25.7,32.6,42.1,10.5,16.7,"41,767",13.6,1%,52 : 48,both
1186,University of Burgos,Spain,25.5,36.1,28.6,39.7,9.3,15.4,"8,080",13.8,5%,55 : 45,both
1187,University of Cadiz,Spain,25.5,32.2,30.5,42.8,9.9,14.1,"18,592",17.4,11%,61 : 39,both
1188,University of Carthage,Tunisia,25.5,38.9,30.2,43.5,9.3,18.8,"31,385",9.9,1%,63 : 37,both
1189,University of Concepción,Chile,25.5,27.9,65.7,53.3,14.8,12.4,"30,363",17.9,2%,52 : 48,both
1190,University of Debrecen,Hungary,25.5,26.0,28.4,56.7,11.3,13.8,"20,294",12.0,25%,55 : 45,both
1191,University of Diyala,Iraq,25.5,53.5,17.3,29.7,6.4,16.2,"25,658",13.5,0%,57 : 43,both
1192,University of Évora,Portugal,25.5,27.3,27.2,46.7,16.5,10.0,"7,991",13.7,15%,58 : 42,both
1193,University of Ghana,Ghana,25.5,42.8,24.7,48.8,10.8,9.1,"65,729",40.6,1%,49 : 51,both
1194,University of Havana,Cuba,25.5,14.4,58.0,50.0,12.0,21.6,"15,927",8.5,4%,62 : 38,both
1195,University of Ioannina,Greece,25.5,39.2,41.8,36.1,11.6,13.0,"34,419",42.2,3%,45 : 55,both
1196,University of Kragujevac,Serbia,25.5,38.1,22.6,29.7,8.2,11.7,"17,212",14.1,1%,61 : 39,both
1197,University of la Costa,Colombia,25.5,51.8,16.0,53.7,6.8,8.9,"12,187",18.0,1%,28 : 72,both
1198,University of Lagos,Nigeria,25.5,36.8,17.3,39.2,8.7,10.7,"40,197",24.4,0%,50 : 50,both
1199,University of La Laguna,Spain,25.5,30.8,30.3,48.0,11.0,16.0,"18,973",13.1,5%,58 : 42,both
1200,University of La Rochelle,France,25.5,34.2,29.5,67.5,10.7,15.9,"8,150",21.3,13%,55 : 45,both
1201,University of León,Spain,25.5,47.1,40.3,31.8,9.6,13.1,"10,548",12.8,5%,54 : 46,both
1202,University of Malaga,Spain,25.5,39.4,47.6,44.9,10.6,14.1,"35,900",12.9,6%,54 : 46,both
1203,University of Maribor,Slovenia,25.5,31.7,37.9,40.1,11.1,16.8,"13,011",13.8,12%,54 : 46,both
1204,University Cadi Ayyad of Marrakech,Morocco,25.5,39.8,24.9,37.2,8.9,17.5,"116,354",44.2,1%,51 : 49,both
1205,University of Miskolc,Hungary,25.5,23.3,29.3,42.3,11.2,16.6,"7,614",13.8,7%,50 : 50,both
1206,University of Moratuwa,Sri Lanka,25.5,42.2,24.5,24.4,9.9,8.6,"12,282",30.9,0%,63 : 37,both
1207,University of Nigeria Nsukka,Nigeria,25.5,33.6,19.2,44.9,7.8,18.3,"43,168",11.4,1%,46 : 54,both
1208,University of Oviedo,Spain,25.5,34.9,41.8,41.3,9.2,20.2,"18,346",8.2,7%,55 : 45,both
1209,University of Pannonia,Hungary,25.5,21.9,39.7,31.5,16.8,17.2,"4,675",17.7,6%,48 : 52,both
1210,University of Pau and Pays de l’Adour,France,25.5,26.8,38.0,78.2,8.3,21.5,"13,266",12.8,16%,53 : 47,both
1211,University of Peradeniya,Sri Lanka,25.5,37.1,28.4,34.0,9.3,7.2,"24,511",27.4,0%,56 : 44,both
1212,University of Puerto Rico,Puerto Rico,25.5,32.5,50.3,46.6,9.3,9.1,"38,978",13.2,1%,53 : 47,both
1213,University of Silesia in Katowice,Poland,25.5,22.5,32.3,32.9,13.2,16.5,"18,354",11.3,5%,66 : 34,both
1214,University of Sistan and Baluchestan,Iran,25.5,36.8,23.2,23.2,10.8,11.0,"9,387",20.7,0%,54 : 46,both
1215,University of Sousse,Tunisia,25.5,42.3,20.9,41.9,8.6,11.6,"28,909",13.3,2%,68 : 32,both
1216,University of Split,Croatia,25.5,44.4,23.3,29.5,9.2,12.0,"19,113",15.6,3%,58 : 42,both
1217,University of Talca,Chile,25.5,38.9,19.8,58.0,8.3,10.7,"11,786",14.8,1%,52 : 48,both
1218,"University of Technology, Iraq",Iraq,25.5,52.9,21.0,27.0,7.3,16.6,"11,626",7.7,0%,47 : 53,both
1219,University of Technology of Troyes,France,25.5,32.3,34.4,70.5,10.2,18.0,"3,114",19.0,24%,25 : 75,both
1220,University of the Aegean,Greece,25.5,52.6,33.9,30.0,10.1,8.2,"20,958",54.6,2%,57 : 43,both
1221,"University of the Andes, Colombia",Colombia,25.5,41.1,36.2,46.1,12.0,15.4,"16,133",14.0,2%,45 : 55,both
1222,"University of the North, Colombia",Colombia,25.5,43.3,24.4,44.0,8.2,10.5,"12,320",17.3,1%,52 : 48,both
1223,University of the Ryukyus,Japan,25.5,40.8,33.7,48.4,10.9,10.9,"7,563",9.4,3%,39 : 61,both
1224,University of Thessaly,Greece,25.5,53.5,29.0,38.9,8.7,10.3,"26,405",28.4,3%,51 : 49,both
1225,University of Tours,France,25.5,22.3,36.4,66.5,9.7,15.5,"29,924",21.2,12%,61 : 39,both
1226,University of Toyama,Japan,25.5,26.3,58.8,40.6,11.2,12.8,"8,890",10.7,3%,38 : 62,both
1227,University of Trás-os-Montes and Alto Douro,Portugal,25.5,34.8,16.4,37.2,9.7,13.1,"7,527",10.7,8%,51 : 49,both
1228,University of Tunis,Tunisia,25.5,32.6,24.2,36.6,11.0,19.3,"17,667",11.3,2%,71 : 29,both
1229,University of Valladolid,Spain,25.5,29.2,43.5,44.8,9.1,18.4,"21,960",10.5,8%,56 : 44,both
1230,University of West Attica,Greece,25.5,54.2,21.6,24.2,7.3,6.7,"58,700",42.0,0%,43 : 57,both
1231,University of West Bohemia,Czechia,25.5,29.2,32.6,32.4,15.4,19.5,"11,398",13.6,5%,54 : 46,both
1232,University of Western Macedonia,Greece,25.5,45.1,25.4,33.1,8.6,9.5,"13,097",30.6,2%,49 : 51,both
1233,University of Zagreb,Croatia,25.5,39.0,51.2,26.8,10.9,17.5,"59,109",15.2,4%,60 : 40,both
1234,University of Zanjan,Iran,25.5,53.6,21.8,28.0,8.0,10.2,"9,644",23.3,0%,45 : 55,both
1235,University of Žilina,Slovakia,25.5,28.9,27.5,34.7,11.9,22.0,"7,056",14.2,7%,34 : 66,both
1236,University Rey Juan Carlos,Spain,25.5,41.3,34.3,36.3,9.7,12.3,"40,905",18.3,6%,59 : 41,both
1237,Urmia University of Technology,Iran,25.5,44.2,18.8,31.0,9.1,8.0,"2,957",24.6,0%,30 : 70,both
1238,Van Yüzüncü Yil University,Turkey,25.5,46.7,20.9,26.3,12.3,18.7,"21,003",17.3,3%,47 : 53,both
1239,Veltech University,India,25.5,50.2,16.2,28.2,7.7,12.8,"10,345",14.8,2%,18 : 82,both
1240,Vietnam National University (Ho Chi Minh City),Vietnam,25.5,35.9,45.5,35.1,15.3,12.8,"93,371",28.2,1%,47 : 53,both
1241,"Vignan’s Foundation for Science, Technology and Research",India,25.5,42.2,18.7,25.0,7.0,14.9,"7,816",12.2,3%,43 : 57,both
1242,Vilnius Gediminas Technical University (Vilnius Tech),Lithuania,25.5,29.7,35.6,49.4,11.3,14.8,"8,264",12.5,14%,31 : 69,both
1243,"Visvesvaraya National Institute of Technology, Nagpur",India,25.5,41.6,32.6,20.4,9.8,17.8,"4,487",15.4,2%,23 : 77,both
1244,Walailak University,Thailand,25.5,30.1,19.6,36.7,11.1,13.0,"9,699",13.7,2%,72 : 28,both
1245,Wasit University,Iraq,25.5,53.1,16.0,32.8,7.7,13.8,"21,254",16.0,0%,43 : 57,both
1246,Yamagata University,Japan,25.5,27.6,88.1,31.8,13.9,13.8,"8,647",9.0,2%,34 : 66,both
1247,Yamaguchi University,Japan,25.5,24.0,67.7,36.6,11.9,15.3,"10,310",10.9,5%,37 : 63,both
1248,Yaşar University,Turkey,25.5,40.7,18.7,33.1,8.6,11.8,"5,754",10.6,2%,51 : 49,both
1249,Zonguldak Bülent Ecevit University,Turkey,25.5,50.0,21.4,34.6,6.8,9.0,"22,844",22.9,10%,45 : 55,both
1251,Adana Alparslan Türkeş Science and Technology University,Turkey,19.4,26.3,16.3,22.3,6.8,13.3,"4,354",13.1,0%,42 : 58,both
1252,Afyon Kocatepe University,Turkey,19.4,38.7,19.5,28.8,7.3,8.4,"21,336",34.0,5%,50 : 50,both
1253,Ahmadu Bello University,Nigeria,19.4,29.0,16.8,42.5,6.9,11.8,"49,531",16.6,0%,37 : 63,both
1254,Akita University,Japan,19.4,10.7,35.7,27.7,10.3,13.0,"5,035",10.8,4%,35 : 65,both
1255,Aksaray University,Turkey,19.4,29.1,20.7,44.4,7.2,13.1,"20,546",23.0,9%,49 : 51,both
1256,Al-Furat Al-Awsat Technical University,Iraq,19.4,15.1,16.6,28.2,6.7,8.4,"25,235",29.4,0%,47 : 53,both
1257,Altai State University,Russian Federation,19.4,18.7,31.7,46.6,15.1,13.6,"9,032",18.5,28%,55 : 45,both
1258,Aoyama Gakuin University,Japan,19.4,13.9,49.0,29.8,9.8,11.8,"20,276",12.3,2%,49 : 51,both
1259,Ariel University,Israel,19.4,17.6,26.9,37.1,9.8,10.8,"13,670",20.2,1%,51 : 49,both
1260,Austral University of Chile,Chile,19.4,20.5,22.5,59.5,8.0,8.6,"18,994",18.5,1%,54 : 46,both
1261,Autonomous University of Baja California,Mexico,19.4,19.5,18.4,29.7,6.6,9.1,"68,621",21.4,3%,55 : 45,both
1262,Azerbaijan State Oil and Industry University,Azerbaijan,19.4,15.6,15.6,29.3,6.6,13.8,"14,876",12.5,3%,32 : 68,both
1263,Benemérita Universidad Autónoma de Puebla,Mexico,19.4,14.0,20.8,32.7,6.8,10.2,"82,994",23.3,1%,52 : 48,both
1264,Bharati Vidyapeeth University,India,19.4,34.3,20.7,20.8,6.9,11.7,"10,893",7.7,0%,52 : 48,both
1265,Bialystok University of Technology,Poland,19.4,22.6,20.6,29.8,9.7,17.2,"6,374",11.0,6%,35 : 65,both
1266,Bilecik Şeyh Edebali University,Turkey,19.4,23.1,21.4,39.4,7.3,13.5,"11,076",16.8,18%,44 : 56,both
1267,Blida 1 University,Algeria,19.4,14.1,17.9,33.6,7.9,10.5,"29,944",20.9,1%,65 : 35,both
1268,Bursa Technical University,Turkey,19.4,34.0,18.3,31.6,7.9,9.7,"10,211",19.4,13%,52 : 48,both
1269,Catholic University of the North,Chile,19.4,25.5,18.9,55.2,8.2,7.6,"11,660",21.4,4%,46 : 54,both
1270,Centro Federal de Educação Tecnológica Celso Suckow da Fonseca (CEFET-RJ),Brazil,19.4,24.0,17.1,31.9,6.7,7.4,"20,852",23.3,0%,35 : 65,both
1271,Chiba Institute of Technology,Japan,19.4,10.4,29.2,20.9,8.0,11.0,"9,992",24.4,2%,15 : 85,both
1272,Chubu University,Japan,19.4,12.3,43.3,24.5,9.3,10.3,"9,132",17.5,1%,27 : 73,both
1273,Chuo University,Japan,19.4,18.5,56.0,24.6,13.7,11.8,"26,078",35.6,4%,38 : 62,both
1274,De La Salle University,Philippines,19.4,31.9,18.6,28.5,8.9,13.9,"13,059",11.5,2%,52 : 48,both
1275,Diponegoro University,Indonesia,19.4,22.2,27.2,36.9,11.8,15.5,"35,458",17.9,3%,56 : 44,both
1276,Dokuz Eylül University,Turkey,19.4,24.7,28.6,25.8,8.7,12.3,"58,053",27.9,7%,47 : 53,both
1277,Doshisha University,Japan,19.4,11.6,42.6,22.3,10.5,13.2,"26,942",18.3,4%,42 : 58,both
1278,Dumlupinar University,Turkey,19.4,39.3,9.8,37.7,6.7,7.2,"47,197",47.2,20%,40 : 60,both
1279,Dunarea de Jos University of Galati,Romania,19.4,22.8,18.4,38.0,7.8,18.9,"12,481",15.6,22%,58 : 42,both
1280,Ehime University,Japan,19.4,13.1,53.8,27.2,11.6,11.3,"9,101",11.3,2%,39 : 61,both
1281,Escuela Politécnica Nacional,Ecuador,19.4,14.3,19.5,40.2,7.4,10.0,"7,685",13.2,2%,29 : 71,both
1282,Escuela Superior Politécnica del Litoral,Ecuador,19.4,25.7,18.0,49.2,7.7,11.8,"10,152",10.5,1%,39 : 61,both
1283,Eskişehir Osmangazi University,Turkey,19.4,28.3,22.4,26.1,7.9,11.7,"30,136",18.4,7%,47 : 53,both
1284,Eskişehir Technical University,Turkey,19.4,24.4,20.9,25.4,7.6,13.1,"11,641",16.1,3%,45 : 55,both
1285,"Federal Institute of Education, Science and Technology of São Paulo",Brazil,19.4,7.9,15.5,22.7,6.0,16.6,"63,258",18.8,0%,,both
1286,Federal Rural University of Pernambuco,Brazil,19.4,21.5,22.4,33.3,7.6,8.0,"15,815",13.9,0%,48 : 52,both
1287,Federal University of Goiás,Brazil,19.4,18.9,27.3,28.1,14.2,15.2,"21,440",10.0,0%,49 : 51,both
1288,Federal University of Itajubá,Brazil,19.4,20.9,21.8,28.6,8.0,14.6,"8,804",17.5,1%,30 : 70,both
1289,Federal University of Lavras,Brazil,19.4,24.9,23.2,26.6,10.3,12.3,"14,328",18.3,1%,51 : 49,both
1290,Federal University of Mato Grosso do Sul,Brazil,19.4,28.7,24.3,35.5,7.0,15.8,"29,164",16.3,1%,57 : 43,both
1291,Federal University of Pará,Brazil,19.4,22.1,26.0,26.1,8.4,14.5,"48,359",17.8,0%,53 : 47,both
1292,Federal University of Rio Grande do Norte (UFRN),Brazil,19.4,25.1,30.3,33.5,9.0,14.4,"46,490",17.9,0%,47 : 53,both
1293,"Federal University of Technology, Owerri",Nigeria,19.4,25.8,16.2,38.7,6.1,13.2,"24,205",20.3,0%,32 : 68,both
1294,Federal University of Viçosa,Brazil,19.4,26.0,29.1,23.3,10.0,18.7,"16,955",8.9,1%,57 : 43,both
1295,Ferhat Abbas Sétif University 1,Algeria,19.4,31.2,19.8,38.6,7.6,12.8,"39,465",25.9,0%,62 : 38,both
1296,Fluminense Federal University,Brazil,19.4,32.3,27.2,33.3,8.5,9.6,"71,127",20.5,1%,48 : 52,both
1297,Gdynia Maritime University,Poland,19.4,19.9,20.1,21.9,8.4,13.4,"3,155",9.6,3%,31 : 69,both
1298,Gheorghe Asachi Technical University of Iaşi,Romania,19.4,24.6,28.2,31.3,9.0,11.4,"12,702",21.2,9%,30 : 70,both
1299,Grigore T. Popa University of Medicine and Pharmacy,Romania,19.4,15.2,26.5,20.3,10.7,15.1,"9,908",10.7,26%,66 : 34,both
1300,Gubkin Russian State University of Oil and Gas,Russian Federation,19.4,13.1,38.5,27.1,10.0,15.3,"10,041",13.4,6%,33 : 67,both
1301,Gunma University,Japan,19.4,14.8,61.7,30.3,11.0,14.0,"6,149",7.5,5%,39 : 61,both
1302,Hasanuddin University,Indonesia,19.4,14.7,19.4,20.7,7.3,10.9,"38,027",16.9,0%,54 : 46,both
1303,Hue University,Vietnam,19.4,20.3,17.3,40.0,8.1,13.1,"51,973",23.5,1%,58 : 42,both
1304,Ibaraki University,Japan,19.4,15.7,47.1,25.7,9.9,11.5,"7,787",14.9,2%,34 : 66,both
1305,Industrial University of Tyumen,Russian Federation,19.4,7.5,17.3,24.6,6.6,11.7,"11,386",10.8,7%,34 : 66,both
1306,Inönü University,Turkey,19.4,26.4,14.0,30.2,8.9,17.4,"17,338",10.3,4%,48 : 52,both
1307,Instituto Politécnico Nacional (IPN),Mexico,19.4,15.6,29.0,25.7,9.3,15.7,"141,840",12.9,0%,43 : 57,both
1308,Irkutsk National Research Technical University,Russian Federation,19.4,18.9,26.4,36.0,9.0,17.0,"9,739",10.2,13%,37 : 63,both
1309,I-Shou University,Taiwan,19.4,17.7,44.2,25.9,10.2,12.4,"11,556",28.1,13%,50 : 50,both
1310,Islamic University of Indonesia,Indonesia,19.4,12.9,16.9,40.6,6.7,10.0,"25,413",27.6,4%,47 : 53,both
1311,Ivanovo State University of Chemistry and Technology,Russian Federation,19.4,6.3,18.6,27.9,6.8,9.9,"3,452",15.9,8%,40 : 60,both
1312,Iwate University,Japan,19.4,9.7,50.8,28.6,8.7,14.5,"5,263",13.5,3%,38 : 62,both
1313,Izmir Institute of Technology,Turkey,19.4,26.6,34.0,32.7,10.9,13.5,"6,696",20.0,2%,47 : 53,both
1314,Jianghan University,China,19.4,37.7,29.1,20.1,8.0,9.6,"21,498",14.9,1%,56 : 44,both
1315,Jimma University,Ethiopia,19.4,28.9,17.9,48.1,6.5,10.5,"33,390",16.5,1%,30 : 70,both
1316,Kagoshima University,Japan,19.4,10.1,58.8,22.9,9.2,11.0,"10,201",10.4,3%,39 : 61,both
1317,Kanagawa University,Japan,19.4,8.8,32.1,36.0,7.1,13.1,"17,560",14.1,4%,30 : 70,both
1318,Kansai University,Japan,19.4,9.1,35.3,27.1,7.9,16.6,"29,506",11.0,4%,41 : 59,both
1319,Kazan National Research Technological University,Russian Federation,19.4,9.6,32.3,33.5,7.8,14.1,"13,805",12.4,18%,40 : 60,both
1320,Kazan State Power Engineering University,Russian Federation,19.4,30.0,23.3,22.3,9.2,8.5,"9,456",24.1,5%,32 : 68,both
1321,Kemerovo State University,Russian Federation,19.4,14.7,16.7,40.1,9.9,8.7,"14,759",19.9,6%,64 : 36,both
1322,Kharkiv Aviation Institute,Ukraine,19.4,23.0,8.5,28.7,7.5,14.7,"5,217",11.7,6%,34 : 66,both
1323,Kharkiv National University of Radio Electronics,Ukraine,19.4,25.1,16.5,27.4,7.4,14.4,"7,684",10.9,6%,27 : 73,both
1324,Kindai University,Japan,19.4,10.2,42.7,23.8,9.0,11.9,"34,545",18.0,2%,32 : 68,both
1325,Kirikkale University,Turkey,19.4,31.5,23.1,20.0,11.2,9.1,"24,837",42.2,1%,51 : 49,both
1326,Kocaeli University,Turkey,19.4,37.0,28.3,27.9,7.3,7.8,"62,768",41.6,2%,43 : 57,both
1327,Kogakuin University,Japan,19.4,12.7,44.9,27.0,9.2,10.5,"6,555",18.3,2%,20 : 80,both
1328,Latvia University of Life Sciences and Technologies,Latvia,19.4,22.4,18.1,23.6,11.8,9.4,"3,938",17.0,5%,49 : 51,both
1329,Lucian Blaga University of Sibiu,Romania,19.4,26.3,18.2,30.0,7.6,10.1,"13,109",16.2,3%,50 : 50,both
1330,Lviv Polytechnic National University,Ukraine,19.4,29.7,19.4,32.0,9.9,14.6,"29,733",15.5,1%,53 : 47,both
1331,Mahasarakham University,Thailand,19.4,12.6,27.2,20.9,8.0,12.3,"43,563",36.9,2%,67 : 33,both
1332,Manisa Celal Bayar University,Turkey,19.4,38.1,9.4,23.9,6.3,7.6,"28,623",17.8,2%,50 : 50,both
1333,Meiji University,Japan,19.4,14.4,43.9,25.0,10.4,10.5,"33,118",34.2,5%,34 : 66,both
1334,Meijo University,Japan,19.4,14.4,48.1,24.0,9.4,9.7,"15,025",31.3,1%,35 : 65,both
1335,Mendeleev University of Chemical Technology,Russian Federation,19.4,11.2,30.6,27.0,10.9,13.2,"8,939",12.6,9%,51 : 49,both
1336,Mersin University,Turkey,19.4,24.7,24.0,30.7,8.4,8.7,"28,541",28.0,7%,50 : 50,both
1337,Metropolitan Autonomous University,Mexico,19.4,13.4,30.8,24.7,13.6,10.7,"61,908",43.8,1%,50 : 50,both
1338,M’Hamed Bougara University of Boumerdès,Algeria,19.4,28.1,18.5,31.9,7.3,11.4,"32,315",22.6,1%,56 : 44,both
1339,Middle Technical University,Iraq,19.4,27.7,18.4,27.6,5.8,7.5,"42,043",34.0,0%,53 : 47,both
1340,Mie University,Japan,19.4,18.2,63.9,27.0,10.9,12.4,"6,963",8.2,3%,38 : 62,both
1341,MIREA - Russian Technological University,Russian Federation,19.4,10.6,48.2,24.6,9.9,12.3,"28,286",22.9,5%,25 : 75,both
1342,M S Ramaiah University of Applied Sciences (RUAS),India,19.4,29.8,16.5,18.2,7.1,17.4,"2,578",3.5,0%,53 : 47,both
1343,Mugla Sitki Kocman University,Turkey,19.4,38.1,23.7,27.0,9.1,7.3,"28,759",30.7,4%,48 : 52,both
1344,Muroran Institute of Technology,Japan,19.4,23.3,37.1,39.7,8.9,13.1,"3,301",19.5,6%,14 : 86,both
1345,Mustansiriyah University,Iraq,19.4,22.2,19.9,38.1,7.4,17.3,"32,064",8.3,1%,56 : 44,both
1346,Naresuan University,Thailand,19.4,19.4,49.0,24.4,10.6,9.0,"26,745",17.7,1%,64 : 36,both
1347,National Changhua University of Education,Taiwan,19.4,14.7,44.8,21.5,13.4,16.9,"8,526",14.9,4%,51 : 49,both
1348,National Chi Nan University,Taiwan,19.4,11.0,69.8,25.7,11.2,14.1,"6,000",15.7,10%,53 : 47,both
1349,National Formosa University,Taiwan,19.4,11.2,42.8,19.5,8.7,10.3,"11,686",20.3,1%,22 : 78,both
1350,National Pingtung University of Science and Technology,Taiwan,19.4,12.3,38.1,26.1,11.8,10.9,"10,687",18.3,5%,44 : 56,both
1351,National Technical University Kharkiv Polytechnic Institute,Ukraine,19.4,19.8,17.7,37.3,8.2,19.3,"10,902",7.9,14%,31 : 69,both
1352,National Technical University of Ukraine – Igor Sikorsky Kyiv Polytechnic Institute,Ukraine,19.4,17.8,21.0,23.6,9.7,17.5,"22,885",10.1,3%,29 : 71,both
1353,National United University,Taiwan,19.4,13.1,52.3,21.2,9.8,8.8,"7,499",20.9,1%,31 : 69,both
1354,National University of Colombia,Colombia,19.4,24.6,37.0,37.2,9.9,14.3,"55,039",21.0,1%,41 : 59,both
1355,National University of Córdoba,Argentina,19.4,11.3,21.5,37.7,8.0,17.9,"177,133",16.9,1%,66 : 34,both
1356,National University of Cuyo,Argentina,19.4,7.9,19.0,41.8,7.0,14.8,"32,848",14.2,3%,64 : 36,both
1357,National University of Kaohsiung,Taiwan,19.4,13.6,48.6,27.7,12.7,9.8,"5,986",25.3,4%,41 : 59,both
1358,National University of La Plata,Argentina,19.4,14.8,27.3,62.0,8.7,14.7,"48,485",13.0,22%,61 : 39,both
1359,NED University of Engineering and Technology,Pakistan,19.4,21.0,21.3,48.0,9.8,9.9,"12,962",22.9,0%,38 : 62,both
1360,Niigata University,Japan,19.4,15.5,49.6,28.6,12.0,11.3,"11,975",7.2,3%,37 : 63,both
1361,Nizhny Novgorod State Technical University n.a. R.E. Alekseev,Russian Federation,19.4,8.0,33.0,23.2,7.9,12.5,"8,064",13.4,5%,26 : 74,both
1362,North-Caucasus Federal University,Russian Federation,19.4,24.1,17.9,35.1,6.6,16.3,"18,201",7.6,9%,48 : 52,both
1363,North-Eastern Federal University,Russian Federation,19.4,25.1,18.3,20.9,9.9,11.1,"12,846",13.6,5%,53 : 47,both
1364,Northern Technical University,Iraq,19.4,19.9,16.4,26.4,6.5,9.0,"21,729",23.0,0%,46 : 54,both
1365,Novosibirsk State Technical University,Russian Federation,19.4,13.8,30.8,41.0,12.6,19.3,"13,080",14.6,19%,39 : 61,both
1366,Obafemi Awolowo University,Nigeria,19.4,27.9,21.8,40.3,8.6,11.9,"36,929",29.3,0%,45 : 55,both
1367,Ogarev Mordovia State University,Russian Federation,19.4,8.5,20.7,25.5,7.5,12.6,"13,017",11.4,16%,45 : 55,both
1368,Oles Honchar Dnipro National University,Ukraine,19.4,7.8,16.3,23.4,7.6,17.3,"7,449",9.9,2%,56 : 44,both
1369,Omsk State Technical University,Russian Federation,19.4,4.0,21.0,26.4,7.7,11.2,"13,419",16.9,10%,31 : 69,both
1370,Oran 1 University,Algeria,19.4,27.4,21.6,35.3,8.6,15.3,"23,120",17.2,1%,65 : 35,both
1371,Osaka Institute of Technology,Japan,19.4,18.8,39.2,25.1,10.2,10.4,"7,791",35.7,1%,13 : 87,both
1372,Pamukkale University,Turkey,19.4,27.7,23.4,24.1,7.1,8.2,"33,112",30.2,4%,43 : 57,both
1373,Perm National Research Polytechnic University,Russian Federation,19.4,12.1,48.5,34.1,12.3,17.0,"8,989",10.7,9%,42 : 58,both
1374,Platov South-Russian State Polytechnic University (NPI),Russian Federation,19.4,6.2,19.4,30.1,13.7,25.0,"6,337",8.4,11%,22 : 78,both
1375,Pontifical Catholic University of Peru,Peru,19.4,21.7,19.0,36.4,7.2,16.7,"27,160",6.6,1%,47 : 53,both
1376,Pontificia Universidad Javeriana,Colombia,19.4,16.1,31.5,38.7,9.7,11.9,"28,409",12.7,1%,55 : 45,both
1377,PSG College of Technology,India,19.4,34.0,20.7,19.1,8.7,13.2,"7,893",13.6,0%,37 : 63,both
1378,Russian University of Transport (MIIT),Russian Federation,19.4,23.4,26.8,22.8,8.8,11.5,"19,905",20.4,8%,48 : 52,both
1379,R V College of Engineering,India,19.4,20.6,21.8,17.6,7.8,17.7,"6,014",16.9,0%,27 : 73,both
1380,Rzeszów University of Technology,Poland,19.4,27.2,22.3,23.2,8.7,15.3,"10,335",12.9,1%,39 : 61,both
1381,Saga University,Japan,19.4,15.8,57.8,33.6,9.5,13.6,"6,494",9.8,2%,41 : 59,both
1382,Saints Cyril and Methodius University in Skopje,North Macedonia,19.4,19.2,30.9,37.1,7.5,11.7,"26,734",13.6,1%,63 : 37,both
1383,Samara State Technical University,Russian Federation,19.4,9.3,24.1,23.3,8.6,13.3,"12,810",16.4,5%,38 : 62,both
1384,Satbayev University,Kazakhstan,19.4,13.4,23.4,74.8,8.7,16.5,"8,800",13.4,14%,52 : 48,both
1385,Shimane University,Japan,19.4,9.2,36.8,29.4,8.2,14.1,"6,037",8.2,3%,40 : 60,both
1386,Southwest State University,Russian Federation,19.4,11.3,21.6,31.6,7.9,13.2,"6,660",12.8,11%,38 : 62,both
1387,State University of Malang,Indonesia,19.4,19.9,16.0,44.0,7.6,9.4,"35,702",30.3,4%,54 : 46,both
1388,Széchenyi István University,Hungary,19.4,25.1,17.7,27.6,9.1,11.5,"9,697",15.6,6%,45 : 55,both
1389,Technical University of Cartagena,Spain,19.4,27.3,31.2,34.2,8.1,16.0,"4,542",10.1,9%,28 : 72,both
1390,Technical University of Sofia,Bulgaria,19.4,19.1,24.2,24.8,9.1,16.2,"11,234",10.4,7%,25 : 75,both
1391,The University of the West Indies,Jamaica,19.4,23.2,23.7,48.9,7.4,15.7,"37,637",11.6,1%,68 : 32,both
1392,Thiagarajar College of Engineering,India,19.4,29.2,19.1,19.8,7.8,13.7,"4,420",16.8,0%,42 : 58,both
1393,Tikrit University,Iraq,19.4,21.3,16.6,31.7,6.8,14.3,"34,544",11.8,0%,40 : 60,both
1394,Tokushima University,Japan,19.4,14.6,57.2,29.2,12.0,14.4,"7,467",9.6,2%,36 : 64,both
1395,Tokyo City University,Japan,19.4,16.7,43.3,27.4,10.9,12.6,"7,593",27.1,2%,25 : 75,both
1396,Tokyo Denki University,Japan,19.4,8.8,35.0,21.7,7.9,10.9,"9,872",28.8,3%,13 : 87,both
1397,Tokyo University of Marine Science and Technology,Japan,19.4,15.7,35.3,37.8,9.9,20.2,"2,580",10.5,9%,33 : 67,both
1398,Tomsk State University of Control Systems and Radioelectronics,Russian Federation,19.4,9.1,48.2,44.0,11.7,17.1,"6,171",11.4,16%,29 : 71,both
1399,Tottori University,Japan,19.4,12.8,43.6,21.0,8.8,12.1,"6,009",8.3,2%,39 : 61,both
1400,Toyo University,Japan,19.4,9.1,29.8,28.7,8.0,10.7,"29,829",23.2,7%,41 : 59,both
1401,Tula State University,Russian Federation,19.4,8.0,22.2,17.7,10.0,14.2,"18,622",19.3,3%,39 : 61,both
1402,Ufa State Petroleum Technological University,Russian Federation,19.4,16.1,16.3,33.3,7.3,15.8,"12,250",7.7,12%,40 : 60,both
1403,Ufa University of Science and Technology,Russian Federation,19.4,14.9,30.7,24.5,11.2,13.2,"25,386",13.8,6%,43 : 57,both
1404,Universidad Autónoma de Chile,Chile,19.4,26.9,7.5,58.2,10.8,8.6,"30,323",27.9,1%,64 : 36,both
1405,Universidad Autónoma de Ciudad Juárez,Mexico,19.4,14.3,18.8,33.4,6.4,10.4,"36,524",15.5,3%,56 : 44,both
1406,Universidad Autónoma de Coahuila,Mexico,19.4,19.5,18.3,29.7,6.7,10.0,"36,768",42.6,0%,58 : 42,both
1407,Universidad Autónoma del Estado de Hidalgo,Mexico,19.4,9.0,19.8,24.9,7.8,11.0,"38,714",22.3,1%,59 : 41,both
1408,Universidad Autónoma del Estado de Mexico (UAEMex),Mexico,19.4,8.9,18.5,26.0,7.2,16.4,"68,433",9.9,1%,59 : 41,both
1409,Universidad Autónoma del Estado de Morelos,Mexico,19.4,11.6,25.0,25.0,13.1,13.8,"30,635",20.7,0%,56 : 44,both
1410,Universidad Autónoma de Nuevo León (UANL),Mexico,19.4,25.0,22.3,32.8,7.3,7.9,"132,817",47.4,0%,49 : 51,both
1411,Universidad Autónoma de Querétaro,Mexico,19.4,26.2,25.0,26.1,7.8,10.2,"25,403",44.4,1%,58 : 42,both
1412,Universidad de las Fuerzas Armadas – ESPE,Ecuador,19.4,12.4,16.4,40.1,6.5,8.5,"22,958",16.6,0%,50 : 50,both
1413,Universidad del Valle,Colombia,19.4,12.6,21.0,36.5,7.6,10.9,"32,768",8.1,1%,50 : 50,both
1414,Universidad Distrital Francisco José de Caldas,Colombia,19.4,11.8,15.8,27.4,6.5,13.4,"29,991",14.7,0%,39 : 61,both
1415,Universidade do Estado de Santa Catarina,Brazil,19.4,20.3,19.3,22.9,7.3,15.7,"11,651",12.9,1%,53 : 47,both
1416,Universidade do Estado do Rio de Janeiro (UERJ),Brazil,19.4,16.8,31.4,30.6,9.7,18.1,"23,868",9.5,0%,55 : 45,both
1417,Universidade Estadual de Maringá,Brazil,19.4,24.8,24.5,22.8,8.6,15.3,"17,260",11.0,0%,59 : 41,both
1418,Universidade Federal da Bahia,Brazil,19.4,20.1,23.2,27.2,8.1,14.5,"51,617",20.1,0%,45 : 55,both
1419,Universidade Federal de Juiz de Fora,Brazil,19.4,23.9,36.3,32.3,10.2,12.5,"23,831",14.3,0%,49 : 51,both
1420,Universidade Federal de Sergipe,Brazil,19.4,13.1,23.8,32.5,7.9,13.0,"24,507",14.8,0%,53 : 47,both
1421,Universidade Federal do Maranhão (UFMA),Brazil,19.4,11.3,22.4,26.3,6.9,11.2,"46,294",22.7,0%,57 : 43,both
1422,Universidade Tecnológica Federal do Paraná (UTFPR),Brazil,19.4,22.9,25.5,26.0,8.1,13.9,"33,984",13.3,1%,31 : 69,both
1423,Universidad Industrial de Santander (UIS),Colombia,19.4,14.7,24.4,35.8,14.2,8.1,"21,643",23.9,1%,45 : 55,both
1424,Universidad Michoacana de San Nicolás de Hidalgo,Mexico,19.4,11.5,21.3,26.5,6.5,15.9,"43,423",24.7,1%,56 : 44,both
1425,Universidad Nacional del Litoral,Argentina,19.4,18.5,34.0,38.9,8.1,14.3,"50,590",35.3,1%,63 : 37,both
1426,Universidad Panamericana (UP),Mexico,19.4,17.0,16.4,46.8,6.5,15.6,"16,947",7.9,3%,47 : 53,both
1427,Universidad Peruana de Ciencias Aplicadas (UPC),Peru,19.4,8.9,15.4,23.4,6.2,7.7,"79,091",28.0,1%,48 : 52,both
1428,Universidad Politécnica Salesiana,Ecuador,19.4,23.5,17.6,33.8,7.0,8.0,"22,123",23.4,2%,40 : 60,both
1429,Universidad Pontificia Bolivariana (UPB),Colombia,19.4,14.3,50.3,36.9,9.8,17.6,"10,123",10.1,2%,57 : 43,both
1430,Universitas Andalas,Indonesia,19.4,19.1,23.4,44.6,7.5,12.4,"31,487",9.5,1%,60 : 40,both
1431,Universitas Muhammadiyah Yogyakarta,Indonesia,19.4,17.6,16.1,28.0,8.3,7.2,"22,681",29.2,2%,50 : 50,both
1432,Universitas Sriwijaya,Indonesia,19.4,18.9,16.7,31.1,6.9,11.7,"39,677",23.2,0%,62 : 38,both
1433,Universitas Sumatera Utara,Indonesia,19.4,17.9,19.5,40.3,7.5,9.6,"39,487",19.2,2%,56 : 44,both
1434,Universitas Syiah Kuala,Indonesia,19.4,25.2,20.1,32.1,7.1,12.3,"27,945",18.5,0%,64 : 36,both
1435,Université Frères Mentouri Constantine 1,Algeria,19.4,16.0,21.0,32.6,8.1,12.1,"31,137",15.5,1%,64 : 36,both
1436,Université Kasdi Merbah Ouargla,Algeria,19.4,22.0,16.3,28.3,7.5,12.4,"26,744",20.8,0%,57 : 43,both
1437,Université Mouloud Mammeri de Tizi-Ouzou,Algeria,19.4,14.0,17.2,43.8,7.0,13.8,"38,930",19.9,0%,62 : 38,both
1438,Universiti Kuala Lumpur,Malaysia,19.4,28.9,21.8,33.8,7.6,16.8,"14,972",11.4,6%,43 : 57,both
1439,Universiti Teknikal Malaysia Melaka,Malaysia,19.4,27.0,21.9,36.8,9.3,14.8,"11,480",15.9,5%,38 : 62,both
1440,University Mohamed Boudiaf of M’Sila,Algeria,19.4,21.3,19.3,37.3,8.8,13.3,"33,700",18.2,1%,55 : 45,both
1441,University of Abou Bekr Belkaïd Tlemcen,Algeria,19.4,17.3,19.3,33.9,9.2,15.3,"39,934",16.8,1%,59 : 41,both
1442,University of Basrah,Iraq,19.4,29.9,18.6,30.6,7.7,13.4,"50,118",15.7,0%,64 : 36,both
1443,University of Batna 2,Algeria,19.4,13.0,16.6,29.1,7.4,13.2,"24,509",20.5,1%,55 : 45,both
1444,University of Bío-Bío,Chile,19.4,17.8,25.4,45.8,8.0,7.6,"11,689",23.5,1%,43 : 57,both
1445,University of Brawijaya,Indonesia,19.4,14.4,21.6,30.1,7.9,13.7,"54,657",14.1,1%,60 : 40,both
1446,University of Costa Rica,Costa Rica,19.4,20.1,11.1,45.0,7.4,12.1,"33,357",13.9,2%,53 : 47,both
1447,University of Craiova,Romania,19.4,24.6,19.4,22.5,9.4,10.2,"16,537",20.8,4%,52 : 48,both
1448,University of Fukui,Japan,19.4,11.3,39.9,32.8,10.7,15.9,"4,798",7.5,3%,30 : 70,both
1449,University of Guadalajara,Mexico,19.4,16.0,20.3,29.6,6.6,9.6,"142,714",20.0,0%,55 : 45,both
1450,University of Guanajuato,Mexico,19.4,15.3,23.0,30.0,7.1,12.4,"30,903",20.4,1%,55 : 45,both
1451,University of Hyogo,Japan,19.4,11.5,72.4,19.8,12.1,12.8,"6,542",12.5,3%,41 : 59,both
1452,University of Ibadan,Nigeria,19.4,24.1,19.9,43.0,8.4,17.2,"37,598",17.9,1%,51 : 49,both
1453,University of Jijel,Algeria,19.4,27.3,18.2,36.3,7.3,13.7,"24,366",22.6,0%,71 : 29,both
1454,University of Kerbala,Iraq,19.4,19.2,16.2,32.5,6.5,14.4,"23,299",15.3,0%,51 : 49,both
1455,University of La Frontera,Chile,19.4,20.6,21.1,47.0,7.7,7.5,"11,847",23.0,0%,50 : 50,both
1456,University of Laghouat,Algeria,19.4,19.8,16.4,39.6,7.1,16.4,"29,898",28.7,0%,47 : 53,both
1457,University of Las Palmas de Gran Canaria,Spain,19.4,25.9,28.7,40.7,8.6,12.6,"15,862",17.1,8%,58 : 42,both
1458,University of Mauritius,Mauritius,19.4,20.0,29.4,27.4,9.1,12.1,"9,070",25.9,9%,59 : 41,both
1459,University of Miyazaki,Japan,19.4,18.1,33.5,25.9,8.9,9.6,"5,414",7.5,3%,36 : 64,both
1460,University of Montenegro,Montenegro,19.4,27.0,30.8,43.4,8.2,7.9,"15,705",21.0,2%,59 : 41,both
1461,University of Mosul,Iraq,19.4,14.4,36.0,22.6,8.2,15.3,"59,475",17.9,0%,51 : 49,both
1462,University of Novi Sad,Serbia,19.4,23.5,28.6,39.8,7.6,12.0,"49,225",14.5,6%,58 : 42,both
1463,University of Oradea,Romania,19.4,28.5,17.4,31.2,8.0,11.9,"18,253",19.6,5%,56 : 44,both
1464,University of Oum El Bouaghi,Algeria,19.4,23.9,22.8,34.7,8.6,17.7,"12,828",11.7,0%,66 : 34,both
1465,University of Pardubice,Czechia,19.4,16.4,29.9,42.9,11.2,17.9,"7,164",12.8,9%,56 : 44,both
1466,University of Pécs,Hungary,19.4,14.5,21.2,54.4,12.9,12.8,"15,401",14.5,24%,59 : 41,both
1467,University of Port Harcourt,Nigeria,19.4,16.0,18.3,29.5,7.6,11.8,"33,012",23.5,0%,54 : 46,both
1468,University of Rijeka,Croatia,19.4,27.5,23.5,24.2,9.0,12.7,"12,999",15.5,3%,59 : 41,both
1469,"University of Santiago, Chile (USACH)",Chile,19.4,24.8,27.8,44.8,8.5,10.4,"25,210",19.8,3%,45 : 55,both
1470,University of Sarajevo,Bosnia and Herzegovina,19.4,20.4,26.5,25.4,7.6,11.7,"22,458",13.5,4%,65 : 35,both
1471,University of Science and Technology of Oran Mohamed-Boudiaf,Algeria,19.4,12.9,16.7,31.5,7.4,15.3,"18,552",9.6,1%,50 : 50,both
1472,University of Sciences and Technology Houari Boumediene,Algeria,19.4,20.2,25.3,34.7,8.5,11.4,"39,888",20.0,0%,47 : 53,both
1473,University of Sonora,Mexico,19.4,12.4,47.4,28.0,6.7,9.7,"35,094",27.0,1%,58 : 42,both
1474,University of Texas Rio Grande Valley,United States,19.4,27.1,21.0,52.7,8.4,11.0,"27,613",20.4,3%,61 : 39,both
1475,University of the Philippines,Philippines,19.4,24.1,31.8,34.8,11.3,13.8,"54,781",11.1,0%,60 : 40,both
1476,University of Thi-Qar,Iraq,19.4,21.6,15.8,37.9,6.6,13.8,"20,728",13.7,0%,62 : 38,both
1477,University of Warmia and Mazury in Olsztyn,Poland,19.4,26.7,23.0,22.3,9.8,13.0,"16,211",18.0,3%,61 : 39,both
1478,University of Yamanashi,Japan,19.4,14.8,49.0,33.3,10.7,17.3,"4,621",6.0,6%,31 : 69,both
1479,Utsunomiya University,Japan,19.4,10.9,37.0,24.1,10.4,14.1,"4,840",14.2,5%,37 : 63,both
1480,Volgograd State Technical University,Russian Federation,19.4,10.6,16.7,27.3,8.5,13.5,"11,918",13.2,12%,31 : 69,both
1481,Voronezh State Technical University,Russian Federation,19.4,25.9,17.4,26.0,7.1,13.2,"10,528",12.8,8%,36 : 64,both
1482,Voronezh State University,Russian Federation,19.4,12.4,19.0,33.6,11.5,19.9,"17,966",11.1,13%,49 : 51,both
1483,Warsaw University of Life Sciences – SGGW,Poland,19.4,30.4,21.5,30.5,9.9,14.5,"16,713",13.7,8%,59 : 41,both
1484,Wrocław University of Environmental and Life Sciences,Poland,19.4,22.7,26.0,29.6,14.3,13.1,"6,523",14.8,5%,67 : 33,both
1485,Yanbian University,China,19.4,22.8,22.9,26.5,7.6,7.5,"26,717",19.2,0%,57 : 43,both
1486,Yuriy Fedkovych Chernivtsi National University,Ukraine,19.4,10.3,21.3,30.7,8.5,12.4,"12,377",12.5,1%,49 : 51,both
